2026-07-15 22:12:14,430 INFO: HTTP Request: POST http://127.0.0.1:11434/api/chat "HTTP/1.1 200 OK"
2026-07-15 22:15:43,277 INFO: HTTP Request: POST http://127.0.0.1:11434/api/chat "HTTP/1.1 200 OK"
2026-07-15 22:15:43,323 INFO: Could not import comtypes.gen, trying to create it.
2026-07-15 22:15:43,324 INFO: Created comtypes.gen directory: 'C:\Users\kumar\roha-ai\.venv\Lib\site-packages\comtypes\gen'
2026-07-15 22:15:43,324 INFO: Writing __init__.py file: 'C:\Users\kumar\roha-ai\.venv\Lib\site-packages\comtypes\gen\__init__.py'
2026-07-15 22:15:43,326 INFO: Using writeable comtypes cache directory: 'C:\Users\kumar\roha-ai\.venv\Lib\site-packages\comtypes\gen'
2026-07-15 22:15:43,346 INFO: Could not import comtypes.gen._C866CA3A_32F7_11D2_9602_00C04F8EE628_0_5_4: No module named 'comtypes.gen._C866CA3A_32F7_11D2_9602_00C04F8EE628_0_5_4'
2026-07-15 22:15:43,352 INFO: # Generating comtypes.gen._C866CA3A_32F7_11D2_9602_00C04F8EE628_0_5_4
2026-07-15 22:15:43,418 INFO: # Generating comtypes.gen.SpeechLib
2026-07-15 22:15:43,425 INFO: Could not import comtypes.gen._00020430_0000_0000_C000_000000000046_0_2_0: No module named 'comtypes.gen._00020430_0000_0000_C000_000000000046_0_2_0'
2026-07-15 22:15:43,426 INFO: # Generating comtypes.gen._00020430_0000_0000_C000_000000000046_0_2_0
2026-07-15 22:15:43,431 INFO: # Generating comtypes.gen.stdole
2026-07-15 22:24:17,763 INFO: HTTP Request: POST http://127.0.0.1:11434/api/chat "HTTP/1.1 200 OK"
2026-07-15 22:24:17,809 INFO: Imported existing <module 'comtypes.gen' from 'C:\\Users\\kumar\\roha-ai\\.venv\\Lib\\site-packages\\comtypes\\gen\\__init__.py'>
2026-07-15 22:24:17,809 INFO: Using writeable comtypes cache directory: 'C:\Users\kumar\roha-ai\.venv\Lib\site-packages\comtypes\gen'
2026-07-15 22:24:56,942 INFO: HTTP Request: POST http://127.0.0.1:11434/api/chat "HTTP/1.1 200 OK"
2026-07-15 22:31:15,061 INFO: Imported existing <module 'comtypes.gen' from 'C:\\Users\\kumar\\roha-ai\\.venv\\Lib\\site-packages\\comtypes\\gen\\__init__.py'>
2026-07-15 22:31:15,062 INFO: Using writeable comtypes cache directory: 'C:\Users\kumar\roha-ai\.venv\Lib\site-packages\comtypes\gen'
2026-07-15 22:31:15,142 INFO: TTS initialized
2026-07-15 22:31:27,207 INFO: HTTP Request: POST http://127.0.0.1:11434/api/chat "HTTP/1.1 200 OK"
2026-07-15 22:32:31,995 INFO: Imported existing <module 'comtypes.gen' from 'C:\\Users\\kumar\\roha-ai\\.venv\\Lib\\site-packages\\comtypes\\gen\\__init__.py'>
2026-07-15 22:32:31,996 INFO: Using writeable comtypes cache directory: 'C:\Users\kumar\roha-ai\.venv\Lib\site-packages\comtypes\gen'
2026-07-15 22:32:32,074 INFO: TTS initialized
2026-07-15 22:32:37,856 INFO: HTTP Request: POST http://127.0.0.1:11434/api/chat "HTTP/1.1 200 OK"
2026-07-15 22:35:28,418 INFO: Imported existing <module 'comtypes.gen' from 'C:\\Users\\kumar\\roha-ai\\.venv\\Lib\\site-packages\\comtypes\\gen\\__init__.py'>
2026-07-15 22:35:28,418 INFO: Using writeable comtypes cache directory: 'C:\Users\kumar\roha-ai\.venv\Lib\site-packages\comtypes\gen'
2026-07-15 22:35:28,499 INFO: TTS initialized
2026-07-15 22:35:35,075 INFO: HTTP Request: POST http://127.0.0.1:11434/api/chat "HTTP/1.1 200 OK"
2026-07-15 22:36:06,051 INFO: HTTP Request: POST http://127.0.0.1:11434/api/chat "HTTP/1.1 200 OK"
2026-07-15 22:40:30,764 INFO: Imported existing <module 'comtypes.gen' from 'C:\\Users\\kumar\\roha-ai\\.venv\\Lib\\site-packages\\comtypes\\gen\\__init__.py'>
2026-07-15 22:40:30,764 INFO: Using writeable comtypes cache directory: 'C:\Users\kumar\roha-ai\.venv\Lib\site-packages\comtypes\gen'
2026-07-15 22:40:30,848 INFO: TTS engine ready on worker thread
2026-07-15 22:40:30,848 INFO: TTS initialized
2026-07-15 22:40:35,191 INFO: HTTP Request: POST http://127.0.0.1:11434/api/chat "HTTP/1.1 200 OK"
2026-07-15 22:49:43,273 INFO: TTS shut down
2026-07-15 23:04:42,570 INFO: Imported existing <module 'comtypes.gen' from 'C:\\Users\\kumar\\roha-ai\\.venv\\Lib\\site-packages\\comtypes\\gen\\__init__.py'>
2026-07-15 23:04:42,571 INFO: Using writeable comtypes cache directory: 'C:\Users\kumar\roha-ai\.venv\Lib\site-packages\comtypes\gen'
2026-07-15 23:04:42,703 INFO: TTS engine ready on worker thread
2026-07-15 23:04:42,703 INFO: TTS initialized
2026-07-15 23:04:53,757 INFO: HTTP Request: POST http://127.0.0.1:11434/api/chat "HTTP/1.1 200 OK"
2026-07-15 23:04:53,773 INFO: TTS enqueued 34 chars (queue size=1)
2026-07-15 23:05:31,568 INFO: TTS shut down
2026-07-15 23:06:48,808 INFO: Imported existing <module 'comtypes.gen' from 'C:\\Users\\kumar\\roha-ai\\.venv\\Lib\\site-packages\\comtypes\\gen\\__init__.py'>
2026-07-15 23:06:48,808 INFO: Using writeable comtypes cache directory: 'C:\Users\kumar\roha-ai\.venv\Lib\site-packages\comtypes\gen'
2026-07-15 23:06:48,930 INFO: TTS engine ready on worker thread
2026-07-15 23:06:48,931 INFO: TTS initialized
2026-07-15 23:06:53,331 INFO: HTTP Request: POST http://127.0.0.1:11434/api/chat "HTTP/1.1 200 OK"
2026-07-15 23:06:53,348 INFO: TTS enqueued 34 chars (queue size=1)
2026-07-15 23:10:11,657 INFO: TTS shut down
2026-07-15 23:10:51,027 INFO: Imported existing <module 'comtypes.gen' from 'C:\\Users\\kumar\\roha-ai\\.venv\\Lib\\site-packages\\comtypes\\gen\\__init__.py'>
2026-07-15 23:10:51,028 INFO: Using writeable comtypes cache directory: 'C:\Users\kumar\roha-ai\.venv\Lib\site-packages\comtypes\gen'
2026-07-15 23:10:51,145 INFO: TTS engine ready on worker thread
2026-07-15 23:10:51,146 INFO: TTS worker loop starting
2026-07-15 23:10:51,146 INFO: TTS initialized
2026-07-15 23:10:55,816 INFO: HTTP Request: POST http://127.0.0.1:11434/api/chat "HTTP/1.1 200 OK"
2026-07-15 23:10:55,832 INFO: TTS enqueued 34 chars (queue size=1)
2026-07-15 23:10:55,832 INFO: TTS speaking (chars=34)
2026-07-15 23:10:55,833 INFO: TTS status after enqueue: {'enabled': True, 'engine': True, 'worker_alive': True, 'queue_size': 0}
2026-07-15 23:10:59,387 INFO: TTS finished speaking
2026-07-15 23:15:37,989 INFO: Imported existing <module 'comtypes.gen' from 'C:\\Users\\kumar\\roha-ai\\.venv\\Lib\\site-packages\\comtypes\\gen\\__init__.py'>
2026-07-15 23:15:37,989 INFO: Using writeable comtypes cache directory: 'C:\Users\kumar\roha-ai\.venv\Lib\site-packages\comtypes\gen'
2026-07-15 23:15:38,119 INFO: TTS engine ready on worker thread
2026-07-15 23:15:38,119 INFO: TTS worker loop starting
2026-07-15 23:15:38,120 INFO: TTS initialized
2026-07-15 23:15:51,004 INFO: HTTP Request: POST http://127.0.0.1:11434/api/chat "HTTP/1.1 200 OK"
2026-07-15 23:15:51,009 INFO: TTS enqueued 34 chars (queue size=1)
2026-07-15 23:15:51,009 INFO: TTS speaking (chars=34)
2026-07-15 23:15:51,009 INFO: TTS status after enqueue: {'enabled': True, 'engine': True, 'worker_alive': True, 'queue_size': 0}
2026-07-15 23:15:54,425 INFO: TTS finished speaking
2026-07-15 23:16:12,833 INFO: HTTP Request: POST http://127.0.0.1:11434/api/chat "HTTP/1.1 200 OK"
2026-07-15 23:16:12,897 INFO: TTS enqueued 354 chars (queue size=1)
2026-07-15 23:16:12,897 INFO: TTS speaking (chars=354)
2026-07-15 23:16:12,897 INFO: TTS status after enqueue: {'enabled': True, 'engine': True, 'worker_alive': True, 'queue_size': 0}
2026-07-15 23:16:13,194 INFO: TTS finished speaking
2026-07-15 23:16:30,589 INFO: TTS worker received shutdown signal
2026-07-15 23:16:30,590 INFO: TTS shut down
2026-07-15 23:16:38,918 INFO: Imported existing <module 'comtypes.gen' from 'C:\\Users\\kumar\\roha-ai\\.venv\\Lib\\site-packages\\comtypes\\gen\\__init__.py'>
2026-07-15 23:16:38,918 INFO: Using writeable comtypes cache directory: 'C:\Users\kumar\roha-ai\.venv\Lib\site-packages\comtypes\gen'
2026-07-15 23:16:39,040 INFO: TTS engine ready on worker thread
2026-07-15 23:16:39,041 INFO: TTS worker loop starting
2026-07-15 23:16:39,041 INFO: TTS initialized
2026-07-15 23:16:45,812 INFO: HTTP Request: POST http://127.0.0.1:11434/api/chat "HTTP/1.1 200 OK"
2026-07-15 23:16:45,833 INFO: TTS enqueued 34 chars (queue size=1)
2026-07-15 23:16:45,833 INFO: TTS speaking (chars=34)
2026-07-15 23:16:45,834 INFO: TTS status after enqueue: {'enabled': True, 'engine': True, 'worker_alive': True, 'queue_size': 0}
2026-07-15 23:16:49,004 INFO: TTS finished speaking
2026-07-15 23:16:59,285 INFO: HTTP Request: POST http://127.0.0.1:11434/api/chat "HTTP/1.1 200 OK"
2026-07-15 23:16:59,304 INFO: TTS enqueued 46 chars (queue size=1)
2026-07-15 23:16:59,304 INFO: TTS speaking (chars=46)
2026-07-15 23:16:59,304 INFO: TTS status after enqueue: {'enabled': True, 'engine': True, 'worker_alive': True, 'queue_size': 0}
2026-07-15 23:16:59,602 INFO: TTS finished speaking
2026-07-15 23:17:12,112 INFO: TTS worker received shutdown signal
2026-07-15 23:17:12,113 INFO: TTS shut down
2026-07-15 23:17:23,897 INFO: Imported existing <module 'comtypes.gen' from 'C:\\Users\\kumar\\roha-ai\\.venv\\Lib\\site-packages\\comtypes\\gen\\__init__.py'>
2026-07-15 23:17:23,898 INFO: Using writeable comtypes cache directory: 'C:\Users\kumar\roha-ai\.venv\Lib\site-packages\comtypes\gen'
2026-07-15 23:17:24,026 INFO: TTS engine ready on worker thread
2026-07-15 23:17:24,026 INFO: TTS worker loop starting
2026-07-15 23:17:24,027 INFO: TTS initialized
2026-07-15 23:17:37,417 INFO: HTTP Request: POST http://127.0.0.1:11434/api/chat "HTTP/1.1 200 OK"
2026-07-15 23:17:37,433 INFO: TTS enqueued 304 chars (queue size=1)
2026-07-15 23:17:37,433 INFO: TTS speaking (chars=304)
2026-07-15 23:17:37,433 INFO: TTS status after enqueue: {'enabled': True, 'engine': True, 'worker_alive': True, 'queue_size': 0}
2026-07-15 23:17:53,124 INFO: TTS finished speaking
2026-07-15 23:18:07,877 INFO: HTTP Request: POST http://127.0.0.1:11434/api/chat "HTTP/1.1 200 OK"
2026-07-15 23:18:07,896 INFO: TTS enqueued 301 chars (queue size=1)
2026-07-15 23:18:07,896 INFO: TTS speaking (chars=301)
2026-07-15 23:18:07,897 INFO: TTS status after enqueue: {'enabled': True, 'engine': True, 'worker_alive': True, 'queue_size': 0}
2026-07-15 23:18:08,219 INFO: TTS finished speaking
2026-07-15 23:18:51,128 INFO: TTS worker received shutdown signal
2026-07-15 23:18:51,130 INFO: TTS shut down
2026-07-15 23:22:59,776 INFO: Imported existing <module 'comtypes.gen' from 'C:\\Users\\kumar\\roha-ai\\.venv\\Lib\\site-packages\\comtypes\\gen\\__init__.py'>
2026-07-15 23:22:59,776 INFO: Using writeable comtypes cache directory: 'C:\Users\kumar\roha-ai\.venv\Lib\site-packages\comtypes\gen'
2026-07-15 23:22:59,893 INFO: TTS engine ready on worker thread
2026-07-15 23:22:59,893 INFO: TTS worker loop starting
2026-07-15 23:22:59,893 INFO: TTS initialized
2026-07-15 23:23:04,215 INFO: HTTP Request: POST http://127.0.0.1:11434/api/chat "HTTP/1.1 200 OK"
2026-07-15 23:23:04,235 INFO: TTS enqueued 34 chars (queue size=1)
2026-07-15 23:23:04,235 INFO: TTS speaking (chars=34)
2026-07-15 23:23:04,235 INFO: TTS status after enqueue: {'enabled': True, 'engine': True, 'worker_alive': True, 'queue_size': 0}
2026-07-15 23:23:07,435 INFO: TTS finished speaking
2026-07-15 23:23:24,121 INFO: HTTP Request: POST http://127.0.0.1:11434/api/chat "HTTP/1.1 200 OK"
2026-07-15 23:23:24,127 INFO: TTS enqueued 433 chars (queue size=1)
2026-07-15 23:23:24,127 INFO: TTS speaking (chars=433)
2026-07-15 23:23:24,127 INFO: TTS status after enqueue: {'enabled': True, 'engine': True, 'worker_alive': True, 'queue_size': 0}
2026-07-15 23:23:24,432 INFO: TTS finished speaking
2026-07-15 23:23:48,628 INFO: TTS worker received shutdown signal
2026-07-15 23:23:48,629 INFO: TTS shut down
2026-07-15 23:26:54,896 INFO: Imported existing <module 'comtypes.gen' from 'C:\\Users\\kumar\\roha-ai\\.venv\\Lib\\site-packages\\comtypes\\gen\\__init__.py'>
2026-07-15 23:26:54,897 INFO: Using writeable comtypes cache directory: 'C:\Users\kumar\roha-ai\.venv\Lib\site-packages\comtypes\gen'
2026-07-15 23:26:55,020 INFO: TTS engine ready on worker thread
2026-07-15 23:26:55,020 INFO: TTS worker loop starting
2026-07-15 23:26:55,020 INFO: TTS initialized
2026-07-15 23:27:02,305 INFO: HTTP Request: POST http://127.0.0.1:11434/api/chat "HTTP/1.1 200 OK"
2026-07-15 23:27:02,327 INFO: TTS enqueued 34 chars (queue size=1)
2026-07-15 23:27:02,328 INFO: TTS speaking (chars=34)
2026-07-15 23:27:05,514 INFO: TTS finished speaking
2026-07-15 23:27:05,515 INFO: TTS status after enqueue: {'enabled': True, 'engine': True, 'worker_alive': True, 'queue_size': 0}
2026-07-15 23:27:09,041 INFO: HTTP Request: POST http://127.0.0.1:11434/api/chat "HTTP/1.1 200 OK"
2026-07-15 23:27:09,050 INFO: TTS enqueued 138 chars (queue size=1)
2026-07-15 23:27:09,050 INFO: TTS speaking (chars=138)
2026-07-15 23:27:09,339 INFO: TTS finished speaking
2026-07-15 23:27:09,339 INFO: TTS status after enqueue: {'enabled': True, 'engine': True, 'worker_alive': True, 'queue_size': 0}
2026-07-15 23:27:17,740 INFO: HTTP Request: POST http://127.0.0.1:11434/api/chat "HTTP/1.1 200 OK"
2026-07-15 23:27:17,762 INFO: TTS enqueued 228 chars (queue size=1)
2026-07-15 23:27:17,762 INFO: TTS speaking (chars=228)
2026-07-15 23:27:18,059 INFO: TTS finished speaking
2026-07-15 23:27:18,059 INFO: TTS status after enqueue: {'enabled': True, 'engine': True, 'worker_alive': True, 'queue_size': 0}
2026-07-15 23:27:20,985 INFO: HTTP Request: POST http://127.0.0.1:11434/api/chat "HTTP/1.1 200 OK"
2026-07-15 23:27:21,007 INFO: TTS enqueued 90 chars (queue size=1)
2026-07-15 23:27:21,007 INFO: TTS speaking (chars=90)
2026-07-15 23:27:21,296 INFO: TTS finished speaking
2026-07-15 23:27:21,297 INFO: TTS status after enqueue: {'enabled': True, 'engine': True, 'worker_alive': True, 'queue_size': 0}
2026-07-15 23:27:26,816 INFO: TTS worker received shutdown signal
2026-07-15 23:27:26,817 INFO: TTS shut down
2026-07-15 23:29:18,482 INFO: Imported existing <module 'comtypes.gen' from 'C:\\Users\\kumar\\roha-ai\\.venv\\Lib\\site-packages\\comtypes\\gen\\__init__.py'>
2026-07-15 23:29:18,482 INFO: Using writeable comtypes cache directory: 'C:\Users\kumar\roha-ai\.venv\Lib\site-packages\comtypes\gen'
2026-07-15 23:29:18,565 INFO: TTS engine ready on worker thread
2026-07-15 23:29:18,565 INFO: TTS worker loop starting
2026-07-15 23:29:18,565 INFO: TTS initialized
2026-07-15 23:29:25,573 INFO: HTTP Request: POST http://127.0.0.1:11434/api/chat "HTTP/1.1 200 OK"
2026-07-15 23:29:25,595 INFO: TTS enqueued 34 chars (queue size=1)
2026-07-15 23:29:25,597 INFO: TTS speaking (chars=34)
2026-07-15 23:29:28,700 INFO: TTS finished speaking
2026-07-15 23:29:28,702 INFO: TTS status after enqueue: {'enabled': True, 'engine': False, 'worker_alive': True, 'queue_size': 0}
2026-07-15 23:29:31,064 INFO: HTTP Request: POST http://127.0.0.1:11434/api/chat "HTTP/1.1 200 OK"
2026-07-15 23:29:31,080 INFO: TTS enqueued 49 chars (queue size=1)
2026-07-15 23:29:31,121 INFO: TTS speaking (chars=49)
2026-07-15 23:29:34,574 INFO: TTS finished speaking
2026-07-15 23:29:34,576 INFO: TTS status after enqueue: {'enabled': True, 'engine': False, 'worker_alive': True, 'queue_size': 0}
2026-07-15 23:29:41,173 INFO: HTTP Request: POST http://127.0.0.1:11434/api/chat "HTTP/1.1 200 OK"
2026-07-15 23:29:41,190 INFO: TTS enqueued 344 chars (queue size=1)
2026-07-15 23:29:41,219 INFO: TTS speaking (chars=344)
2026-07-15 23:30:45,457 INFO: Imported existing <module 'comtypes.gen' from 'C:\\Users\\kumar\\roha-ai\\.venv\\Lib\\site-packages\\comtypes\\gen\\__init__.py'>
2026-07-15 23:30:45,458 INFO: Using writeable comtypes cache directory: 'C:\Users\kumar\roha-ai\.venv\Lib\site-packages\comtypes\gen'
2026-07-15 23:30:45,533 INFO: TTS engine ready on worker thread
2026-07-15 23:30:45,533 INFO: TTS worker loop starting
2026-07-15 23:30:45,533 INFO: TTS initialized
2026-07-15 23:30:50,405 INFO: HTTP Request: POST http://127.0.0.1:11434/api/chat "HTTP/1.1 200 OK"
2026-07-15 23:30:50,422 INFO: TTS enqueued 34 chars (queue size=1)
2026-07-15 23:30:50,423 INFO: TTS speaking (chars=34)
2026-07-15 23:30:53,537 INFO: TTS finished speaking
2026-07-15 23:30:53,542 INFO: TTS status after enqueue: {'enabled': True, 'engine': False, 'worker_alive': True, 'queue_size': 0}
2026-07-15 23:31:05,407 INFO: HTTP Request: POST http://127.0.0.1:11434/api/chat "HTTP/1.1 200 OK"
2026-07-15 23:31:05,415 INFO: TTS enqueued 379 chars (queue size=1)
2026-07-15 23:31:05,448 INFO: TTS speaking (chars=379)
2026-07-15 23:31:25,332 INFO: TTS finished speaking
2026-07-15 23:31:25,337 INFO: TTS status after enqueue: {'enabled': True, 'engine': False, 'worker_alive': True, 'queue_size': 0}
2026-07-15 23:31:49,132 INFO: HTTP Request: POST http://127.0.0.1:11434/api/chat "HTTP/1.1 200 OK"
2026-07-15 23:31:49,148 INFO: TTS enqueued 401 chars (queue size=1)
2026-07-15 23:31:49,184 INFO: TTS speaking (chars=401)
2026-07-15 23:32:10,695 INFO: TTS finished speaking
2026-07-15 23:32:10,701 INFO: TTS status after enqueue: {'enabled': True, 'engine': False, 'worker_alive': True, 'queue_size': 0}
2026-07-15 23:33:56,751 INFO: TTS worker received shutdown signal
2026-07-15 23:33:56,752 INFO: TTS shut down
2026-07-15 23:34:12,662 INFO: Imported existing <module 'comtypes.gen' from 'C:\\Users\\kumar\\roha-ai\\.venv\\Lib\\site-packages\\comtypes\\gen\\__init__.py'>
2026-07-15 23:34:12,662 INFO: Using writeable comtypes cache directory: 'C:\Users\kumar\roha-ai\.venv\Lib\site-packages\comtypes\gen'
2026-07-15 23:34:12,741 INFO: TTS engine ready on worker thread
2026-07-15 23:34:12,741 INFO: TTS worker loop starting
2026-07-15 23:34:12,741 INFO: TTS initialized
2026-07-15 23:34:18,772 INFO: HTTP Request: POST http://127.0.0.1:11434/api/chat "HTTP/1.1 200 OK"
2026-07-15 23:34:18,787 INFO: TTS enqueued 34 chars (queue size=1)
2026-07-15 23:34:18,788 INFO: TTS speaking (chars=34)
2026-07-15 23:34:21,964 INFO: TTS finished speaking
2026-07-15 23:34:21,966 INFO: TTS status after enqueue: {'enabled': True, 'engine': False, 'worker_alive': True, 'queue_size': 0}
2026-07-15 23:34:37,927 INFO: HTTP Request: POST http://127.0.0.1:11434/api/chat "HTTP/1.1 200 OK"
2026-07-15 23:34:37,933 INFO: TTS enqueued 145 chars (queue size=1)
2026-07-15 23:34:37,965 INFO: TTS speaking (chars=145)
2026-07-15 23:34:47,925 INFO: TTS finished speaking
2026-07-15 23:34:47,929 INFO: TTS status after enqueue: {'enabled': True, 'engine': False, 'worker_alive': True, 'queue_size': 0}
2026-07-15 23:36:12,663 INFO: TTS worker received shutdown signal
2026-07-15 23:36:12,664 INFO: TTS shut down
2026-07-15 23:37:40,414 INFO: Imported existing <module 'comtypes.gen' from 'C:\\Users\\kumar\\roha-ai\\.venv\\Lib\\site-packages\\comtypes\\gen\\__init__.py'>
2026-07-15 23:37:40,414 INFO: Using writeable comtypes cache directory: 'C:\Users\kumar\roha-ai\.venv\Lib\site-packages\comtypes\gen'
2026-07-15 23:37:40,494 INFO: TTS engine ready on worker thread
2026-07-15 23:37:40,494 INFO: TTS worker loop starting
2026-07-15 23:37:40,494 INFO: TTS initialized
2026-07-15 23:37:44,438 INFO: HTTP Request: POST http://127.0.0.1:11434/api/chat "HTTP/1.1 200 OK"
2026-07-15 23:37:44,455 INFO: TTS enqueued 34 chars (queue size=1)
2026-07-15 23:37:44,456 INFO: TTS speaking (chars=34)
2026-07-15 23:37:47,566 INFO: TTS finished speaking
2026-07-15 23:37:47,571 INFO: TTS status after enqueue: {'enabled': True, 'engine': False, 'worker_alive': True, 'queue_size': 0}
2026-07-15 23:38:04,831 INFO: HTTP Request: POST http://127.0.0.1:11434/api/chat "HTTP/1.1 200 OK"
2026-07-15 23:38:04,837 INFO: TTS enqueued 128 chars (queue size=1)
2026-07-15 23:38:04,874 INFO: TTS speaking (chars=128)
2026-07-15 23:38:13,076 INFO: TTS finished speaking
2026-07-15 23:38:13,078 INFO: TTS status after enqueue: {'enabled': True, 'engine': False, 'worker_alive': True, 'queue_size': 0}
2026-07-15 23:41:37,431 INFO: TTS worker received shutdown signal
2026-07-15 23:41:37,432 INFO: TTS shut down
2026-07-15 23:42:26,429 INFO: Imported existing <module 'comtypes.gen' from 'C:\\Users\\kumar\\roha-ai\\.venv\\Lib\\site-packages\\comtypes\\gen\\__init__.py'>
2026-07-15 23:42:26,429 INFO: Using writeable comtypes cache directory: 'C:\Users\kumar\roha-ai\.venv\Lib\site-packages\comtypes\gen'
2026-07-15 23:42:26,507 INFO: TTS engine ready on worker thread
2026-07-15 23:42:26,507 INFO: TTS worker loop starting
2026-07-15 23:42:26,508 INFO: TTS initialized
2026-07-15 23:42:32,567 INFO: HTTP Request: POST http://127.0.0.1:11434/api/chat "HTTP/1.1 200 OK"
2026-07-15 23:42:32,588 INFO: TTS enqueued 34 chars (queue size=1)
2026-07-15 23:42:32,590 INFO: TTS speaking (chars=34)
2026-07-15 23:42:35,705 INFO: TTS finished speaking
2026-07-15 23:42:35,710 INFO: TTS status after enqueue: {'enabled': True, 'engine': False, 'worker_alive': True, 'queue_size': 0}
2026-07-15 23:42:51,054 INFO: HTTP Request: POST http://127.0.0.1:11434/api/chat "HTTP/1.1 200 OK"
2026-07-15 23:42:51,073 INFO: TTS enqueued 132 chars (queue size=1)
2026-07-15 23:42:51,101 INFO: TTS speaking (chars=132)
2026-07-15 23:42:59,671 INFO: TTS finished speaking
2026-07-15 23:42:59,678 INFO: TTS status after enqueue: {'enabled': True, 'engine': False, 'worker_alive': True, 'queue_size': 0}
2026-07-15 23:47:03,372 INFO: TTS worker received shutdown signal
2026-07-15 23:47:03,373 INFO: TTS shut down
2026-07-16 19:12:35,021 INFO: Imported existing <module 'comtypes.gen' from 'C:\\Users\\kumar\\roha-ai\\.venv\\Lib\\site-packages\\comtypes\\gen\\__init__.py'>
2026-07-16 19:12:35,021 INFO: Using writeable comtypes cache directory: 'C:\Users\kumar\roha-ai\.venv\Lib\site-packages\comtypes\gen'
2026-07-16 19:12:35,100 INFO: Could not import comtypes.gen._C866CA3A_32F7_11D2_9602_00C04F8EE628_0_5_4: Typelib different than module
2026-07-16 19:12:35,105 INFO: # Generating comtypes.gen._C866CA3A_32F7_11D2_9602_00C04F8EE628_0_5_4
2026-07-16 19:12:35,184 INFO: # Generating comtypes.gen.SpeechLib
2026-07-16 19:12:35,629 INFO: TTS engine ready on worker thread
2026-07-16 19:12:35,629 INFO: TTS worker loop starting
2026-07-16 19:12:35,630 INFO: TTS initialized
2026-07-16 19:12:48,310 INFO: HTTP Request: POST http://127.0.0.1:11434/api/chat "HTTP/1.1 200 OK"
2026-07-16 19:12:48,331 INFO: TTS enqueued 34 chars (queue size=1)
2026-07-16 19:12:48,336 INFO: TTS speaking (chars=34)
2026-07-16 19:12:51,988 INFO: TTS finished speaking
2026-07-16 19:12:51,991 INFO: TTS status after enqueue: {'enabled': True, 'engine': False, 'worker_alive': True, 'queue_size': 0}
2026-07-16 19:13:39,528 INFO: HTTP Request: POST http://127.0.0.1:11434/api/chat "HTTP/1.1 200 OK"
2026-07-16 19:13:39,553 INFO: TTS enqueued 426 chars (queue size=1)
2026-07-16 19:13:39,593 INFO: TTS speaking (chars=426)
2026-07-16 19:14:02,517 INFO: TTS finished speaking
2026-07-16 19:14:02,525 INFO: TTS status after enqueue: {'enabled': True, 'engine': False, 'worker_alive': True, 'queue_size': 0}
2026-07-16 19:14:19,349 INFO: HTTP Request: POST http://127.0.0.1:11434/api/chat "HTTP/1.1 200 OK"
2026-07-16 19:14:19,367 INFO: TTS enqueued 561 chars (queue size=1)
2026-07-16 19:14:19,404 INFO: TTS speaking (chars=561)
2026-07-16 19:14:50,053 INFO: TTS finished speaking
2026-07-16 19:14:50,060 INFO: TTS status after enqueue: {'enabled': True, 'engine': False, 'worker_alive': True, 'queue_size': 0}
2026-07-16 19:15:04,555 INFO: HTTP Request: POST http://127.0.0.1:11434/api/chat "HTTP/1.1 200 OK"
2026-07-16 19:15:04,569 INFO: TTS enqueued 147 chars (queue size=1)
2026-07-16 19:15:04,607 INFO: TTS speaking (chars=147)
2026-07-16 19:15:15,533 INFO: TTS finished speaking
2026-07-16 19:15:15,539 INFO: TTS status after enqueue: {'enabled': True, 'engine': False, 'worker_alive': True, 'queue_size': 0}
2026-07-16 19:15:28,661 INFO: TTS worker received shutdown signal
2026-07-16 19:15:28,662 INFO: TTS shut down
2026-07-16 19:20:10,331 INFO: Imported existing <module 'comtypes.gen' from 'C:\\Users\\kumar\\roha-ai\\.venv\\Lib\\site-packages\\comtypes\\gen\\__init__.py'>
2026-07-16 19:20:10,332 INFO: Using writeable comtypes cache directory: 'C:\Users\kumar\roha-ai\.venv\Lib\site-packages\comtypes\gen'
2026-07-16 19:20:23,978 INFO: Previewing voice: HKEY_LOCAL_MACHINE\SOFTWARE\Microsoft\Speech\Voices\Tokens\TTS_MS_EN-US_DAVID_11.0
2026-07-16 19:20:36,523 INFO: Previewing voice: HKEY_LOCAL_MACHINE\SOFTWARE\Microsoft\Speech\Voices\Tokens\TTS_MS_EN-US_ZIRA_11.0
2026-07-16 19:20:45,525 INFO: TTS engine ready on worker thread
2026-07-16 19:20:45,525 INFO: TTS worker loop starting
2026-07-16 19:20:45,525 INFO: TTS initialized
2026-07-16 19:23:07,606 INFO: TTS worker received shutdown signal
2026-07-16 19:23:07,607 INFO: TTS shut down
2026-07-16 19:23:18,065 INFO: Imported existing <module 'comtypes.gen' from 'C:\\Users\\kumar\\roha-ai\\.venv\\Lib\\site-packages\\comtypes\\gen\\__init__.py'>
2026-07-16 19:23:18,065 INFO: Using writeable comtypes cache directory: 'C:\Users\kumar\roha-ai\.venv\Lib\site-packages\comtypes\gen'
2026-07-16 19:23:21,887 INFO: Previewing voice: HKEY_LOCAL_MACHINE\SOFTWARE\Microsoft\Speech\Voices\Tokens\TTS_MS_EN-US_ZIRA_11.0
2026-07-16 19:23:31,854 INFO: TTS engine ready on worker thread
2026-07-16 19:23:31,854 INFO: TTS worker loop starting
2026-07-16 19:23:31,854 INFO: TTS initialized
2026-07-16 19:23:45,824 INFO: HTTP Request: POST http://127.0.0.1:11434/api/chat "HTTP/1.1 200 OK"
2026-07-16 19:23:45,840 INFO: TTS enqueued 34 chars (queue size=1)
2026-07-16 19:23:45,843 INFO: TTS speaking (chars=34)
2026-07-16 19:23:49,760 INFO: TTS finished speaking
2026-07-16 19:23:49,767 INFO: TTS status after enqueue: {'enabled': True, 'engine': False, 'worker_alive': True, 'queue_size': 0}
2026-07-16 19:24:04,077 INFO: HTTP Request: POST http://127.0.0.1:11434/api/chat "HTTP/1.1 200 OK"
2026-07-16 19:24:04,084 INFO: TTS enqueued 148 chars (queue size=1)
2026-07-16 19:24:04,124 INFO: TTS speaking (chars=148)
2026-07-16 19:24:13,829 INFO: TTS finished speaking
2026-07-16 19:24:13,837 INFO: TTS status after enqueue: {'enabled': True, 'engine': False, 'worker_alive': True, 'queue_size': 0}
2026-07-16 19:24:23,649 INFO: TTS worker received shutdown signal
2026-07-16 19:24:23,650 INFO: TTS shut down
2026-07-16 19:26:03,175 INFO: Imported existing <module 'comtypes.gen' from 'C:\\Users\\kumar\\roha-ai\\.venv\\Lib\\site-packages\\comtypes\\gen\\__init__.py'>
2026-07-16 19:26:03,175 INFO: Using writeable comtypes cache directory: 'C:\Users\kumar\roha-ai\.venv\Lib\site-packages\comtypes\gen'
2026-07-16 19:26:03,341 INFO: TTS engine ready on worker thread
2026-07-16 19:26:03,341 INFO: TTS worker loop starting
2026-07-16 19:26:03,342 INFO: TTS initialized
2026-07-16 19:26:08,055 INFO: HTTP Request: POST http://127.0.0.1:11434/api/chat "HTTP/1.1 200 OK"
2026-07-16 19:26:08,072 INFO: TTS enqueued 34 chars (queue size=1)
2026-07-16 19:26:08,074 INFO: TTS speaking (chars=34)
2026-07-16 19:26:12,012 INFO: TTS finished speaking
2026-07-16 19:26:12,016 INFO: TTS status after enqueue: {'enabled': True, 'engine': False, 'worker_alive': True, 'queue_size': 0}
2026-07-16 19:29:04,420 INFO: HTTP Request: POST http://127.0.0.1:11434/api/chat "HTTP/1.1 200 OK"
2026-07-16 19:29:04,437 INFO: TTS enqueued 810 chars (queue size=1)
2026-07-16 19:29:04,494 INFO: TTS speaking (chars=810)
2026-07-16 19:30:00,640 INFO: TTS finished speaking
2026-07-16 19:30:00,648 INFO: TTS status after enqueue: {'enabled': True, 'engine': False, 'worker_alive': True, 'queue_size': 0}
2026-07-16 19:30:04,447 INFO: TTS worker received shutdown signal
2026-07-16 19:30:04,447 INFO: TTS shut down
2026-07-16 19:30:14,992 INFO: Imported existing <module 'comtypes.gen' from 'C:\\Users\\kumar\\roha-ai\\.venv\\Lib\\site-packages\\comtypes\\gen\\__init__.py'>
2026-07-16 19:30:14,993 INFO: Using writeable comtypes cache directory: 'C:\Users\kumar\roha-ai\.venv\Lib\site-packages\comtypes\gen'
2026-07-16 19:30:15,148 INFO: TTS engine ready on worker thread
2026-07-16 19:30:15,148 INFO: TTS worker loop starting
2026-07-16 19:30:15,148 INFO: TTS initialized
2026-07-16 19:30:19,870 INFO: HTTP Request: POST http://127.0.0.1:11434/api/chat "HTTP/1.1 200 OK"
2026-07-16 19:30:19,885 INFO: TTS enqueued 34 chars (queue size=1)
2026-07-16 19:30:19,887 INFO: TTS speaking (chars=34)
2026-07-16 19:30:23,070 INFO: TTS finished speaking
2026-07-16 19:30:23,075 INFO: TTS status after enqueue: {'enabled': True, 'engine': False, 'worker_alive': True, 'queue_size': 0}
2026-07-16 19:30:39,447 INFO: HTTP Request: POST http://127.0.0.1:11434/api/chat "HTTP/1.1 200 OK"
2026-07-16 19:30:39,464 INFO: TTS enqueued 216 chars (queue size=1)
2026-07-16 19:30:39,507 INFO: TTS speaking (chars=216)
2026-07-16 19:30:52,005 INFO: TTS finished speaking
2026-07-16 19:30:52,010 INFO: TTS status after enqueue: {'enabled': True, 'engine': False, 'worker_alive': True, 'queue_size': 0}
2026-07-16 19:31:18,121 INFO: HTTP Request: POST http://127.0.0.1:11434/api/chat "HTTP/1.1 200 OK"
2026-07-16 19:31:18,125 INFO: TTS enqueued 45 chars (queue size=1)
2026-07-16 19:31:18,164 INFO: TTS speaking (chars=45)
2026-07-16 19:31:21,730 INFO: TTS finished speaking
2026-07-16 19:31:21,733 INFO: TTS status after enqueue: {'enabled': True, 'engine': False, 'worker_alive': True, 'queue_size': 0}
2026-07-16 19:32:33,043 INFO: TTS worker received shutdown signal
2026-07-16 19:32:33,044 INFO: TTS shut down
2026-07-16 19:32:44,421 INFO: Imported existing <module 'comtypes.gen' from 'C:\\Users\\kumar\\roha-ai\\.venv\\Lib\\site-packages\\comtypes\\gen\\__init__.py'>
2026-07-16 19:32:44,422 INFO: Using writeable comtypes cache directory: 'C:\Users\kumar\roha-ai\.venv\Lib\site-packages\comtypes\gen'
2026-07-16 19:32:44,576 INFO: TTS engine ready on worker thread
2026-07-16 19:32:44,576 INFO: TTS worker loop starting
2026-07-16 19:32:44,577 INFO: TTS initialized
2026-07-16 19:32:48,939 INFO: HTTP Request: POST http://127.0.0.1:11434/api/chat "HTTP/1.1 200 OK"
2026-07-16 19:32:48,956 INFO: TTS enqueued 34 chars (queue size=1)
2026-07-16 19:32:48,957 INFO: TTS speaking (chars=34)
2026-07-16 19:32:52,140 INFO: TTS finished speaking
2026-07-16 19:32:52,143 INFO: TTS status after enqueue: {'enabled': True, 'engine': False, 'worker_alive': True, 'queue_size': 0}
2026-07-16 19:32:56,127 INFO: TTS worker received shutdown signal
2026-07-16 19:32:56,127 INFO: TTS shut down
2026-07-16 19:34:50,214 WARNING: pyttsx3 not installed; cannot list voices
2026-07-16 19:34:50,216 WARNING: pyttsx3 not installed; TTS disabled
2026-07-16 19:34:50,216 WARNING: TTSManager created but not enabled; falling back to no TTS
2026-07-16 19:34:50,216 INFO: TTS disabled via environment
2026-07-16 19:39:03,788 INFO: Imported existing <module 'comtypes.gen' from 'c:\\Users\\kumar\\roha-ai\\.venv\\Lib\\site-packages\\comtypes\\gen\\__init__.py'>
2026-07-16 19:39:03,788 INFO: Using writeable comtypes cache directory: 'c:\Users\kumar\roha-ai\.venv\Lib\site-packages\comtypes\gen'
2026-07-16 19:39:03,989 INFO: TTS engine ready on worker thread
2026-07-16 19:39:03,989 INFO: TTS worker loop starting
2026-07-16 19:39:03,989 INFO: TTS initialized
2026-07-16 19:39:04,736 INFO: TTS worker received shutdown signal
2026-07-16 19:39:04,736 INFO: TTS shut down
2026-07-16 19:41:24,156 INFO: Imported existing <module 'comtypes.gen' from 'C:\\Users\\kumar\\roha-ai\\.venv\\Lib\\site-packages\\comtypes\\gen\\__init__.py'>
2026-07-16 19:41:24,156 INFO: Using writeable comtypes cache directory: 'C:\Users\kumar\roha-ai\.venv\Lib\site-packages\comtypes\gen'
2026-07-16 19:41:24,317 INFO: TTS engine ready on worker thread
2026-07-16 19:41:24,318 INFO: TTS worker loop starting
2026-07-16 19:41:24,318 INFO: TTS initialized
2026-07-16 19:41:44,261 INFO: HTTP Request: POST http://127.0.0.1:11434/api/chat "HTTP/1.1 200 OK"
2026-07-16 19:41:44,277 INFO: TTS enqueued 34 chars (queue size=1)
2026-07-16 19:41:44,278 INFO: TTS speaking (chars=34)
2026-07-16 19:41:47,455 INFO: TTS finished speaking
2026-07-16 19:41:47,459 INFO: TTS status after enqueue: {'enabled': True, 'engine': False, 'worker_alive': True, 'queue_size': 0}
2026-07-16 19:41:51,665 INFO: TTS worker received shutdown signal
2026-07-16 19:41:51,665 INFO: TTS shut down
2026-07-16 19:58:28,465 INFO: Imported existing <module 'comtypes.gen' from 'C:\\Users\\kumar\\roha-ai\\.venv\\Lib\\site-packages\\comtypes\\gen\\__init__.py'>
2026-07-16 19:58:28,465 INFO: Using writeable comtypes cache directory: 'C:\Users\kumar\roha-ai\.venv\Lib\site-packages\comtypes\gen'
2026-07-16 19:58:28,634 INFO: TTS engine ready on worker thread
2026-07-16 19:58:28,634 INFO: TTS worker loop starting
2026-07-16 19:58:28,634 INFO: TTS initialized
2026-07-16 20:10:52,594 INFO: HTTP Request: POST http://127.0.0.1:11434/api/chat "HTTP/1.1 200 OK"
2026-07-16 20:10:52,599 INFO: TTS enqueued 111 chars (queue size=1)
2026-07-16 20:10:52,602 INFO: TTS speaking (chars=111)
2026-07-16 20:11:00,543 INFO: TTS finished speaking
2026-07-16 20:11:00,549 INFO: TTS status after enqueue: {'enabled': True, 'engine': False, 'worker_alive': True, 'queue_size': 0}
2026-07-16 20:11:02,933 INFO: HTTP Request: POST http://127.0.0.1:11434/api/chat "HTTP/1.1 200 OK"
2026-07-16 20:11:02,950 INFO: TTS enqueued 161 chars (queue size=1)
2026-07-16 20:11:02,993 INFO: TTS speaking (chars=161)
2026-07-17 20:45:43,565 INFO: Imported existing <module 'comtypes.gen' from 'C:\\Users\\kumar\\roha-ai\\.venv\\Lib\\site-packages\\comtypes\\gen\\__init__.py'>
2026-07-17 20:45:43,565 INFO: Using writeable comtypes cache directory: 'C:\Users\kumar\roha-ai\.venv\Lib\site-packages\comtypes\gen'
2026-07-17 20:45:43,669 INFO: TTS engine ready on worker thread
2026-07-17 20:45:43,670 INFO: TTS worker loop starting
2026-07-17 20:45:43,670 INFO: TTS initialized
2026-07-17 20:45:57,234 INFO: Processing audio with duration 00:05.000
2026-07-17 20:45:58,964 ERROR: Failed to get assistant reply: Ollama client not available: install 'ollama' or set up a mock for tests
2026-07-17 20:45:58,979 INFO: TTS enqueued 77 chars (queue size=1)
2026-07-17 20:45:58,980 INFO: TTS speaking (chars=77)
2026-07-17 20:46:03,442 INFO: TTS finished speaking
2026-07-17 20:46:03,444 INFO: TTS status after enqueue: {'enabled': True, 'engine': False, 'worker_alive': True, 'queue_size': 0}
2026-07-17 20:46:08,590 INFO: Processing audio with duration 00:05.000
2026-07-17 20:46:10,194 ERROR: Failed to get assistant reply: Ollama client not available: install 'ollama' or set up a mock for tests
2026-07-17 20:46:10,207 INFO: TTS enqueued 77 chars (queue size=1)
2026-07-17 20:46:10,231 INFO: TTS speaking (chars=77)
2026-07-17 20:46:14,687 INFO: TTS finished speaking
2026-07-17 20:46:14,690 INFO: TTS status after enqueue: {'enabled': True, 'engine': False, 'worker_alive': True, 'queue_size': 0}
2026-07-17 20:46:19,828 INFO: Processing audio with duration 00:05.000
2026-07-17 20:46:21,626 ERROR: Failed to get assistant reply: Ollama client not available: install 'ollama' or set up a mock for tests
2026-07-17 20:46:21,629 INFO: TTS enqueued 77 chars (queue size=1)
2026-07-17 20:46:21,656 INFO: TTS speaking (chars=77)
2026-07-17 20:46:26,115 INFO: TTS finished speaking
2026-07-17 20:46:26,117 INFO: TTS status after enqueue: {'enabled': True, 'engine': False, 'worker_alive': True, 'queue_size': 0}
2026-07-17 20:46:31,269 INFO: Processing audio with duration 00:05.000
2026-07-17 20:46:31,792 ERROR: Failed to get assistant reply: Ollama client not available: install 'ollama' or set up a mock for tests
2026-07-17 20:46:31,795 INFO: TTS enqueued 77 chars (queue size=1)
2026-07-17 20:46:31,820 INFO: TTS speaking (chars=77)
2026-07-17 20:46:36,274 INFO: TTS finished speaking
2026-07-17 20:46:36,279 INFO: TTS status after enqueue: {'enabled': True, 'engine': False, 'worker_alive': True, 'queue_size': 0}
2026-07-17 20:46:41,418 INFO: Processing audio with duration 00:05.000
2026-07-17 20:46:42,001 ERROR: Failed to get assistant reply: Ollama client not available: install 'ollama' or set up a mock for tests
2026-07-17 20:46:42,004 INFO: TTS enqueued 77 chars (queue size=1)
2026-07-17 20:46:42,029 INFO: TTS speaking (chars=77)
2026-07-17 20:46:46,481 INFO: TTS finished speaking
2026-07-17 20:46:46,484 INFO: TTS status after enqueue: {'enabled': True, 'engine': False, 'worker_alive': True, 'queue_size': 0}
2026-07-17 20:47:36,924 INFO: Imported existing <module 'comtypes.gen' from 'C:\\Users\\kumar\\roha-ai\\.venv\\Lib\\site-packages\\comtypes\\gen\\__init__.py'>
2026-07-17 20:47:36,924 INFO: Using writeable comtypes cache directory: 'C:\Users\kumar\roha-ai\.venv\Lib\site-packages\comtypes\gen'
2026-07-17 20:47:37,019 INFO: TTS engine ready on worker thread
2026-07-17 20:47:37,019 INFO: TTS worker loop starting
2026-07-17 20:47:37,019 INFO: TTS initialized
2026-07-17 20:47:47,343 INFO: Processing audio with duration 00:05.000
2026-07-17 20:47:47,885 ERROR: Failed to get assistant reply: Ollama client not available: install 'ollama' or set up a mock for tests
2026-07-17 20:47:47,889 INFO: TTS enqueued 77 chars (queue size=1)
2026-07-17 20:47:47,889 INFO: TTS speaking (chars=77)
2026-07-17 20:47:52,347 INFO: TTS finished speaking
2026-07-17 20:47:52,348 INFO: TTS status after enqueue: {'enabled': True, 'engine': False, 'worker_alive': True, 'queue_size': 0}
2026-07-17 20:47:57,488 INFO: Processing audio with duration 00:05.000
2026-07-17 20:48:03,109 INFO: Processing audio with duration 00:05.000
2026-07-17 20:48:03,691 ERROR: Failed to get assistant reply: Ollama client not available: install 'ollama' or set up a mock for tests
2026-07-17 20:48:03,695 INFO: TTS enqueued 77 chars (queue size=1)
2026-07-17 20:48:03,718 INFO: TTS speaking (chars=77)
2026-07-17 20:48:08,169 INFO: TTS finished speaking
2026-07-17 20:48:08,171 INFO: TTS status after enqueue: {'enabled': True, 'engine': False, 'worker_alive': True, 'queue_size': 0}
2026-07-17 20:48:13,306 INFO: Processing audio with duration 00:05.000
2026-07-17 20:48:15,152 ERROR: Failed to get assistant reply: Ollama client not available: install 'ollama' or set up a mock for tests
2026-07-17 20:48:15,155 INFO: TTS enqueued 77 chars (queue size=1)
2026-07-17 20:48:15,180 INFO: TTS speaking (chars=77)
2026-07-17 20:48:19,689 INFO: TTS finished speaking
2026-07-17 20:48:19,690 INFO: TTS status after enqueue: {'enabled': True, 'engine': False, 'worker_alive': True, 'queue_size': 0}
2026-07-17 20:48:24,825 INFO: Processing audio with duration 00:05.000
2026-07-17 20:48:30,663 INFO: Processing audio with duration 00:05.000
2026-07-17 20:48:31,256 ERROR: Failed to get assistant reply: Ollama client not available: install 'ollama' or set up a mock for tests
2026-07-17 20:48:31,270 INFO: TTS enqueued 77 chars (queue size=1)
2026-07-17 20:48:31,295 INFO: TTS speaking (chars=77)
2026-07-17 20:48:35,751 INFO: TTS finished speaking
2026-07-17 20:48:35,753 INFO: TTS status after enqueue: {'enabled': True, 'engine': False, 'worker_alive': True, 'queue_size': 0}
2026-07-17 20:48:40,891 INFO: Processing audio with duration 00:05.000
2026-07-17 20:48:41,448 ERROR: Failed to get assistant reply: Ollama client not available: install 'ollama' or set up a mock for tests
2026-07-17 20:48:41,451 INFO: TTS enqueued 77 chars (queue size=1)
2026-07-17 20:48:41,479 INFO: TTS speaking (chars=77)
2026-07-17 20:48:45,933 INFO: TTS finished speaking
2026-07-17 20:48:45,936 INFO: TTS status after enqueue: {'enabled': True, 'engine': False, 'worker_alive': True, 'queue_size': 0}
2026-07-17 20:48:51,071 INFO: Processing audio with duration 00:05.000
2026-07-17 20:48:51,651 ERROR: Failed to get assistant reply: Ollama client not available: install 'ollama' or set up a mock for tests
2026-07-17 20:48:51,664 INFO: TTS enqueued 77 chars (queue size=1)
2026-07-17 20:48:51,689 INFO: TTS speaking (chars=77)
2026-07-17 20:48:56,148 INFO: TTS finished speaking
2026-07-17 20:48:56,153 INFO: TTS status after enqueue: {'enabled': True, 'engine': False, 'worker_alive': True, 'queue_size': 0}
2026-07-17 20:49:01,291 INFO: Processing audio with duration 00:05.000
2026-07-17 20:49:01,867 ERROR: Failed to get assistant reply: Ollama client not available: install 'ollama' or set up a mock for tests
2026-07-17 20:49:01,881 INFO: TTS enqueued 77 chars (queue size=1)
2026-07-17 20:49:01,906 INFO: TTS speaking (chars=77)
2026-07-17 20:49:06,358 INFO: TTS finished speaking
2026-07-17 20:49:06,360 INFO: TTS status after enqueue: {'enabled': True, 'engine': False, 'worker_alive': True, 'queue_size': 0}
2026-07-17 20:49:11,503 INFO: Processing audio with duration 00:05.000
2026-07-17 20:49:12,106 ERROR: Failed to get assistant reply: Ollama client not available: install 'ollama' or set up a mock for tests
2026-07-17 20:49:12,120 INFO: TTS enqueued 77 chars (queue size=1)
2026-07-17 20:49:12,144 INFO: TTS speaking (chars=77)
2026-07-17 20:49:16,596 INFO: TTS finished speaking
2026-07-17 20:49:16,598 INFO: TTS status after enqueue: {'enabled': True, 'engine': False, 'worker_alive': True, 'queue_size': 0}
2026-07-17 20:49:21,745 INFO: Processing audio with duration 00:05.000
2026-07-17 20:49:22,330 ERROR: Failed to get assistant reply: Ollama client not available: install 'ollama' or set up a mock for tests
2026-07-17 20:49:22,343 INFO: TTS enqueued 77 chars (queue size=1)
2026-07-17 20:49:22,370 INFO: TTS speaking (chars=77)
2026-07-17 20:49:26,821 INFO: TTS finished speaking
2026-07-17 20:49:26,823 INFO: TTS status after enqueue: {'enabled': True, 'engine': False, 'worker_alive': True, 'queue_size': 0}
2026-07-17 20:49:31,962 INFO: Processing audio with duration 00:05.000
2026-07-17 20:49:37,598 INFO: Processing audio with duration 00:05.000
2026-07-17 20:49:38,082 INFO: TTS worker received shutdown signal
2026-07-17 20:49:38,082 INFO: TTS shut down
2026-07-17 20:52:25,597 INFO: Imported existing <module 'comtypes.gen' from 'C:\\Users\\kumar\\roha-ai\\.venv\\Lib\\site-packages\\comtypes\\gen\\__init__.py'>
2026-07-17 20:52:25,597 INFO: Using writeable comtypes cache directory: 'C:\Users\kumar\roha-ai\.venv\Lib\site-packages\comtypes\gen'
2026-07-17 20:52:25,695 INFO: TTS engine ready on worker thread
2026-07-17 20:52:25,695 INFO: TTS worker loop starting
2026-07-17 20:52:25,696 INFO: TTS initialized
2026-07-17 20:52:34,695 INFO: TTS worker received shutdown signal
2026-07-17 20:52:34,695 INFO: TTS shut down
2026-07-17 20:52:50,767 INFO: Imported existing <module 'comtypes.gen' from 'C:\\Users\\kumar\\roha-ai\\.venv\\Lib\\site-packages\\comtypes\\gen\\__init__.py'>
2026-07-17 20:52:50,767 INFO: Using writeable comtypes cache directory: 'C:\Users\kumar\roha-ai\.venv\Lib\site-packages\comtypes\gen'
2026-07-17 20:52:50,862 INFO: TTS engine ready on worker thread
2026-07-17 20:52:50,862 INFO: TTS worker loop starting
2026-07-17 20:52:50,862 INFO: TTS initialized
2026-07-17 20:52:59,217 INFO: Processing audio with duration 00:05.000
2026-07-17 20:52:59,764 ERROR: Failed to get assistant reply: Ollama client not available: install 'ollama' or set up a mock for tests
2026-07-17 20:52:59,769 INFO: TTS enqueued 77 chars (queue size=1)
2026-07-17 20:52:59,771 INFO: TTS speaking (chars=77)
2026-07-17 20:53:04,226 INFO: TTS finished speaking
2026-07-17 20:53:04,231 INFO: TTS status after enqueue: {'enabled': True, 'engine': False, 'worker_alive': True, 'queue_size': 0}
2026-07-17 20:53:09,371 INFO: Processing audio with duration 00:05.000
2026-07-17 20:53:09,839 ERROR: Failed to get assistant reply: Ollama client not available: install 'ollama' or set up a mock for tests
2026-07-17 20:53:09,844 INFO: TTS enqueued 77 chars (queue size=1)
2026-07-17 20:53:09,873 INFO: TTS speaking (chars=77)
2026-07-17 20:53:14,333 INFO: TTS finished speaking
2026-07-17 20:53:14,337 INFO: TTS worker received shutdown signal
2026-07-17 20:53:14,337 INFO: TTS shut down
2026-07-17 21:03:09,965 INFO: Imported existing <module 'comtypes.gen' from 'C:\\Users\\kumar\\roha-ai\\.venv\\Lib\\site-packages\\comtypes\\gen\\__init__.py'>
2026-07-17 21:03:09,965 INFO: Using writeable comtypes cache directory: 'C:\Users\kumar\roha-ai\.venv\Lib\site-packages\comtypes\gen'
2026-07-17 21:03:10,061 INFO: TTS engine ready on worker thread
2026-07-17 21:03:10,061 INFO: TTS worker loop starting
2026-07-17 21:03:10,061 INFO: TTS initialized
2026-07-17 21:03:19,502 INFO: Processing audio with duration 00:05.000
2026-07-17 21:03:20,141 INFO: TTS enqueued 77 chars (queue size=1)
2026-07-17 21:03:20,142 INFO: TTS speaking (chars=77)
2026-07-17 21:03:24,903 INFO: TTS finished speaking
2026-07-17 21:03:24,905 INFO: TTS status after enqueue: {'enabled': True, 'engine': False, 'worker_alive': True, 'queue_size': 0}
2026-07-17 21:03:30,025 INFO: TTS worker received shutdown signal
2026-07-17 21:03:30,026 INFO: TTS shut down
2026-07-17 21:06:06,335 INFO: Imported existing <module 'comtypes.gen' from 'C:\\Users\\kumar\\roha-ai\\.venv\\Lib\\site-packages\\comtypes\\gen\\__init__.py'>
2026-07-17 21:06:06,336 INFO: Using writeable comtypes cache directory: 'C:\Users\kumar\roha-ai\.venv\Lib\site-packages\comtypes\gen'
2026-07-17 21:06:06,436 INFO: TTS engine ready on worker thread
2026-07-17 21:06:06,436 INFO: TTS worker loop starting
2026-07-17 21:06:06,436 INFO: TTS initialized
2026-07-17 21:06:14,751 INFO: Processing audio with duration 00:05.000
2026-07-17 21:06:23,181 INFO: HTTP Request: POST http://127.0.0.1:11434/api/chat "HTTP/1.1 200 OK"
2026-07-17 21:06:23,199 INFO: TTS enqueued 76 chars (queue size=1)
2026-07-17 21:06:23,200 INFO: TTS speaking (chars=76)
2026-07-17 21:06:28,228 INFO: TTS finished speaking
2026-07-17 21:06:28,230 INFO: TTS status after enqueue: {'enabled': True, 'engine': False, 'worker_alive': True, 'queue_size': 0}
2026-07-17 21:06:33,369 INFO: Processing audio with duration 00:05.000
2026-07-17 21:06:37,519 INFO: HTTP Request: POST http://127.0.0.1:11434/api/chat "HTTP/1.1 200 OK"
2026-07-17 21:06:37,535 INFO: TTS enqueued 351 chars (queue size=1)
2026-07-17 21:06:37,563 INFO: TTS speaking (chars=351)
2026-07-17 21:06:56,264 INFO: TTS finished speaking
2026-07-17 21:06:56,269 INFO: TTS status after enqueue: {'enabled': True, 'engine': False, 'worker_alive': True, 'queue_size': 0}
2026-07-17 21:07:01,415 INFO: Processing audio with duration 00:05.000
2026-07-17 21:07:03,837 INFO: HTTP Request: POST http://127.0.0.1:11434/api/chat "HTTP/1.1 200 OK"
2026-07-17 21:07:03,846 INFO: TTS enqueued 109 chars (queue size=1)
2026-07-17 21:07:03,883 INFO: TTS speaking (chars=109)
2026-07-17 21:07:10,009 INFO: TTS finished speaking
2026-07-17 21:07:10,014 INFO: TTS status after enqueue: {'enabled': True, 'engine': False, 'worker_alive': True, 'queue_size': 0}
2026-07-17 21:07:15,159 INFO: Processing audio with duration 00:05.000
2026-07-17 21:07:15,641 INFO: TTS worker received shutdown signal
2026-07-17 21:07:15,642 INFO: TTS shut down
2026-07-18 12:33:22,591 INFO: Imported existing <module 'comtypes.gen' from 'C:\\Users\\kumar\\roha-ai\\.venv\\Lib\\site-packages\\comtypes\\gen\\__init__.py'>
2026-07-18 12:33:22,591 INFO: Using writeable comtypes cache directory: 'C:\Users\kumar\roha-ai\.venv\Lib\site-packages\comtypes\gen'
2026-07-18 12:33:22,991 INFO: TTS engine ready on worker thread
2026-07-18 12:33:22,991 INFO: TTS worker loop starting
2026-07-18 12:33:22,991 INFO: TTS initialized
2026-07-18 12:33:49,149 INFO: Processing audio with duration 00:05.000
2026-07-18 12:34:05,246 INFO: HTTP Request: POST http://127.0.0.1:11434/api/chat "HTTP/1.1 200 OK"
2026-07-18 12:34:05,250 INFO: TTS enqueued 209 chars (queue size=1)
2026-07-18 12:34:05,256 INFO: TTS speaking (chars=209)
2026-07-18 12:34:18,947 INFO: TTS finished speaking
2026-07-18 12:34:18,954 INFO: TTS status after enqueue: {'enabled': True, 'engine': False, 'worker_alive': True, 'queue_size': 0}
2026-07-18 12:34:24,256 INFO: Processing audio with duration 00:05.000
2026-07-18 12:34:29,586 INFO: HTTP Request: POST http://127.0.0.1:11434/api/chat "HTTP/1.1 200 OK"
2026-07-18 12:34:29,589 INFO: TTS enqueued 388 chars (queue size=1)
2026-07-18 12:34:29,638 INFO: TTS speaking (chars=388)
2026-07-18 12:34:51,094 INFO: TTS finished speaking
2026-07-18 12:34:51,100 INFO: TTS worker received shutdown signal
2026-07-18 12:34:51,100 INFO: TTS shut down
2026-07-18 13:06:10,084 INFO: Imported existing <module 'comtypes.gen' from 'C:\\Users\\kumar\\roha-ai\\.venv\\Lib\\site-packages\\comtypes\\gen\\__init__.py'>
2026-07-18 13:06:10,092 INFO: Using writeable comtypes cache directory: 'C:\Users\kumar\roha-ai\.venv\Lib\site-packages\comtypes\gen'
2026-07-18 13:06:10,256 INFO: TTS engine ready on worker thread
2026-07-18 13:06:10,256 INFO: TTS worker loop starting
2026-07-18 13:06:10,256 INFO: TTS initialized
2026-07-18 13:06:20,863 INFO: Processing audio with duration 00:05.000
2026-07-18 13:06:28,763 INFO: HTTP Request: POST http://127.0.0.1:11434/api/chat "HTTP/1.1 200 OK"
2026-07-18 13:06:28,777 INFO: TTS enqueued 108 chars (queue size=1)
2026-07-18 13:06:28,779 INFO: TTS speaking (chars=108)
2026-07-18 13:06:36,419 INFO: TTS finished speaking
2026-07-18 13:06:36,424 INFO: TTS status after enqueue: {'enabled': True, 'engine': False, 'worker_alive': True, 'queue_size': 0}
2026-07-18 13:06:41,644 INFO: Processing audio with duration 00:05.000
2026-07-18 13:06:44,249 INFO: HTTP Request: POST http://127.0.0.1:11434/api/chat "HTTP/1.1 200 OK"
2026-07-18 13:06:44,255 INFO: TTS enqueued 123 chars (queue size=1)
2026-07-18 13:06:44,295 INFO: TTS speaking (chars=123)
2026-07-18 13:06:51,840 INFO: TTS finished speaking
2026-07-18 13:06:51,846 INFO: TTS status after enqueue: {'enabled': True, 'engine': False, 'worker_alive': True, 'queue_size': 0}
2026-07-18 13:06:57,060 INFO: Processing audio with duration 00:05.000
2026-07-18 13:07:01,347 INFO: HTTP Request: POST http://127.0.0.1:11434/api/chat "HTTP/1.1 200 OK"
2026-07-18 13:07:01,352 INFO: TTS enqueued 267 chars (queue size=1)
2026-07-18 13:07:01,391 INFO: TTS speaking (chars=267)
2026-07-18 13:07:14,388 INFO: TTS finished speaking
2026-07-18 13:07:14,394 INFO: TTS status after enqueue: {'enabled': True, 'engine': False, 'worker_alive': True, 'queue_size': 0}
2026-07-18 13:07:19,647 INFO: Processing audio with duration 00:05.000
2026-07-18 13:07:28,559 INFO: HTTP Request: POST http://127.0.0.1:11434/api/chat "HTTP/1.1 200 OK"
2026-07-18 13:07:28,574 INFO: TTS enqueued 842 chars (queue size=1)
2026-07-18 13:07:28,627 INFO: TTS speaking (chars=842)
2026-07-18 13:08:11,645 INFO: TTS finished speaking
2026-07-18 13:08:11,646 INFO: TTS status after enqueue: {'enabled': True, 'engine': False, 'worker_alive': True, 'queue_size': 0}
2026-07-18 13:08:16,887 INFO: Processing audio with duration 00:05.000
2026-07-18 13:08:21,116 INFO: HTTP Request: POST http://127.0.0.1:11434/api/chat "HTTP/1.1 200 OK"
2026-07-18 13:08:21,134 INFO: TTS enqueued 240 chars (queue size=1)
2026-07-18 13:08:21,177 INFO: TTS speaking (chars=240)
2026-07-18 13:08:34,769 INFO: TTS finished speaking
2026-07-18 13:08:34,773 INFO: TTS status after enqueue: {'enabled': True, 'engine': False, 'worker_alive': True, 'queue_size': 0}
2026-07-18 13:08:40,020 INFO: Processing audio with duration 00:05.000
2026-07-18 13:08:56,254 INFO: HTTP Request: POST http://127.0.0.1:11434/api/chat "HTTP/1.1 200 OK"
2026-07-18 13:08:56,272 INFO: TTS enqueued 834 chars (queue size=1)
2026-07-18 13:08:56,331 INFO: TTS speaking (chars=834)
2026-07-18 13:09:56,281 WARNING: TTS speak timed out waiting for worker to finish
2026-07-18 13:09:56,281 INFO: TTS status after enqueue: {'enabled': True, 'engine': True, 'worker_alive': True, 'queue_size': 0}
2026-07-18 13:10:01,489 INFO: Processing audio with duration 00:05.000
2026-07-18 13:10:16,480 INFO: HTTP Request: POST http://127.0.0.1:11434/api/chat "HTTP/1.1 200 OK"
2026-07-18 13:10:16,496 INFO: TTS enqueued 215 chars (queue size=1)
2026-07-18 13:10:24,911 INFO: TTS finished speaking
2026-07-18 13:10:24,971 INFO: TTS speaking (chars=215)
2026-07-18 13:10:39,738 INFO: TTS finished speaking
2026-07-18 13:10:39,742 INFO: TTS status after enqueue: {'enabled': True, 'engine': False, 'worker_alive': True, 'queue_size': 0}
2026-07-18 13:10:44,900 INFO: TTS worker received shutdown signal
2026-07-18 13:10:44,900 INFO: TTS shut down
2026-07-18 13:17:22,644 INFO: Imported existing <module 'comtypes.gen' from 'C:\\Users\\kumar\\roha-ai\\.venv\\Lib\\site-packages\\comtypes\\gen\\__init__.py'>
2026-07-18 13:17:22,644 INFO: Using writeable comtypes cache directory: 'C:\Users\kumar\roha-ai\.venv\Lib\site-packages\comtypes\gen'
2026-07-18 13:17:22,802 INFO: TTS engine ready on worker thread
2026-07-18 13:17:22,802 INFO: TTS worker loop starting
2026-07-18 13:17:22,802 INFO: TTS initialized
2026-07-18 13:17:40,071 INFO: Processing audio with duration 00:10.500
2026-07-18 13:17:54,341 INFO: HTTP Request: POST http://127.0.0.1:11434/api/chat "HTTP/1.1 200 OK"
2026-07-18 13:17:54,357 INFO: TTS enqueued 571 chars (queue size=1)
2026-07-18 13:17:54,361 INFO: TTS speaking (chars=571)
2026-07-18 13:18:22,712 INFO: TTS finished speaking
2026-07-18 13:18:22,717 INFO: TTS status after enqueue: {'enabled': True, 'engine': False, 'worker_alive': True, 'queue_size': 0}
2026-07-18 13:18:29,540 INFO: Processing audio with duration 00:05.250
2026-07-18 13:18:30,405 INFO: TTS worker received shutdown signal
2026-07-18 13:18:30,405 INFO: TTS shut down
2026-07-19 12:11:46,428 INFO: Imported existing <module 'comtypes.gen' from 'C:\\Users\\kumar\\roha-ai\\.venv\\Lib\\site-packages\\comtypes\\gen\\__init__.py'>
2026-07-19 12:11:46,429 INFO: Using writeable comtypes cache directory: 'C:\Users\kumar\roha-ai\.venv\Lib\site-packages\comtypes\gen'
2026-07-19 12:11:46,658 INFO: TTS engine ready on worker thread
2026-07-19 12:11:46,658 INFO: TTS worker loop starting
2026-07-19 12:11:46,658 INFO: TTS initialized
2026-07-19 12:12:00,925 INFO: Processing audio with duration 00:07.500
2026-07-19 12:12:12,808 INFO: HTTP Request: POST http://127.0.0.1:11434/api/chat "HTTP/1.1 200 OK"
2026-07-19 12:12:12,824 INFO: TTS enqueued 373 chars (queue size=1)
2026-07-19 12:12:12,826 INFO: TTS speaking (chars=373)
2026-07-19 12:12:30,993 INFO: TTS finished speaking
2026-07-19 12:12:30,999 INFO: TTS worker received shutdown signal
2026-07-19 12:12:30,999 INFO: TTS shut down
2026-07-19 12:12:44,763 INFO: Imported existing <module 'comtypes.gen' from 'C:\\Users\\kumar\\roha-ai\\.venv\\Lib\\site-packages\\comtypes\\gen\\__init__.py'>
2026-07-19 12:12:44,764 INFO: Using writeable comtypes cache directory: 'C:\Users\kumar\roha-ai\.venv\Lib\site-packages\comtypes\gen'
2026-07-19 12:12:44,871 INFO: TTS engine ready on worker thread
2026-07-19 12:12:44,871 INFO: TTS worker loop starting
2026-07-19 12:12:44,871 INFO: TTS initialized
2026-07-19 12:12:52,322 INFO: HTTP Request: POST http://127.0.0.1:11434/api/chat "HTTP/1.1 200 OK"
2026-07-19 12:12:52,337 INFO: TTS enqueued 34 chars (queue size=1)
2026-07-19 12:12:52,338 INFO: TTS speaking (chars=34)
2026-07-19 12:12:55,490 INFO: TTS finished speaking
2026-07-19 12:12:55,495 INFO: TTS status after enqueue: {'enabled': True, 'engine': False, 'worker_alive': True, 'queue_size': 0}
2026-07-19 12:13:20,763 INFO: HTTP Request: POST http://127.0.0.1:11434/api/chat "HTTP/1.1 200 OK"
2026-07-19 12:13:20,777 INFO: TTS enqueued 279 chars (queue size=1)
2026-07-19 12:13:20,809 INFO: TTS speaking (chars=279)
2026-07-19 12:13:37,195 INFO: TTS finished speaking
2026-07-19 12:13:37,198 INFO: TTS status after enqueue: {'enabled': True, 'engine': False, 'worker_alive': True, 'queue_size': 0}
2026-07-19 23:33:16,531 INFO: Imported existing <module 'comtypes.gen' from 'C:\\Users\\kumar\\roha-ai\\.venv\\Lib\\site-packages\\comtypes\\gen\\__init__.py'>
2026-07-19 23:33:16,531 INFO: Using writeable comtypes cache directory: 'C:\Users\kumar\roha-ai\.venv\Lib\site-packages\comtypes\gen'
2026-07-19 23:33:16,734 INFO: TTS engine ready on worker thread
2026-07-19 23:33:16,734 INFO: TTS worker loop starting
2026-07-19 23:33:16,826 INFO: TTS initialized
2026-07-19 23:33:42,041 INFO: Processing audio with duration 00:17.750
2026-07-19 23:33:54,667 INFO: HTTP Request: POST http://127.0.0.1:11434/api/chat "HTTP/1.1 200 OK"
2026-07-19 23:33:54,672 INFO: TTS enqueued 124 chars (queue size=1)
2026-07-19 23:33:54,673 INFO: TTS speaking (chars=124)
2026-07-19 23:33:59,475 INFO: TTS finished speaking
2026-07-19 23:33:59,668 INFO: TTS status after enqueue: {'enabled': True, 'engine': False, 'worker_alive': True, 'queue_size': 0}
2026-07-19 23:34:09,511 INFO: Processing audio with duration 00:08.000
2026-07-19 23:34:13,002 INFO: HTTP Request: POST http://127.0.0.1:11434/api/chat "HTTP/1.1 200 OK"
2026-07-19 23:34:13,007 INFO: TTS enqueued 147 chars (queue size=1)
2026-07-19 23:34:13,039 INFO: TTS speaking (chars=147)
2026-07-19 23:34:20,639 INFO: TTS finished speaking
2026-07-19 23:34:20,643 INFO: TTS status after enqueue: {'enabled': True, 'engine': False, 'worker_alive': True, 'queue_size': 0}
2026-07-19 23:34:27,715 INFO: Processing audio with duration 00:05.750
2026-07-19 23:34:31,468 INFO: HTTP Request: POST http://127.0.0.1:11434/api/chat "HTTP/1.1 200 OK"
2026-07-19 23:34:31,472 INFO: TTS enqueued 277 chars (queue size=1)
2026-07-19 23:34:31,506 INFO: TTS speaking (chars=277)
2026-07-19 23:34:43,049 INFO: TTS finished speaking
2026-07-19 23:34:43,196 INFO: TTS worker received shutdown signal
2026-07-19 23:34:43,198 INFO: TTS shut down
2026-07-19 23:34:52,377 INFO: Imported existing <module 'comtypes.gen' from 'C:\\Users\\kumar\\roha-ai\\.venv\\Lib\\site-packages\\comtypes\\gen\\__init__.py'>
2026-07-19 23:34:52,378 INFO: Using writeable comtypes cache directory: 'C:\Users\kumar\roha-ai\.venv\Lib\site-packages\comtypes\gen'
2026-07-19 23:34:52,474 INFO: TTS engine ready on worker thread
2026-07-19 23:34:52,475 INFO: TTS worker loop starting
2026-07-19 23:34:52,568 INFO: TTS initialized
2026-07-19 23:35:15,485 INFO: HTTP Request: POST http://127.0.0.1:11434/api/chat "HTTP/1.1 200 OK"
2026-07-19 23:35:15,491 INFO: TTS enqueued 757 chars (queue size=1)
2026-07-19 23:35:15,495 INFO: TTS speaking (chars=757)
2026-07-19 23:35:17,789 INFO: TTS finished speaking
2026-07-19 23:35:17,992 INFO: TTS status after enqueue: {'enabled': True, 'engine': False, 'worker_alive': True, 'queue_size': 0}
2026-07-19 23:35:22,281 INFO: TTS worker received shutdown signal
2026-07-19 23:35:22,281 INFO: TTS shut down
2026-07-20 21:42:12,660 INFO: Imported existing <module 'comtypes.gen' from 'C:\\Users\\kumar\\roha-ai\\.venv\\Lib\\site-packages\\comtypes\\gen\\__init__.py'>
2026-07-20 21:42:12,660 INFO: Using writeable comtypes cache directory: 'C:\Users\kumar\roha-ai\.venv\Lib\site-packages\comtypes\gen'
2026-07-20 21:42:12,943 INFO: TTS engine ready on worker thread
2026-07-20 21:42:12,943 INFO: TTS worker loop starting
2026-07-20 21:42:13,083 INFO: TTS initialized
2026-07-20 21:42:49,889 INFO: HTTP Request: POST http://127.0.0.1:11434/api/chat "HTTP/1.1 200 OK"
2026-07-20 21:42:49,894 INFO: TTS enqueued 34 chars (queue size=1)
2026-07-20 21:42:49,897 INFO: TTS speaking (chars=34)
2026-07-20 21:42:53,634 INFO: TTS finished speaking
2026-07-20 21:42:53,638 INFO: TTS status after enqueue: {'enabled': True, 'engine': False, 'worker_alive': True, 'queue_size': 0}
2026-07-20 21:42:59,514 INFO: TTS worker received shutdown signal
2026-07-20 21:42:59,514 INFO: TTS shut down
2026-07-20 21:58:15,753 INFO: Imported existing <module 'comtypes.gen' from 'C:\\Users\\kumar\\roha-ai\\.venv\\Lib\\site-packages\\comtypes\\gen\\__init__.py'>
2026-07-20 21:58:15,753 INFO: Using writeable comtypes cache directory: 'C:\Users\kumar\roha-ai\.venv\Lib\site-packages\comtypes\gen'
2026-07-20 21:58:15,940 INFO: TTS engine ready on worker thread
2026-07-20 21:58:15,940 INFO: TTS worker loop starting
2026-07-20 21:58:16,127 INFO: TTS initialized
2026-07-20 21:58:30,118 INFO: Processing audio with duration 00:04.750
2026-07-20 21:58:37,645 INFO: HTTP Request: POST http://127.0.0.1:11434/api/chat "HTTP/1.1 200 OK"
2026-07-20 21:58:37,659 INFO: TTS enqueued 32 chars (queue size=1)
2026-07-20 21:58:37,661 INFO: TTS speaking (chars=32)
2026-07-20 21:58:40,225 INFO: TTS finished speaking
2026-07-20 21:58:40,225 INFO: TTS status after enqueue: {'enabled': True, 'engine': False, 'worker_alive': True, 'queue_size': 0}
2026-07-20 21:58:45,055 INFO: TTS worker received shutdown signal
2026-07-20 21:58:45,055 INFO: TTS shut down
2026-07-20 22:42:25,439 INFO: Imported existing <module 'comtypes.gen' from 'C:\\Users\\kumar\\roha-ai\\.venv\\Lib\\site-packages\\comtypes\\gen\\__init__.py'>
2026-07-20 22:42:25,439 INFO: Using writeable comtypes cache directory: 'C:\Users\kumar\roha-ai\.venv\Lib\site-packages\comtypes\gen'
2026-07-20 22:42:25,578 INFO: TTS engine ready on worker thread
2026-07-20 22:42:25,586 INFO: TTS worker loop starting
2026-07-20 22:42:25,718 INFO: TTS initialized
2026-07-20 22:42:36,857 INFO: Processing audio with duration 00:04.500
2026-07-20 22:42:45,994 INFO: HTTP Request: POST http://127.0.0.1:11434/api/chat "HTTP/1.1 200 OK"
2026-07-20 22:42:46,014 INFO: TTS enqueued 69 chars (queue size=1)
2026-07-20 22:42:46,016 INFO: TTS speaking (chars=69)
2026-07-20 22:42:51,649 INFO: TTS finished speaking
2026-07-20 22:42:51,650 INFO: TTS status after enqueue: {'enabled': True, 'engine': False, 'worker_alive': True, 'queue_size': 0}
2026-07-20 22:42:54,984 INFO: Processing audio with duration 00:02.500
2026-07-20 22:42:56,990 INFO: HTTP Request: POST http://127.0.0.1:11434/api/chat "HTTP/1.1 200 OK"
2026-07-20 22:42:57,008 INFO: TTS enqueued 57 chars (queue size=1)
2026-07-20 22:42:57,050 INFO: TTS speaking (chars=57)
2026-07-20 22:43:01,290 INFO: TTS finished speaking
2026-07-20 22:43:01,294 INFO: TTS status after enqueue: {'enabled': True, 'engine': False, 'worker_alive': True, 'queue_size': 0}
2026-07-20 22:43:04,974 INFO: Processing audio with duration 00:02.750
2026-07-20 22:43:11,394 INFO: HTTP Request: POST http://127.0.0.1:11434/api/chat "HTTP/1.1 200 OK"
2026-07-20 22:43:11,413 INFO: TTS enqueued 643 chars (queue size=1)
2026-07-20 22:43:11,451 INFO: TTS speaking (chars=643)
2026-07-20 22:43:23,025 INFO: TTS finished speaking
2026-07-20 22:43:23,280 INFO: TTS status after enqueue: {'enabled': True, 'engine': False, 'worker_alive': True, 'queue_size': 0}
2026-07-20 22:43:27,879 INFO: Processing audio with duration 00:03.500
2026-07-20 22:43:33,794 INFO: HTTP Request: POST http://127.0.0.1:11434/api/chat "HTTP/1.1 200 OK"
2026-07-20 22:43:33,802 INFO: TTS enqueued 514 chars (queue size=1)
2026-07-20 22:43:33,848 INFO: TTS speaking (chars=514)
2026-07-20 22:43:41,994 INFO: TTS finished speaking
2026-07-20 22:43:42,236 INFO: TTS worker received shutdown signal
2026-07-20 22:43:42,236 INFO: TTS shut down
2026-07-21 12:23:53,597 INFO: Imported existing <module 'comtypes.gen' from 'C:\\Users\\kumar\\roha-ai\\.venv\\Lib\\site-packages\\comtypes\\gen\\__init__.py'>
2026-07-21 12:23:53,597 INFO: Using writeable comtypes cache directory: 'C:\Users\kumar\roha-ai\.venv\Lib\site-packages\comtypes\gen'
2026-07-21 12:23:53,794 INFO: TTS engine ready on worker thread
2026-07-21 12:23:53,794 INFO: TTS worker loop starting
2026-07-21 12:23:53,889 INFO: TTS initialized
2026-07-21 12:25:02,297 INFO: TTS worker received shutdown signal
2026-07-21 12:25:02,298 INFO: TTS shut down
2026-07-21 12:30:20,597 INFO: Imported existing <module 'comtypes.gen' from 'C:\\Users\\kumar\\roha-ai\\.venv\\Lib\\site-packages\\comtypes\\gen\\__init__.py'>
2026-07-21 12:30:20,598 INFO: Using writeable comtypes cache directory: 'C:\Users\kumar\roha-ai\.venv\Lib\site-packages\comtypes\gen'
2026-07-21 12:30:20,697 INFO: TTS engine ready on worker thread
2026-07-21 12:30:20,697 INFO: TTS worker loop starting
2026-07-21 12:30:20,786 INFO: TTS initialized
2026-07-21 12:30:53,948 INFO: Processing audio with duration 00:29.750
2026-07-21 12:31:24,624 INFO: Processing audio with duration 00:30.000
2026-07-21 12:31:42,261 INFO: TTS worker received shutdown signal
2026-07-21 12:31:42,261 INFO: TTS shut down
2026-07-21 12:33:33,513 INFO: Imported existing <module 'comtypes.gen' from 'C:\\Users\\kumar\\roha-ai\\.venv\\Lib\\site-packages\\comtypes\\gen\\__init__.py'>
2026-07-21 12:33:33,513 INFO: Using writeable comtypes cache directory: 'C:\Users\kumar\roha-ai\.venv\Lib\site-packages\comtypes\gen'
2026-07-21 12:33:33,611 INFO: TTS engine ready on worker thread
2026-07-21 12:33:33,611 INFO: TTS worker loop starting
2026-07-21 12:33:33,697 INFO: TTS initialized
2026-07-21 12:34:06,855 INFO: Processing audio with duration 00:30.000
2026-07-21 12:34:23,927 INFO: TTS worker received shutdown signal
2026-07-21 12:34:23,927 INFO: TTS shut down
2026-07-21 12:42:25,876 INFO: Imported existing <module 'comtypes.gen' from 'C:\\Users\\kumar\\roha-ai\\.venv\\Lib\\site-packages\\comtypes\\gen\\__init__.py'>
2026-07-21 12:42:25,876 INFO: Using writeable comtypes cache directory: 'C:\Users\kumar\roha-ai\.venv\Lib\site-packages\comtypes\gen'
2026-07-21 12:42:25,976 INFO: TTS engine ready on worker thread
2026-07-21 12:42:25,976 INFO: TTS worker loop starting
2026-07-21 12:42:26,061 INFO: TTS initialized
2026-07-21 12:43:01,539 INFO: Processing audio with duration 00:30.000
2026-07-21 12:43:02,095 INFO: TTS enqueued 4 chars (queue size=1)
2026-07-21 12:43:02,097 INFO: TTS speaking (chars=4)
2026-07-21 12:43:03,917 INFO: TTS finished speaking
2026-07-21 12:43:34,048 INFO: Processing audio with duration 00:30.000
2026-07-21 12:43:43,281 INFO: HTTP Request: POST http://127.0.0.1:11434/api/chat "HTTP/1.1 200 OK"
2026-07-21 12:43:43,298 INFO: TTS enqueued 166 chars (queue size=1)
2026-07-21 12:43:43,328 INFO: TTS speaking (chars=166)
2026-07-21 12:43:51,621 INFO: TTS finished speaking
2026-07-21 12:43:51,623 INFO: TTS status after enqueue: {'enabled': True, 'engine': False, 'worker_alive': True, 'queue_size': 0}
2026-07-21 12:43:52,946 INFO: TTS worker received shutdown signal
2026-07-21 12:43:52,947 INFO: TTS shut down
2026-07-21 12:59:15,847 INFO: Imported existing <module 'comtypes.gen' from 'C:\\Users\\kumar\\roha-ai\\.venv\\Lib\\site-packages\\comtypes\\gen\\__init__.py'>
2026-07-21 12:59:15,848 INFO: Using writeable comtypes cache directory: 'C:\Users\kumar\roha-ai\.venv\Lib\site-packages\comtypes\gen'
2026-07-21 12:59:15,951 INFO: TTS engine ready on worker thread
2026-07-21 12:59:15,951 INFO: TTS worker loop starting
2026-07-21 12:59:16,039 INFO: TTS initialized
2026-07-21 12:59:21,992 INFO: Processing audio with duration 00:03.500
2026-07-21 12:59:26,134 INFO: Processing audio with duration 00:03.500
2026-07-21 12:59:30,247 INFO: Processing audio with duration 00:03.500
2026-07-21 12:59:35,384 INFO: Processing audio with duration 00:03.500
2026-07-21 12:59:39,562 INFO: Processing audio with duration 00:03.500
2026-07-21 12:59:43,706 INFO: Processing audio with duration 00:03.500
2026-07-21 12:59:47,973 INFO: Processing audio with duration 00:03.500
2026-07-21 12:59:52,546 INFO: Processing audio with duration 00:03.500
2026-07-21 12:59:56,672 INFO: Processing audio with duration 00:03.500
2026-07-21 12:59:57,068 INFO: TTS worker received shutdown signal
2026-07-21 12:59:57,068 INFO: TTS shut down
2026-07-21 13:10:55,626 INFO: Imported existing <module 'comtypes.gen' from 'C:\\Users\\kumar\\roha-ai\\.venv\\Lib\\site-packages\\comtypes\\gen\\__init__.py'>
2026-07-21 13:10:55,627 INFO: Using writeable comtypes cache directory: 'C:\Users\kumar\roha-ai\.venv\Lib\site-packages\comtypes\gen'
2026-07-21 13:10:55,725 INFO: TTS engine ready on worker thread
2026-07-21 13:10:55,725 INFO: TTS worker loop starting
2026-07-21 13:10:55,815 INFO: TTS initialized
2026-07-21 13:11:09,426 INFO: HTTP Request: POST http://127.0.0.1:11434/api/chat "HTTP/1.1 200 OK"
2026-07-21 13:11:09,440 INFO: TTS enqueued 34 chars (queue size=1)
2026-07-21 13:11:09,443 INFO: TTS speaking (chars=34)
2026-07-21 13:11:12,895 INFO: TTS finished speaking
2026-07-21 13:11:12,899 INFO: TTS status after enqueue: {'enabled': True, 'engine': False, 'worker_alive': True, 'queue_size': 0}
2026-07-21 13:11:38,879 INFO: HTTP Request: POST http://127.0.0.1:11434/api/chat "HTTP/1.1 200 OK"
2026-07-21 13:11:38,894 INFO: TTS enqueued 96 chars (queue size=1)
2026-07-21 13:11:38,925 INFO: TTS speaking (chars=96)
2026-07-21 13:11:45,305 INFO: TTS finished speaking
2026-07-21 13:11:45,307 INFO: TTS status after enqueue: {'enabled': True, 'engine': False, 'worker_alive': True, 'queue_size': 0}
2026-07-21 13:11:52,035 INFO: TTS worker received shutdown signal
2026-07-21 13:11:52,036 INFO: TTS shut down
2026-07-22 15:49:40,650 INFO: Imported existing <module 'comtypes.gen' from 'C:\\Users\\kumar\\roha-ai\\.venv\\Lib\\site-packages\\comtypes\\gen\\__init__.py'>
2026-07-22 15:49:40,650 INFO: Using writeable comtypes cache directory: 'C:\Users\kumar\roha-ai\.venv\Lib\site-packages\comtypes\gen'
2026-07-22 15:49:41,170 INFO: TTS engine ready on worker thread
2026-07-22 15:49:41,170 INFO: TTS worker loop starting
2026-07-22 15:49:41,344 INFO: TTS initialized
2026-07-22 15:49:57,505 INFO: HTTP Request: POST http://127.0.0.1:11434/api/chat "HTTP/1.1 200 OK"
2026-07-22 15:49:57,526 INFO: TTS enqueued 34 chars (queue size=1)
2026-07-22 15:49:57,528 INFO: TTS speaking (chars=34)
2026-07-22 15:50:01,110 INFO: TTS finished speaking
2026-07-22 15:50:01,110 INFO: TTS status after enqueue: {'enabled': True, 'engine': False, 'worker_alive': True, 'queue_size': 0}
2026-07-22 15:50:16,371 INFO: HTTP Request: POST http://127.0.0.1:11434/api/chat "HTTP/1.1 200 OK"
2026-07-22 15:50:16,387 INFO: TTS enqueued 96 chars (queue size=1)
2026-07-22 15:50:16,446 INFO: TTS speaking (chars=96)
2026-07-22 15:50:23,135 INFO: TTS finished speaking
2026-07-22 15:50:23,141 INFO: TTS status after enqueue: {'enabled': True, 'engine': False, 'worker_alive': True, 'queue_size': 0}
2026-07-22 15:50:25,830 INFO: TTS worker received shutdown signal
2026-07-22 15:50:25,830 INFO: TTS shut down
2026-07-31 15:22:36,335 INFO: Imported existing <module 'comtypes.gen' from 'C:\\Users\\kumar\\roha-ai\\.venv\\Lib\\site-packages\\comtypes\\gen\\__init__.py'>
2026-07-31 15:22:36,335 INFO: Using writeable comtypes cache directory: 'C:\Users\kumar\roha-ai\.venv\Lib\site-packages\comtypes\gen'
2026-07-31 15:22:36,424 INFO: Could not import comtypes.gen._C866CA3A_32F7_11D2_9602_00C04F8EE628_0_5_4: Typelib different than module
2026-07-31 15:22:36,424 INFO: # Generating comtypes.gen._C866CA3A_32F7_11D2_9602_00C04F8EE628_0_5_4
2026-07-31 15:22:36,569 INFO: # Generating comtypes.gen.SpeechLib
2026-07-31 15:22:36,923 INFO: TTS engine ready on worker thread
2026-07-31 15:22:36,923 INFO: TTS worker loop starting
2026-07-31 15:22:37,013 INFO: TTS initialized
2026-07-31 15:22:44,191 INFO: Processing audio with duration 00:02.000
2026-07-31 15:22:54,941 INFO: TTS worker received shutdown signal
2026-07-31 15:22:54,941 INFO: TTS shut down
2026-07-31 15:23:03,542 INFO: Imported existing <module 'comtypes.gen' from 'C:\\Users\\kumar\\roha-ai\\.venv\\Lib\\site-packages\\comtypes\\gen\\__init__.py'>
2026-07-31 15:23:03,542 INFO: Using writeable comtypes cache directory: 'C:\Users\kumar\roha-ai\.venv\Lib\site-packages\comtypes\gen'
2026-07-31 15:23:03,670 INFO: TTS engine ready on worker thread
2026-07-31 15:23:03,670 INFO: TTS worker loop starting
2026-07-31 15:23:03,821 INFO: TTS initialized
2026-07-31 15:23:11,977 INFO: HTTP Request: POST http://127.0.0.1:11434/api/chat "HTTP/1.1 200 OK"
2026-07-31 15:23:11,985 INFO: TTS enqueued 34 chars (queue size=1)
2026-07-31 15:23:11,987 INFO: TTS speaking (chars=34)
2026-07-31 15:23:15,513 INFO: TTS finished speaking
2026-07-31 15:23:15,513 INFO: TTS status after enqueue: {'enabled': True, 'engine': False, 'worker_alive': True, 'queue_size': 0}
2026-07-31 15:23:24,767 INFO: TTS worker received shutdown signal
2026-07-31 15:23:24,767 INFO: TTS shut down
2026-07-31 15:23:46,660 INFO: Imported existing <module 'comtypes.gen' from 'C:\\Users\\kumar\\roha-ai\\.venv\\Lib\\site-packages\\comtypes\\gen\\__init__.py'>
2026-07-31 15:23:46,660 INFO: Using writeable comtypes cache directory: 'C:\Users\kumar\roha-ai\.venv\Lib\site-packages\comtypes\gen'
2026-07-31 15:23:46,801 INFO: TTS engine ready on worker thread
2026-07-31 15:23:46,801 INFO: TTS worker loop starting
2026-07-31 15:23:46,925 INFO: TTS initialized
2026-07-31 15:23:52,088 INFO: Processing audio with duration 00:02.000
2026-07-31 15:23:54,585 INFO: HTTP Request: POST http://127.0.0.1:11434/api/chat "HTTP/1.1 200 OK"
2026-07-31 15:23:54,601 INFO: TTS enqueued 116 chars (queue size=1)
2026-07-31 15:23:54,602 INFO: TTS speaking (chars=116)
2026-07-31 15:24:02,868 INFO: TTS finished speaking
2026-07-31 15:24:02,873 INFO: TTS status after enqueue: {'enabled': True, 'engine': False, 'worker_alive': True, 'queue_size': 0}
2026-07-31 15:24:05,100 INFO: Processing audio with duration 00:02.000
2026-07-31 15:24:08,088 INFO: HTTP Request: POST http://127.0.0.1:11434/api/chat "HTTP/1.1 200 OK"
2026-07-31 15:24:08,098 INFO: TTS enqueued 169 chars (queue size=1)
2026-07-31 15:24:08,140 INFO: TTS speaking (chars=169)
2026-07-31 15:24:18,549 INFO: TTS finished speaking
2026-07-31 15:24:18,549 INFO: TTS status after enqueue: {'enabled': True, 'engine': False, 'worker_alive': True, 'queue_size': 0}
2026-07-31 15:24:20,521 INFO: Processing audio with duration 00:01.750
2026-07-31 15:24:23,232 INFO: HTTP Request: POST http://127.0.0.1:11434/api/chat "HTTP/1.1 200 OK"
2026-07-31 15:24:23,248 INFO: TTS enqueued 138 chars (queue size=1)
2026-07-31 15:24:23,288 INFO: TTS speaking (chars=138)
2026-07-31 15:24:32,337 INFO: TTS finished speaking
2026-07-31 15:24:32,348 INFO: TTS worker received shutdown signal
2026-07-31 15:24:32,348 INFO: TTS shut down
2026-07-31 15:24:40,144 INFO: Imported existing <module 'comtypes.gen' from 'C:\\Users\\kumar\\roha-ai\\.venv\\Lib\\site-packages\\comtypes\\gen\\__init__.py'>
2026-07-31 15:24:40,144 INFO: Using writeable comtypes cache directory: 'C:\Users\kumar\roha-ai\.venv\Lib\site-packages\comtypes\gen'
2026-07-31 15:24:40,283 INFO: TTS engine ready on worker thread
2026-07-31 15:24:40,283 INFO: TTS worker loop starting
2026-07-31 15:24:40,412 INFO: TTS initialized
2026-07-31 15:25:03,825 INFO: HTTP Request: POST http://127.0.0.1:11434/api/chat "HTTP/1.1 200 OK"
2026-07-31 15:25:03,840 INFO: TTS enqueued 151 chars (queue size=1)
2026-07-31 15:25:03,841 INFO: TTS speaking (chars=151)
2026-07-31 15:25:13,078 INFO: TTS finished speaking
2026-07-31 15:25:13,084 INFO: TTS status after enqueue: {'enabled': True, 'engine': False, 'worker_alive': True, 'queue_size': 0}
2026-07-31 15:25:17,331 INFO: TTS worker received shutdown signal
2026-07-31 15:25:17,331 INFO: TTS shut down
2026-08-03 17:25:15,040 INFO: Imported existing <module 'comtypes.gen' from 'C:\\Users\\kumar\\roha-ai\\.venv\\Lib\\site-packages\\comtypes\\gen\\__init__.py'>
2026-08-03 17:25:15,040 INFO: Using writeable comtypes cache directory: 'C:\Users\kumar\roha-ai\.venv\Lib\site-packages\comtypes\gen'
2026-08-03 17:25:15,222 INFO: TTS engine ready on worker thread
2026-08-03 17:25:15,222 INFO: TTS worker loop starting
2026-08-03 17:25:15,285 INFO: TTS initialized
2026-08-03 17:25:24,036 INFO: Loading Whisper model: base
2026-08-03 17:25:24,700 INFO: HTTP Request: GET https://huggingface.co/api/agent-harnesses "HTTP/1.1 200 OK"
2026-08-03 17:25:25,023 INFO: HTTP Request: GET https://huggingface.co/api/models/Systran/faster-whisper-base/revision/main "HTTP/1.1 200 OK"
2026-08-03 17:25:25,926 INFO: Processing audio with duration 00:03.500
2026-08-03 17:25:34,766 INFO: HTTP Request: POST http://127.0.0.1:11434/api/chat "HTTP/1.1 200 OK"
2026-08-03 17:25:34,766 INFO: Model call latency: 7.47s (attempt 1)
2026-08-03 17:25:34,766 WARNING: Model attempt 1 failed: Invalid model response type
2026-08-03 17:25:37,407 INFO: HTTP Request: POST http://127.0.0.1:11434/api/chat "HTTP/1.1 200 OK"
2026-08-03 17:25:37,408 INFO: Model call latency: 1.64s (attempt 2)
2026-08-03 17:25:37,408 WARNING: Model attempt 2 failed: Invalid model response type
2026-08-03 17:25:39,409 ERROR: Model call failed
Traceback (most recent call last):
  File "C:\Users\kumar\roha-ai\app\main.py", line 166, in main
    assistant_reply = _call_model_with_timeout(to_send, timeout=int(os.getenv("MODEL_TIMEOUT", "30")))
                      ^^^^^^^^^^^^^^^^^^^^^^^^^^^^^^^^^^^^^^^^^^^^^^^^^^^^^^^^^^^^^^^^^^^^^^^^^^^^^^^^
  File "C:\Users\kumar\roha-ai\app\main.py", line 48, in _call_model_with_timeout
    return fut.result(timeout=timeout)
           ^^^^^^^^^^^^^^^^^^^^^^^^^^^
  File "C:\Users\kumar\AppData\Local\Programs\Python\Python312\Lib\concurrent\futures\_base.py", line 456, in result
    return self.__get_result()
           ^^^^^^^^^^^^^^^^^^^
  File "C:\Users\kumar\AppData\Local\Programs\Python\Python312\Lib\concurrent\futures\_base.py", line 401, in __get_result
    raise self._exception
  File "C:\Users\kumar\AppData\Local\Programs\Python\Python312\Lib\concurrent\futures\thread.py", line 59, in run
    result = self.fn(*self.args, **self.kwargs)
             ^^^^^^^^^^^^^^^^^^^^^^^^^^^^^^^^^^
  File "C:\Users\kumar\roha-ai\app\chat.py", line 34, in chat_with_roha
    raise RuntimeError(f"LLM call failed after {attempts} attempts: {last_exc}")
RuntimeError: LLM call failed after 2 attempts: Invalid model response type
2026-08-03 17:25:39,422 INFO: TTS enqueued 77 chars (queue size=1)
2026-08-03 17:25:39,434 INFO: TTS speaking (chars=77)
2026-08-03 17:25:43,897 INFO: TTS finished speaking
2026-08-03 17:25:43,904 INFO: TTS status after enqueue: {'enabled': True, 'engine': False, 'worker_alive': True, 'queue_size': 0}
2026-08-03 17:25:47,574 INFO: Processing audio with duration 00:03.500
2026-08-03 17:25:52,363 INFO: HTTP Request: POST http://127.0.0.1:11434/api/chat "HTTP/1.1 200 OK"
2026-08-03 17:25:52,363 INFO: Model call latency: 3.22s (attempt 1)
2026-08-03 17:25:52,363 WARNING: Model attempt 1 failed: Invalid model response type
2026-08-03 17:25:56,181 INFO: HTTP Request: POST http://127.0.0.1:11434/api/chat "HTTP/1.1 200 OK"
2026-08-03 17:25:56,182 INFO: Model call latency: 2.82s (attempt 2)
2026-08-03 17:25:56,182 WARNING: Model attempt 2 failed: Invalid model response type
2026-08-03 17:25:58,183 INFO: TTS worker received shutdown signal
2026-08-03 17:25:58,183 INFO: TTS shut down
2026-08-03 17:26:09,001 INFO: Imported existing <module 'comtypes.gen' from 'C:\\Users\\kumar\\roha-ai\\.venv\\Lib\\site-packages\\comtypes\\gen\\__init__.py'>
2026-08-03 17:26:09,001 INFO: Using writeable comtypes cache directory: 'C:\Users\kumar\roha-ai\.venv\Lib\site-packages\comtypes\gen'
2026-08-03 17:26:09,101 INFO: TTS engine ready on worker thread
2026-08-03 17:26:09,101 INFO: TTS worker loop starting
2026-08-03 17:26:09,153 INFO: TTS initialized
2026-08-03 17:26:18,560 INFO: HTTP Request: POST http://127.0.0.1:11434/api/chat "HTTP/1.1 200 OK"
2026-08-03 17:26:18,561 INFO: Model call latency: 1.16s (attempt 1)
2026-08-03 17:26:18,561 WARNING: Model attempt 1 failed: Invalid model response type
2026-08-03 17:26:20,637 INFO: HTTP Request: POST http://127.0.0.1:11434/api/chat "HTTP/1.1 200 OK"
2026-08-03 17:26:20,637 INFO: Model call latency: 1.08s (attempt 2)
2026-08-03 17:26:20,638 WARNING: Model attempt 2 failed: Invalid model response type
2026-08-03 17:26:22,638 ERROR: Model call failed
Traceback (most recent call last):
  File "C:\Users\kumar\roha-ai\app\main.py", line 166, in main
    assistant_reply = _call_model_with_timeout(to_send, timeout=int(os.getenv("MODEL_TIMEOUT", "30")))
                      ^^^^^^^^^^^^^^^^^^^^^^^^^^^^^^^^^^^^^^^^^^^^^^^^^^^^^^^^^^^^^^^^^^^^^^^^^^^^^^^^
  File "C:\Users\kumar\roha-ai\app\main.py", line 48, in _call_model_with_timeout
    return fut.result(timeout=timeout)
           ^^^^^^^^^^^^^^^^^^^^^^^^^^^
  File "C:\Users\kumar\AppData\Local\Programs\Python\Python312\Lib\concurrent\futures\_base.py", line 456, in result
    return self.__get_result()
           ^^^^^^^^^^^^^^^^^^^
  File "C:\Users\kumar\AppData\Local\Programs\Python\Python312\Lib\concurrent\futures\_base.py", line 401, in __get_result
    raise self._exception
  File "C:\Users\kumar\AppData\Local\Programs\Python\Python312\Lib\concurrent\futures\thread.py", line 59, in run
    result = self.fn(*self.args, **self.kwargs)
             ^^^^^^^^^^^^^^^^^^^^^^^^^^^^^^^^^^
  File "C:\Users\kumar\roha-ai\app\chat.py", line 34, in chat_with_roha
    raise RuntimeError(f"LLM call failed after {attempts} attempts: {last_exc}")
RuntimeError: LLM call failed after 2 attempts: Invalid model response type
2026-08-03 17:26:22,662 INFO: TTS enqueued 77 chars (queue size=1)
2026-08-03 17:26:22,663 INFO: TTS speaking (chars=77)
2026-08-03 17:26:26,982 INFO: TTS finished speaking
2026-08-03 17:26:26,984 INFO: TTS status after enqueue: {'enabled': True, 'engine': False, 'worker_alive': True, 'queue_size': 0}
2026-08-03 17:26:36,811 INFO: HTTP Request: POST http://127.0.0.1:11434/api/chat "HTTP/1.1 200 OK"
2026-08-03 17:26:36,812 INFO: Model call latency: 2.10s (attempt 1)
2026-08-03 17:26:36,812 WARNING: Model attempt 1 failed: Invalid model response type
2026-08-03 17:26:39,296 INFO: HTTP Request: POST http://127.0.0.1:11434/api/chat "HTTP/1.1 200 OK"
2026-08-03 17:26:39,297 INFO: Model call latency: 1.48s (attempt 2)
2026-08-03 17:26:39,298 WARNING: Model attempt 2 failed: Invalid model response type
2026-08-03 17:26:41,298 ERROR: Model call failed
Traceback (most recent call last):
  File "C:\Users\kumar\roha-ai\app\main.py", line 166, in main
    assistant_reply = _call_model_with_timeout(to_send, timeout=int(os.getenv("MODEL_TIMEOUT", "30")))
                      ^^^^^^^^^^^^^^^^^^^^^^^^^^^^^^^^^^^^^^^^^^^^^^^^^^^^^^^^^^^^^^^^^^^^^^^^^^^^^^^^
  File "C:\Users\kumar\roha-ai\app\main.py", line 48, in _call_model_with_timeout
    return fut.result(timeout=timeout)
           ^^^^^^^^^^^^^^^^^^^^^^^^^^^
  File "C:\Users\kumar\AppData\Local\Programs\Python\Python312\Lib\concurrent\futures\_base.py", line 456, in result
    return self.__get_result()
           ^^^^^^^^^^^^^^^^^^^
  File "C:\Users\kumar\AppData\Local\Programs\Python\Python312\Lib\concurrent\futures\_base.py", line 401, in __get_result
    raise self._exception
  File "C:\Users\kumar\AppData\Local\Programs\Python\Python312\Lib\concurrent\futures\thread.py", line 59, in run
    result = self.fn(*self.args, **self.kwargs)
             ^^^^^^^^^^^^^^^^^^^^^^^^^^^^^^^^^^
  File "C:\Users\kumar\roha-ai\app\chat.py", line 34, in chat_with_roha
    raise RuntimeError(f"LLM call failed after {attempts} attempts: {last_exc}")
RuntimeError: LLM call failed after 2 attempts: Invalid model response type
2026-08-03 17:26:41,317 INFO: TTS enqueued 77 chars (queue size=1)
2026-08-03 17:26:41,345 INFO: TTS speaking (chars=77)
2026-08-03 17:26:45,654 INFO: TTS finished speaking
2026-08-03 17:26:45,654 INFO: TTS status after enqueue: {'enabled': True, 'engine': False, 'worker_alive': True, 'queue_size': 0}
2026-08-04 12:36:12,511 INFO: Imported existing <module 'comtypes.gen' from 'C:\\Users\\kumar\\roha-ai\\.venv\\Lib\\site-packages\\comtypes\\gen\\__init__.py'>
2026-08-04 12:36:12,511 INFO: Using writeable comtypes cache directory: 'C:\Users\kumar\roha-ai\.venv\Lib\site-packages\comtypes\gen'
2026-08-04 12:36:12,725 INFO: TTS engine ready on worker thread
2026-08-04 12:36:12,725 INFO: TTS worker loop starting
2026-08-04 12:36:12,775 INFO: TTS initialized
2026-08-04 12:36:31,228 INFO: HTTP Request: POST http://127.0.0.1:11434/api/chat "HTTP/1.1 200 OK"
2026-08-04 12:36:31,232 INFO: Model call latency: 7.44s (attempt 1)
2026-08-04 12:36:31,234 WARNING: Model attempt 1 failed: Invalid model response type
2026-08-04 12:36:33,332 INFO: HTTP Request: POST http://127.0.0.1:11434/api/chat "HTTP/1.1 200 OK"
2026-08-04 12:36:33,333 INFO: Model call latency: 1.10s (attempt 2)
2026-08-04 12:36:33,333 WARNING: Model attempt 2 failed: Invalid model response type
2026-08-04 12:36:35,335 ERROR: Model call failed
Traceback (most recent call last):
  File "C:\Users\kumar\roha-ai\app\main.py", line 166, in main
    assistant_reply = _call_model_with_timeout(to_send, timeout=int(os.getenv("MODEL_TIMEOUT", "30")))
                      ^^^^^^^^^^^^^^^^^^^^^^^^^^^^^^^^^^^^^^^^^^^^^^^^^^^^^^^^^^^^^^^^^^^^^^^^^^^^^^^^
  File "C:\Users\kumar\roha-ai\app\main.py", line 48, in _call_model_with_timeout
    return fut.result(timeout=timeout)
           ^^^^^^^^^^^^^^^^^^^^^^^^^^^
  File "C:\Users\kumar\AppData\Local\Programs\Python\Python312\Lib\concurrent\futures\_base.py", line 456, in result
    return self.__get_result()
           ^^^^^^^^^^^^^^^^^^^
  File "C:\Users\kumar\AppData\Local\Programs\Python\Python312\Lib\concurrent\futures\_base.py", line 401, in __get_result
    raise self._exception
  File "C:\Users\kumar\AppData\Local\Programs\Python\Python312\Lib\concurrent\futures\thread.py", line 59, in run
    result = self.fn(*self.args, **self.kwargs)
             ^^^^^^^^^^^^^^^^^^^^^^^^^^^^^^^^^^
  File "C:\Users\kumar\roha-ai\app\chat.py", line 34, in chat_with_roha
    raise RuntimeError(f"LLM call failed after {attempts} attempts: {last_exc}")
RuntimeError: LLM call failed after 2 attempts: Invalid model response type
2026-08-04 12:36:35,361 INFO: TTS enqueued 77 chars (queue size=1)
2026-08-04 12:36:35,361 INFO: TTS speaking (chars=77)
2026-08-04 12:36:39,808 INFO: TTS finished speaking
2026-08-04 12:36:39,815 INFO: TTS status after enqueue: {'enabled': True, 'engine': False, 'worker_alive': True, 'queue_size': 0}
2026-08-04 12:36:43,315 INFO: TTS worker received shutdown signal
2026-08-04 12:36:43,325 INFO: TTS shut down
2026-08-04 12:39:15,065 INFO: Imported existing <module 'comtypes.gen' from 'C:\\Users\\kumar\\roha-ai\\.venv\\Lib\\site-packages\\comtypes\\gen\\__init__.py'>
2026-08-04 12:39:15,065 INFO: Using writeable comtypes cache directory: 'C:\Users\kumar\roha-ai\.venv\Lib\site-packages\comtypes\gen'
2026-08-04 12:39:15,185 INFO: TTS engine ready on worker thread
2026-08-04 12:39:15,185 INFO: TTS worker loop starting
2026-08-04 12:39:15,251 INFO: TTS initialized
2026-08-04 12:39:23,497 INFO: HTTP Request: POST http://127.0.0.1:11434/api/chat "HTTP/1.1 200 OK"
2026-08-04 12:39:23,497 INFO: Model call latency: 1.20s (attempt 1)
2026-08-04 12:39:23,497 WARNING: Model attempt 1 failed: Invalid model response type
2026-08-04 12:39:25,585 INFO: HTTP Request: POST http://127.0.0.1:11434/api/chat "HTTP/1.1 200 OK"
2026-08-04 12:39:25,585 INFO: Model call latency: 1.09s (attempt 2)
2026-08-04 12:39:25,585 WARNING: Model attempt 2 failed: Invalid model response type
2026-08-04 12:39:27,587 ERROR: Model call failed
Traceback (most recent call last):
  File "C:\Users\kumar\roha-ai\app\main.py", line 168, in main
    assistant_reply = _call_model_with_timeout(to_send, timeout=int(os.getenv("MODEL_TIMEOUT", "30")))
                      ^^^^^^^^^^^^^^^^^^^^^^^^^^^^^^^^^^^^^^^^^^^^^^^^^^^^^^^^^^^^^^^^^^^^^^^^^^^^^^^^
  File "C:\Users\kumar\roha-ai\app\main.py", line 48, in _call_model_with_timeout
    return fut.result(timeout=timeout)
           ^^^^^^^^^^^^^^^^^^^^^^^^^^^
  File "C:\Users\kumar\AppData\Local\Programs\Python\Python312\Lib\concurrent\futures\_base.py", line 456, in result
    return self.__get_result()
           ^^^^^^^^^^^^^^^^^^^
  File "C:\Users\kumar\AppData\Local\Programs\Python\Python312\Lib\concurrent\futures\_base.py", line 401, in __get_result
    raise self._exception
  File "C:\Users\kumar\AppData\Local\Programs\Python\Python312\Lib\concurrent\futures\thread.py", line 59, in run
    result = self.fn(*self.args, **self.kwargs)
             ^^^^^^^^^^^^^^^^^^^^^^^^^^^^^^^^^^
  File "C:\Users\kumar\roha-ai\app\chat.py", line 34, in chat_with_roha
    raise RuntimeError(f"LLM call failed after {attempts} attempts: {last_exc}")
RuntimeError: LLM call failed after 2 attempts: Invalid model response type
2026-08-04 12:39:27,606 INFO: TTS enqueued 77 chars (queue size=1)
2026-08-04 12:39:27,606 INFO: TTS speaking (chars=77)
2026-08-04 12:39:31,868 INFO: TTS finished speaking
2026-08-04 12:39:31,872 INFO: TTS status after enqueue: {'enabled': True, 'engine': False, 'worker_alive': True, 'queue_size': 0}
2026-08-04 12:40:44,063 INFO: HTTP Request: POST http://127.0.0.1:11434/api/chat "HTTP/1.1 200 OK"
2026-08-04 12:40:44,064 INFO: Model call latency: 1.41s (attempt 1)
2026-08-04 12:40:44,064 WARNING: Model attempt 1 failed: Invalid model response type
2026-08-04 12:40:46,157 INFO: HTTP Request: POST http://127.0.0.1:11434/api/chat "HTTP/1.1 200 OK"
2026-08-04 12:40:46,158 INFO: Model call latency: 1.09s (attempt 2)
2026-08-04 12:40:46,158 WARNING: Model attempt 2 failed: Invalid model response type
2026-08-04 12:40:48,159 ERROR: Model call failed
Traceback (most recent call last):
  File "C:\Users\kumar\roha-ai\app\main.py", line 168, in main
    assistant_reply = _call_model_with_timeout(to_send, timeout=int(os.getenv("MODEL_TIMEOUT", "30")))
                      ^^^^^^^^^^^^^^^^^^^^^^^^^^^^^^^^^^^^^^^^^^^^^^^^^^^^^^^^^^^^^^^^^^^^^^^^^^^^^^^^
  File "C:\Users\kumar\roha-ai\app\main.py", line 48, in _call_model_with_timeout
    return fut.result(timeout=timeout)
           ^^^^^^^^^^^^^^^^^^^^^^^^^^^
  File "C:\Users\kumar\AppData\Local\Programs\Python\Python312\Lib\concurrent\futures\_base.py", line 456, in result
    return self.__get_result()
           ^^^^^^^^^^^^^^^^^^^
  File "C:\Users\kumar\AppData\Local\Programs\Python\Python312\Lib\concurrent\futures\_base.py", line 401, in __get_result
    raise self._exception
  File "C:\Users\kumar\AppData\Local\Programs\Python\Python312\Lib\concurrent\futures\thread.py", line 59, in run
    result = self.fn(*self.args, **self.kwargs)
             ^^^^^^^^^^^^^^^^^^^^^^^^^^^^^^^^^^
  File "C:\Users\kumar\roha-ai\app\chat.py", line 34, in chat_with_roha
    time.sleep(delay)
RuntimeError: LLM call failed after 2 attempts: Invalid model response type
2026-08-04 12:40:48,181 INFO: TTS enqueued 77 chars (queue size=1)
2026-08-04 12:40:48,208 INFO: TTS speaking (chars=77)
2026-08-04 12:40:52,468 INFO: TTS finished speaking
2026-08-04 12:40:52,470 INFO: TTS status after enqueue: {'enabled': True, 'engine': False, 'worker_alive': True, 'queue_size': 0}
2026-08-04 12:40:54,610 INFO: TTS worker received shutdown signal
2026-08-04 12:40:54,610 INFO: TTS shut down
2026-08-04 12:40:59,133 INFO: Imported existing <module 'comtypes.gen' from 'C:\\Users\\kumar\\roha-ai\\.venv\\Lib\\site-packages\\comtypes\\gen\\__init__.py'>
2026-08-04 12:40:59,133 INFO: Using writeable comtypes cache directory: 'C:\Users\kumar\roha-ai\.venv\Lib\site-packages\comtypes\gen'
2026-08-04 12:40:59,235 INFO: TTS engine ready on worker thread
2026-08-04 12:40:59,235 INFO: TTS worker loop starting
2026-08-04 12:40:59,304 INFO: TTS initialized
2026-08-04 12:41:16,144 INFO: HTTP Request: POST http://127.0.0.1:11434/api/chat "HTTP/1.1 200 OK"
2026-08-04 12:41:16,145 INFO: Model call latency: 1.16s (attempt 1)
2026-08-04 12:41:16,169 INFO: TTS enqueued 34 chars (queue size=1)
2026-08-04 12:41:16,169 INFO: TTS speaking (chars=34)
2026-08-04 12:41:19,176 INFO: TTS finished speaking
2026-08-04 12:41:19,176 INFO: TTS status after enqueue: {'enabled': True, 'engine': False, 'worker_alive': True, 'queue_size': 0}
2026-08-04 12:41:46,891 INFO: HTTP Request: POST http://127.0.0.1:11434/api/chat "HTTP/1.1 200 OK"
2026-08-04 12:41:46,891 INFO: Model call latency: 3.92s (attempt 1)
2026-08-04 12:41:46,907 INFO: TTS enqueued 376 chars (queue size=1)
2026-08-04 12:41:46,940 INFO: TTS speaking (chars=376)
2026-08-04 12:41:59,707 INFO: TTS finished speaking
2026-08-04 12:41:59,710 INFO: TTS status after enqueue: {'enabled': True, 'engine': False, 'worker_alive': True, 'queue_size': 0}
2026-08-04 12:53:53,304 INFO: Imported existing <module 'comtypes.gen' from 'C:\\Users\\kumar\\roha-ai\\.venv\\Lib\\site-packages\\comtypes\\gen\\__init__.py'>
2026-08-04 12:53:53,304 INFO: Using writeable comtypes cache directory: 'C:\Users\kumar\roha-ai\.venv\Lib\site-packages\comtypes\gen'
2026-08-04 12:53:53,405 INFO: TTS engine ready on worker thread
2026-08-04 12:53:53,405 INFO: TTS worker loop starting
2026-08-04 12:53:53,456 INFO: TTS initialized
2026-08-04 12:53:53,491 INFO: Starting Roha web app at http://127.0.0.1:8000
2026-08-04 12:53:53,910 INFO: 127.0.0.1 - "GET / HTTP/1.1" 200 -
2026-08-04 12:53:54,000 INFO: 127.0.0.1 - "GET /api/state HTTP/1.1" 200 -
2026-08-04 12:53:54,019 INFO: 127.0.0.1 - "GET /favicon.ico HTTP/1.1" 404 -
2026-08-04 12:53:55,976 INFO: 127.0.0.1 - "GET /api/state HTTP/1.1" 200 -
2026-08-04 12:53:57,973 INFO: 127.0.0.1 - "GET /api/state HTTP/1.1" 200 -
2026-08-04 12:53:59,974 INFO: 127.0.0.1 - "GET /api/state HTTP/1.1" 200 -
2026-08-04 12:54:01,975 INFO: 127.0.0.1 - "GET /api/state HTTP/1.1" 200 -
2026-08-04 12:54:03,765 INFO: 127.0.0.1 - "GET / HTTP/1.1" 200 -
2026-08-04 12:54:03,786 INFO: 127.0.0.1 - "GET /api/state HTTP/1.1" 200 -
2026-08-04 12:54:03,804 INFO: 127.0.0.1 - "GET /favicon.ico HTTP/1.1" 404 -
2026-08-04 12:54:03,966 INFO: 127.0.0.1 - "GET /api/state HTTP/1.1" 200 -
2026-08-04 12:54:05,791 INFO: 127.0.0.1 - "GET /api/state HTTP/1.1" 200 -
2026-08-04 12:54:05,971 INFO: 127.0.0.1 - "GET /api/state HTTP/1.1" 200 -
2026-08-04 12:54:07,790 INFO: 127.0.0.1 - "GET /api/state HTTP/1.1" 200 -
2026-08-04 12:54:07,980 INFO: 127.0.0.1 - "GET /api/state HTTP/1.1" 200 -
2026-08-04 12:54:09,784 INFO: 127.0.0.1 - "GET /api/state HTTP/1.1" 200 -
2026-08-04 12:54:09,971 INFO: 127.0.0.1 - "GET /api/state HTTP/1.1" 200 -
2026-08-04 12:54:11,790 INFO: 127.0.0.1 - "GET /api/state HTTP/1.1" 200 -
2026-08-04 12:54:11,972 INFO: 127.0.0.1 - "GET /api/state HTTP/1.1" 200 -
2026-08-04 12:55:59,973 INFO: TTS worker received shutdown signal
2026-08-04 12:55:59,973 INFO: TTS shut down
2026-08-04 12:58:31,136 INFO: Imported existing <module 'comtypes.gen' from 'C:\\Users\\kumar\\roha-ai\\.venv\\Lib\\site-packages\\comtypes\\gen\\__init__.py'>
2026-08-04 12:58:31,136 INFO: Using writeable comtypes cache directory: 'C:\Users\kumar\roha-ai\.venv\Lib\site-packages\comtypes\gen'
2026-08-04 12:58:31,223 INFO: TTS engine ready on worker thread
2026-08-04 12:58:31,223 INFO: TTS worker loop starting
2026-08-04 12:58:31,286 INFO: TTS initialized
2026-08-04 12:58:31,286 INFO: TTS worker received shutdown signal
2026-08-04 12:58:31,286 INFO: TTS shut down
2026-08-04 12:58:49,234 INFO: Imported existing <module 'comtypes.gen' from 'C:\\Users\\kumar\\roha-ai\\.venv\\Lib\\site-packages\\comtypes\\gen\\__init__.py'>
2026-08-04 12:58:49,234 INFO: Using writeable comtypes cache directory: 'C:\Users\kumar\roha-ai\.venv\Lib\site-packages\comtypes\gen'
2026-08-04 12:58:49,343 INFO: TTS engine ready on worker thread
2026-08-04 12:58:49,343 INFO: TTS worker loop starting
2026-08-04 12:58:49,396 INFO: TTS initialized
2026-08-04 12:58:49,405 INFO: Starting Roha web app at http://127.0.0.1:8000
2026-08-04 12:58:49,520 INFO: 127.0.0.1 - "GET / HTTP/1.1" 200 -
2026-08-04 12:58:49,547 INFO: 127.0.0.1 - "GET /api/state HTTP/1.1" 200 -
2026-08-04 12:58:49,784 INFO: 127.0.0.1 - "GET /api/state HTTP/1.1" 200 -
2026-08-04 12:58:51,559 INFO: 127.0.0.1 - "GET /api/state HTTP/1.1" 200 -
2026-08-04 12:58:51,784 INFO: 127.0.0.1 - "GET /api/state HTTP/1.1" 200 -
2026-08-04 12:58:53,785 INFO: 127.0.0.1 - "GET /api/state HTTP/1.1" 200 -
2026-08-04 12:58:53,835 INFO: 127.0.0.1 - "GET /api/state HTTP/1.1" 200 -
2026-08-04 12:58:55,787 INFO: 127.0.0.1 - "GET /api/state HTTP/1.1" 200 -
2026-08-04 12:58:55,834 INFO: 127.0.0.1 - "GET /api/state HTTP/1.1" 200 -
2026-08-04 12:58:57,783 INFO: 127.0.0.1 - "GET /api/state HTTP/1.1" 200 -
2026-08-04 12:58:57,833 INFO: 127.0.0.1 - "GET /api/state HTTP/1.1" 200 -
2026-08-04 12:58:59,782 INFO: 127.0.0.1 - "GET /api/state HTTP/1.1" 200 -
2026-08-04 12:58:59,836 INFO: 127.0.0.1 - "GET /api/state HTTP/1.1" 200 -
2026-08-04 12:59:01,783 INFO: 127.0.0.1 - "GET /api/state HTTP/1.1" 200 -
2026-08-04 12:59:01,849 INFO: 127.0.0.1 - "GET /api/state HTTP/1.1" 200 -
2026-08-04 12:59:01,849 INFO: 127.0.0.1 - "GET /api/state HTTP/1.1" 200 -
2026-08-04 12:59:03,783 INFO: 127.0.0.1 - "GET /api/state HTTP/1.1" 200 -
2026-08-04 12:59:03,832 INFO: 127.0.0.1 - "GET /api/state HTTP/1.1" 200 -
2026-08-04 12:59:05,782 INFO: 127.0.0.1 - "GET /api/state HTTP/1.1" 200 -
2026-08-04 12:59:05,849 INFO: 127.0.0.1 - "GET /api/state HTTP/1.1" 200 -
2026-08-04 12:59:07,784 INFO: 127.0.0.1 - "GET /api/state HTTP/1.1" 200 -
2026-08-04 12:59:07,849 INFO: 127.0.0.1 - "GET /api/state HTTP/1.1" 200 -
2026-08-04 12:59:09,798 INFO: 127.0.0.1 - "GET /api/state HTTP/1.1" 200 -
2026-08-04 12:59:09,848 INFO: 127.0.0.1 - "GET /api/state HTTP/1.1" 200 -
2026-08-04 12:59:10,731 INFO: 127.0.0.1 - "GET / HTTP/1.1" 200 -
2026-08-04 12:59:10,745 INFO: 127.0.0.1 - "GET /api/state HTTP/1.1" 200 -
2026-08-04 12:59:11,848 INFO: 127.0.0.1 - "GET /api/state HTTP/1.1" 200 -
2026-08-04 12:59:12,748 INFO: 127.0.0.1 - "GET /api/state HTTP/1.1" 200 -
2026-08-04 12:59:13,851 INFO: 127.0.0.1 - "GET /api/state HTTP/1.1" 200 -
2026-08-04 12:59:14,748 INFO: 127.0.0.1 - "GET /api/state HTTP/1.1" 200 -
2026-08-04 12:59:15,847 INFO: 127.0.0.1 - "GET /api/state HTTP/1.1" 200 -
2026-08-04 12:59:21,419 INFO: HTTP Request: POST http://127.0.0.1:11434/api/chat "HTTP/1.1 200 OK"
2026-08-04 12:59:21,420 INFO: Model call latency: 5.55s (attempt 1)
2026-08-04 12:59:21,430 INFO: 127.0.0.1 - "POST /api/chat HTTP/1.1" 200 -
2026-08-04 12:59:21,430 INFO: 127.0.0.1 - "GET /api/state HTTP/1.1" 200 -
2026-08-04 12:59:21,430 INFO: 127.0.0.1 - "GET /api/state HTTP/1.1" 200 -
2026-08-04 12:59:21,430 INFO: 127.0.0.1 - "GET /api/state HTTP/1.1" 200 -
2026-08-04 12:59:21,440 INFO: 127.0.0.1 - "GET /api/state HTTP/1.1" 200 -
2026-08-04 12:59:21,442 INFO: 127.0.0.1 - "GET /api/state HTTP/1.1" 200 -
2026-08-04 12:59:21,442 INFO: 127.0.0.1 - "GET /api/state HTTP/1.1" 200 -
2026-08-04 12:59:21,837 INFO: 127.0.0.1 - "GET /api/state HTTP/1.1" 200 -
2026-08-04 12:59:22,749 INFO: 127.0.0.1 - "GET /api/state HTTP/1.1" 200 -
2026-08-04 12:59:23,851 INFO: 127.0.0.1 - "GET /api/state HTTP/1.1" 200 -
2026-08-04 12:59:24,754 INFO: 127.0.0.1 - "GET /api/state HTTP/1.1" 200 -
2026-08-04 12:59:25,848 INFO: 127.0.0.1 - "GET /api/state HTTP/1.1" 200 -
2026-08-04 12:59:26,746 INFO: 127.0.0.1 - "GET /api/state HTTP/1.1" 200 -
2026-08-04 12:59:27,846 INFO: 127.0.0.1 - "GET /api/state HTTP/1.1" 200 -
2026-08-04 12:59:28,746 INFO: 127.0.0.1 - "GET /api/state HTTP/1.1" 200 -
2026-08-04 12:59:29,850 INFO: 127.0.0.1 - "GET /api/state HTTP/1.1" 200 -
2026-08-04 12:59:30,749 INFO: 127.0.0.1 - "GET /api/state HTTP/1.1" 200 -
2026-08-04 12:59:31,845 INFO: 127.0.0.1 - "GET /api/state HTTP/1.1" 200 -
2026-08-04 12:59:32,745 INFO: 127.0.0.1 - "GET /api/state HTTP/1.1" 200 -
2026-08-04 12:59:33,846 INFO: 127.0.0.1 - "GET /api/state HTTP/1.1" 200 -
2026-08-04 12:59:34,748 INFO: 127.0.0.1 - "GET /api/state HTTP/1.1" 200 -
2026-08-04 12:59:35,847 INFO: 127.0.0.1 - "GET /api/state HTTP/1.1" 200 -
2026-08-04 12:59:36,746 INFO: 127.0.0.1 - "GET /api/state HTTP/1.1" 200 -
2026-08-04 12:59:37,334 INFO: 127.0.0.1 - "GET /api/state HTTP/1.1" 200 -
2026-08-04 12:59:37,833 INFO: 127.0.0.1 - "GET /api/state HTTP/1.1" 200 -
2026-08-04 12:59:38,748 INFO: 127.0.0.1 - "GET /api/state HTTP/1.1" 200 -
2026-08-04 12:59:39,847 INFO: 127.0.0.1 - "GET /api/state HTTP/1.1" 200 -
2026-08-04 12:59:40,748 INFO: 127.0.0.1 - "GET /api/state HTTP/1.1" 200 -
2026-08-04 12:59:41,844 INFO: 127.0.0.1 - "GET /api/state HTTP/1.1" 200 -
2026-08-04 12:59:42,760 INFO: 127.0.0.1 - "GET /api/state HTTP/1.1" 200 -
2026-08-04 12:59:43,847 INFO: 127.0.0.1 - "GET /api/state HTTP/1.1" 200 -
2026-08-04 12:59:44,744 INFO: 127.0.0.1 - "GET /api/state HTTP/1.1" 200 -
2026-08-04 12:59:45,845 INFO: 127.0.0.1 - "GET /api/state HTTP/1.1" 200 -
2026-08-04 12:59:46,760 INFO: 127.0.0.1 - "GET /api/state HTTP/1.1" 200 -
2026-08-04 12:59:47,839 INFO: 127.0.0.1 - "GET /api/state HTTP/1.1" 200 -
2026-08-04 12:59:48,761 INFO: 127.0.0.1 - "GET /api/state HTTP/1.1" 200 -
2026-08-04 12:59:49,845 INFO: 127.0.0.1 - "GET /api/state HTTP/1.1" 200 -
2026-08-04 12:59:50,746 INFO: 127.0.0.1 - "GET /api/state HTTP/1.1" 200 -
2026-08-04 12:59:51,844 INFO: 127.0.0.1 - "GET /api/state HTTP/1.1" 200 -
2026-08-04 12:59:52,745 INFO: 127.0.0.1 - "GET /api/state HTTP/1.1" 200 -
2026-08-04 12:59:54,759 INFO: 127.0.0.1 - "GET /api/state HTTP/1.1" 200 -
2026-08-04 12:59:56,759 INFO: 127.0.0.1 - "GET /api/state HTTP/1.1" 200 -
2026-08-04 12:59:58,761 INFO: 127.0.0.1 - "GET /api/state HTTP/1.1" 200 -
2026-08-04 13:00:00,744 INFO: 127.0.0.1 - "GET /api/state HTTP/1.1" 200 -
2026-08-04 13:00:01,843 INFO: 127.0.0.1 - "GET /api/state HTTP/1.1" 200 -
2026-08-04 13:00:01,843 INFO: 127.0.0.1 - "GET /api/state HTTP/1.1" 200 -
2026-08-04 13:00:02,758 INFO: 127.0.0.1 - "GET /api/state HTTP/1.1" 200 -
2026-08-04 13:00:04,758 INFO: 127.0.0.1 - "GET /api/state HTTP/1.1" 200 -
2026-08-04 13:00:06,758 INFO: 127.0.0.1 - "GET /api/state HTTP/1.1" 200 -
2026-08-04 13:00:08,758 INFO: 127.0.0.1 - "GET /api/state HTTP/1.1" 200 -
2026-08-04 13:00:10,758 INFO: 127.0.0.1 - "GET /api/state HTTP/1.1" 200 -
2026-08-04 13:00:12,757 INFO: 127.0.0.1 - "GET /api/state HTTP/1.1" 200 -
2026-08-04 13:00:14,756 INFO: 127.0.0.1 - "GET /api/state HTTP/1.1" 200 -
2026-08-04 13:00:16,756 INFO: 127.0.0.1 - "GET /api/state HTTP/1.1" 200 -
2026-08-04 13:00:18,756 INFO: 127.0.0.1 - "GET /api/state HTTP/1.1" 200 -
2026-08-04 13:00:20,755 INFO: 127.0.0.1 - "GET /api/state HTTP/1.1" 200 -
2026-08-04 13:00:22,756 INFO: 127.0.0.1 - "GET /api/state HTTP/1.1" 200 -
2026-08-04 13:00:24,755 INFO: 127.0.0.1 - "GET /api/state HTTP/1.1" 200 -
2026-08-04 13:00:26,759 INFO: 127.0.0.1 - "GET /api/state HTTP/1.1" 200 -
2026-08-04 13:00:28,758 INFO: 127.0.0.1 - "GET /api/state HTTP/1.1" 200 -
2026-08-04 13:00:30,755 INFO: 127.0.0.1 - "GET /api/state HTTP/1.1" 200 -
2026-08-04 13:00:32,754 INFO: 127.0.0.1 - "GET /api/state HTTP/1.1" 200 -
2026-08-04 13:00:34,754 INFO: 127.0.0.1 - "GET /api/state HTTP/1.1" 200 -
2026-08-04 13:00:36,754 INFO: 127.0.0.1 - "GET /api/state HTTP/1.1" 200 -
2026-08-04 13:00:38,754 INFO: 127.0.0.1 - "GET /api/state HTTP/1.1" 200 -
2026-08-04 13:00:40,753 INFO: 127.0.0.1 - "GET /api/state HTTP/1.1" 200 -
2026-08-04 13:00:42,754 INFO: 127.0.0.1 - "GET /api/state HTTP/1.1" 200 -
2026-08-04 13:00:44,753 INFO: 127.0.0.1 - "GET /api/state HTTP/1.1" 200 -
2026-08-04 13:00:46,753 INFO: 127.0.0.1 - "GET /api/state HTTP/1.1" 200 -
2026-08-04 13:00:48,753 INFO: 127.0.0.1 - "GET /api/state HTTP/1.1" 200 -
2026-08-04 13:00:50,753 INFO: 127.0.0.1 - "GET /api/state HTTP/1.1" 200 -
2026-08-04 13:00:52,753 INFO: 127.0.0.1 - "GET /api/state HTTP/1.1" 200 -
2026-08-04 13:00:54,751 INFO: 127.0.0.1 - "GET /api/state HTTP/1.1" 200 -
2026-08-04 13:00:56,751 INFO: 127.0.0.1 - "GET /api/state HTTP/1.1" 200 -
2026-08-04 13:00:58,751 INFO: 127.0.0.1 - "GET /api/state HTTP/1.1" 200 -
2026-08-04 13:01:00,751 INFO: 127.0.0.1 - "GET /api/state HTTP/1.1" 200 -
2026-08-04 13:01:01,834 INFO: 127.0.0.1 - "GET /api/state HTTP/1.1" 200 -
2026-08-04 13:01:01,834 INFO: 127.0.0.1 - "GET /api/state HTTP/1.1" 200 -
2026-08-04 13:01:02,750 INFO: 127.0.0.1 - "GET /api/state HTTP/1.1" 200 -
2026-08-04 13:01:04,752 INFO: 127.0.0.1 - "GET /api/state HTTP/1.1" 200 -
2026-08-04 13:01:06,750 INFO: 127.0.0.1 - "GET /api/state HTTP/1.1" 200 -
2026-08-04 13:01:08,749 INFO: 127.0.0.1 - "GET /api/state HTTP/1.1" 200 -
2026-08-04 13:01:10,749 INFO: 127.0.0.1 - "GET /api/state HTTP/1.1" 200 -
2026-08-04 13:01:12,748 INFO: 127.0.0.1 - "GET /api/state HTTP/1.1" 200 -
2026-08-04 13:01:14,749 INFO: 127.0.0.1 - "GET /api/state HTTP/1.1" 200 -
2026-08-04 13:01:14,944 INFO: Imported existing <module 'comtypes.gen' from 'C:\\Users\\kumar\\roha-ai\\.venv\\Lib\\site-packages\\comtypes\\gen\\__init__.py'>
2026-08-04 13:01:14,944 INFO: Using writeable comtypes cache directory: 'C:\Users\kumar\roha-ai\.venv\Lib\site-packages\comtypes\gen'
2026-08-04 13:01:15,032 INFO: TTS engine ready on worker thread
2026-08-04 13:01:15,032 INFO: TTS worker loop starting
2026-08-04 13:01:15,094 INFO: TTS initialized
2026-08-04 13:01:15,097 INFO: TTS worker received shutdown signal
2026-08-04 13:01:15,097 INFO: TTS shut down
2026-08-04 13:01:16,748 INFO: 127.0.0.1 - "GET /api/state HTTP/1.1" 200 -
2026-08-04 13:01:18,748 INFO: 127.0.0.1 - "GET /api/state HTTP/1.1" 200 -
2026-08-04 13:01:20,748 INFO: 127.0.0.1 - "GET /api/state HTTP/1.1" 200 -
2026-08-04 13:01:22,748 INFO: 127.0.0.1 - "GET /api/state HTTP/1.1" 200 -
2026-08-04 13:01:24,747 INFO: 127.0.0.1 - "GET /api/state HTTP/1.1" 200 -
2026-08-04 13:01:26,747 INFO: 127.0.0.1 - "GET /api/state HTTP/1.1" 200 -
2026-08-04 13:01:28,747 INFO: 127.0.0.1 - "GET /api/state HTTP/1.1" 200 -
2026-08-04 13:01:30,745 INFO: 127.0.0.1 - "GET /api/state HTTP/1.1" 200 -
2026-08-04 13:01:32,746 INFO: 127.0.0.1 - "GET /api/state HTTP/1.1" 200 -
2026-08-04 13:01:34,746 INFO: 127.0.0.1 - "GET /api/state HTTP/1.1" 200 -
2026-08-04 13:01:36,754 INFO: 127.0.0.1 - "GET /api/state HTTP/1.1" 200 -
2026-08-04 13:01:38,378 INFO: Imported existing <module 'comtypes.gen' from 'C:\\Users\\kumar\\roha-ai\\.venv\\Lib\\site-packages\\comtypes\\gen\\__init__.py'>
2026-08-04 13:01:38,378 INFO: Using writeable comtypes cache directory: 'C:\Users\kumar\roha-ai\.venv\Lib\site-packages\comtypes\gen'
2026-08-04 13:01:38,485 INFO: TTS engine ready on worker thread
2026-08-04 13:01:38,485 INFO: TTS worker loop starting
2026-08-04 13:01:38,544 INFO: TTS initialized
2026-08-04 13:01:38,551 INFO: Starting Roha web app at http://127.0.0.1:8000
2026-08-04 13:01:38,681 INFO: 127.0.0.1 - "GET / HTTP/1.1" 200 -
2026-08-04 13:01:38,708 INFO: 127.0.0.1 - "GET /api/state HTTP/1.1" 200 -
2026-08-04 13:01:38,760 INFO: 127.0.0.1 - "GET /api/state HTTP/1.1" 200 -
2026-08-04 13:01:40,707 INFO: 127.0.0.1 - "GET /api/state HTTP/1.1" 200 -
2026-08-04 13:01:40,746 INFO: 127.0.0.1 - "GET /api/state HTTP/1.1" 200 -
2026-08-04 13:01:42,756 INFO: 127.0.0.1 - "GET /api/state HTTP/1.1" 200 -
2026-08-04 13:01:42,845 INFO: 127.0.0.1 - "GET /api/state HTTP/1.1" 200 -
2026-08-04 13:01:44,746 INFO: 127.0.0.1 - "GET /api/state HTTP/1.1" 200 -
2026-08-04 13:01:44,847 INFO: 127.0.0.1 - "GET /api/state HTTP/1.1" 200 -
2026-08-04 13:01:46,748 INFO: 127.0.0.1 - "GET /api/state HTTP/1.1" 200 -
2026-08-04 13:01:46,847 INFO: 127.0.0.1 - "GET /api/state HTTP/1.1" 200 -
2026-08-04 13:01:48,746 INFO: 127.0.0.1 - "GET /api/state HTTP/1.1" 200 -
2026-08-04 13:01:48,847 INFO: 127.0.0.1 - "GET /api/state HTTP/1.1" 200 -
2026-08-04 13:01:49,364 INFO: 127.0.0.1 - "GET / HTTP/1.1" 200 -
2026-08-04 13:01:49,377 INFO: 127.0.0.1 - "GET /api/state HTTP/1.1" 200 -
2026-08-04 13:01:50,849 INFO: 127.0.0.1 - "GET /api/state HTTP/1.1" 200 -
2026-08-04 13:01:51,379 INFO: 127.0.0.1 - "GET /api/state HTTP/1.1" 200 -
2026-08-04 13:01:52,847 INFO: 127.0.0.1 - "GET /api/state HTTP/1.1" 200 -
2026-08-04 13:01:53,378 INFO: 127.0.0.1 - "GET /api/state HTTP/1.1" 200 -
2026-08-04 13:01:54,844 INFO: 127.0.0.1 - "GET /api/state HTTP/1.1" 200 -
2026-08-04 13:01:55,378 INFO: 127.0.0.1 - "GET /api/state HTTP/1.1" 200 -
2026-08-04 13:01:56,843 INFO: 127.0.0.1 - "GET /api/state HTTP/1.1" 200 -
2026-08-04 13:01:57,377 INFO: 127.0.0.1 - "GET /api/state HTTP/1.1" 200 -
2026-08-04 13:01:58,843 INFO: 127.0.0.1 - "GET /api/state HTTP/1.1" 200 -
2026-08-04 13:01:59,376 INFO: 127.0.0.1 - "GET /api/state HTTP/1.1" 200 -
2026-08-04 13:02:00,065 INFO: 127.0.0.1 - "GET /api/state HTTP/1.1" 200 -
2026-08-04 13:02:00,842 INFO: 127.0.0.1 - "GET /api/state HTTP/1.1" 200 -
2026-08-04 13:02:01,378 INFO: 127.0.0.1 - "GET /api/state HTTP/1.1" 200 -
2026-08-04 13:02:01,846 INFO: 127.0.0.1 - "GET /api/state HTTP/1.1" 200 -
2026-08-04 13:02:01,846 INFO: 127.0.0.1 - "GET /api/state HTTP/1.1" 200 -
2026-08-04 13:02:02,843 INFO: 127.0.0.1 - "GET /api/state HTTP/1.1" 200 -
2026-08-04 13:02:03,378 INFO: 127.0.0.1 - "GET /api/state HTTP/1.1" 200 -
2026-08-04 13:02:04,842 INFO: 127.0.0.1 - "GET /api/state HTTP/1.1" 200 -
2026-08-04 13:02:05,378 INFO: 127.0.0.1 - "GET /api/state HTTP/1.1" 200 -
2026-08-04 13:02:06,835 INFO: 127.0.0.1 - "GET /api/state HTTP/1.1" 200 -
2026-08-04 13:02:07,375 INFO: 127.0.0.1 - "GET /api/state HTTP/1.1" 200 -
2026-08-04 13:02:08,842 INFO: 127.0.0.1 - "GET /api/state HTTP/1.1" 200 -
2026-08-04 13:02:09,375 INFO: 127.0.0.1 - "GET /api/state HTTP/1.1" 200 -
2026-08-04 13:02:10,841 INFO: 127.0.0.1 - "GET /api/state HTTP/1.1" 200 -
2026-08-04 13:02:11,391 INFO: 127.0.0.1 - "GET /api/state HTTP/1.1" 200 -
2026-08-04 13:02:12,841 INFO: 127.0.0.1 - "GET /api/state HTTP/1.1" 200 -
2026-08-04 13:02:13,375 INFO: 127.0.0.1 - "GET /api/state HTTP/1.1" 200 -
2026-08-04 13:02:14,841 INFO: 127.0.0.1 - "GET /api/state HTTP/1.1" 200 -
2026-08-04 13:02:15,376 INFO: 127.0.0.1 - "GET /api/state HTTP/1.1" 200 -
2026-08-04 13:02:16,842 INFO: 127.0.0.1 - "GET /api/state HTTP/1.1" 200 -
2026-08-04 13:02:17,375 INFO: 127.0.0.1 - "GET /api/state HTTP/1.1" 200 -
2026-08-04 13:02:18,841 INFO: 127.0.0.1 - "GET /api/state HTTP/1.1" 200 -
2026-08-04 13:02:19,390 INFO: 127.0.0.1 - "GET /api/state HTTP/1.1" 200 -
2026-08-04 13:02:20,841 INFO: 127.0.0.1 - "GET /api/state HTTP/1.1" 200 -
2026-08-04 13:02:21,391 INFO: 127.0.0.1 - "GET /api/state HTTP/1.1" 200 -
2026-08-04 13:02:22,841 INFO: 127.0.0.1 - "GET /api/state HTTP/1.1" 200 -
2026-08-04 13:02:23,378 INFO: 127.0.0.1 - "GET /api/state HTTP/1.1" 200 -
2026-08-04 13:02:24,840 INFO: 127.0.0.1 - "GET /api/state HTTP/1.1" 200 -
2026-08-04 13:02:25,390 INFO: 127.0.0.1 - "GET /api/state HTTP/1.1" 200 -
2026-08-04 13:02:26,841 INFO: 127.0.0.1 - "GET /api/state HTTP/1.1" 200 -
2026-08-04 13:02:27,389 INFO: 127.0.0.1 - "GET /api/state HTTP/1.1" 200 -
2026-08-04 13:02:28,840 INFO: 127.0.0.1 - "GET /api/state HTTP/1.1" 200 -
2026-08-04 13:02:29,373 INFO: 127.0.0.1 - "GET /api/state HTTP/1.1" 200 -
2026-08-04 13:02:30,840 INFO: 127.0.0.1 - "GET /api/state HTTP/1.1" 200 -
2026-08-04 13:02:31,389 INFO: 127.0.0.1 - "GET /api/state HTTP/1.1" 200 -
2026-08-04 13:02:32,839 INFO: 127.0.0.1 - "GET /api/state HTTP/1.1" 200 -
2026-08-04 13:02:33,389 INFO: 127.0.0.1 - "GET /api/state HTTP/1.1" 200 -
2026-08-04 13:02:34,840 INFO: 127.0.0.1 - "GET /api/state HTTP/1.1" 200 -
2026-08-04 13:02:35,375 INFO: 127.0.0.1 - "GET /api/state HTTP/1.1" 200 -
2026-08-04 13:02:36,839 INFO: 127.0.0.1 - "GET /api/state HTTP/1.1" 200 -
2026-08-04 13:02:37,388 INFO: 127.0.0.1 - "GET /api/state HTTP/1.1" 200 -
2026-08-04 13:02:38,838 INFO: 127.0.0.1 - "GET /api/state HTTP/1.1" 200 -
2026-08-04 13:02:39,387 INFO: 127.0.0.1 - "GET /api/state HTTP/1.1" 200 -
2026-08-04 13:02:40,843 INFO: 127.0.0.1 - "GET /api/state HTTP/1.1" 200 -
2026-08-04 13:02:41,391 INFO: 127.0.0.1 - "GET /api/state HTTP/1.1" 200 -
2026-08-04 13:02:43,381 INFO: 127.0.0.1 - "GET /api/state HTTP/1.1" 200 -
2026-08-04 13:02:46,998 INFO: HTTP Request: POST http://127.0.0.1:11434/api/chat "HTTP/1.1 200 OK"
2026-08-04 13:02:46,999 INFO: Model call latency: 2.83s (attempt 1)
2026-08-04 13:02:47,008 INFO: 127.0.0.1 - "POST /api/chat HTTP/1.1" 200 -
2026-08-04 13:02:47,008 INFO: 127.0.0.1 - "GET /api/state HTTP/1.1" 200 -
2026-08-04 13:02:47,019 INFO: 127.0.0.1 - "GET /api/state HTTP/1.1" 200 -
2026-08-04 13:02:47,387 INFO: 127.0.0.1 - "GET /api/state HTTP/1.1" 200 -
2026-08-04 13:02:49,387 INFO: 127.0.0.1 - "GET /api/state HTTP/1.1" 200 -
2026-08-04 13:02:51,390 INFO: 127.0.0.1 - "GET /api/state HTTP/1.1" 200 -
2026-08-04 13:02:53,387 INFO: 127.0.0.1 - "GET /api/state HTTP/1.1" 200 -
2026-08-04 13:02:55,389 INFO: 127.0.0.1 - "GET /api/state HTTP/1.1" 200 -
2026-08-04 13:02:57,387 INFO: 127.0.0.1 - "GET /api/state HTTP/1.1" 200 -
2026-08-04 13:02:59,386 INFO: 127.0.0.1 - "GET /api/state HTTP/1.1" 200 -
2026-08-04 13:03:01,386 INFO: 127.0.0.1 - "GET /api/state HTTP/1.1" 200 -
2026-08-04 13:03:01,836 INFO: 127.0.0.1 - "GET /api/state HTTP/1.1" 200 -
2026-08-04 13:03:01,840 INFO: 127.0.0.1 - "GET /api/state HTTP/1.1" 200 -
2026-08-04 13:03:01,840 INFO: 127.0.0.1 - "GET /api/state HTTP/1.1" 200 -
2026-08-04 13:03:03,384 INFO: 127.0.0.1 - "GET /api/state HTTP/1.1" 200 -
2026-08-04 13:03:05,385 INFO: 127.0.0.1 - "GET /api/state HTTP/1.1" 200 -
2026-08-04 13:03:07,384 INFO: 127.0.0.1 - "GET /api/state HTTP/1.1" 200 -
2026-08-04 13:03:09,384 INFO: 127.0.0.1 - "GET /api/state HTTP/1.1" 200 -
2026-08-04 13:03:11,383 INFO: 127.0.0.1 - "GET /api/state HTTP/1.1" 200 -
2026-08-04 13:03:13,384 INFO: 127.0.0.1 - "GET /api/state HTTP/1.1" 200 -
2026-08-04 13:03:15,383 INFO: 127.0.0.1 - "GET /api/state HTTP/1.1" 200 -
2026-08-04 13:03:17,383 INFO: 127.0.0.1 - "GET /api/state HTTP/1.1" 200 -
2026-08-04 13:03:19,383 INFO: 127.0.0.1 - "GET /api/state HTTP/1.1" 200 -
2026-08-04 13:03:21,383 INFO: 127.0.0.1 - "GET /api/state HTTP/1.1" 200 -
2026-08-04 13:03:23,379 INFO: 127.0.0.1 - "GET /api/state HTTP/1.1" 200 -
2026-08-04 13:03:25,382 INFO: 127.0.0.1 - "GET /api/state HTTP/1.1" 200 -
2026-08-04 13:03:27,385 INFO: 127.0.0.1 - "GET /api/state HTTP/1.1" 200 -
2026-08-04 13:03:29,381 INFO: 127.0.0.1 - "GET /api/state HTTP/1.1" 200 -
2026-08-04 13:03:31,382 INFO: 127.0.0.1 - "GET /api/state HTTP/1.1" 200 -
2026-08-04 13:03:33,381 INFO: 127.0.0.1 - "GET /api/state HTTP/1.1" 200 -
2026-08-04 13:03:35,381 INFO: 127.0.0.1 - "GET /api/state HTTP/1.1" 200 -
2026-08-04 13:03:37,381 INFO: 127.0.0.1 - "GET /api/state HTTP/1.1" 200 -
2026-08-04 13:03:39,383 INFO: 127.0.0.1 - "GET /api/state HTTP/1.1" 200 -
2026-08-04 13:03:41,381 INFO: 127.0.0.1 - "GET /api/state HTTP/1.1" 200 -
2026-08-04 13:03:43,380 INFO: 127.0.0.1 - "GET /api/state HTTP/1.1" 200 -
2026-08-04 13:03:45,380 INFO: 127.0.0.1 - "GET /api/state HTTP/1.1" 200 -
2026-08-04 13:03:47,381 INFO: 127.0.0.1 - "GET /api/state HTTP/1.1" 200 -
2026-08-04 13:03:49,379 INFO: 127.0.0.1 - "GET /api/state HTTP/1.1" 200 -
2026-08-04 13:03:51,381 INFO: 127.0.0.1 - "GET /api/state HTTP/1.1" 200 -
2026-08-04 13:03:53,379 INFO: 127.0.0.1 - "GET /api/state HTTP/1.1" 200 -
2026-08-04 13:03:55,379 INFO: 127.0.0.1 - "GET /api/state HTTP/1.1" 200 -
2026-08-04 13:03:57,379 INFO: 127.0.0.1 - "GET /api/state HTTP/1.1" 200 -
2026-08-04 13:03:59,382 INFO: 127.0.0.1 - "GET /api/state HTTP/1.1" 200 -
2026-08-04 13:04:01,380 INFO: 127.0.0.1 - "GET /api/state HTTP/1.1" 200 -
2026-08-04 13:04:01,844 INFO: 127.0.0.1 - "GET /api/state HTTP/1.1" 200 -
2026-08-04 13:04:01,844 INFO: 127.0.0.1 - "GET /api/state HTTP/1.1" 200 -
2026-08-04 13:04:01,850 INFO: 127.0.0.1 - "GET /api/state HTTP/1.1" 200 -
2026-08-04 13:04:03,378 INFO: 127.0.0.1 - "GET /api/state HTTP/1.1" 200 -
2026-08-04 13:04:05,377 INFO: 127.0.0.1 - "GET /api/state HTTP/1.1" 200 -
2026-08-04 13:04:07,378 INFO: 127.0.0.1 - "GET /api/state HTTP/1.1" 200 -
2026-08-04 13:04:08,998 INFO: 127.0.0.1 - "GET /api/state HTTP/1.1" 200 -
2026-08-04 13:04:09,376 INFO: 127.0.0.1 - "GET /api/state HTTP/1.1" 200 -
2026-08-04 13:04:11,379 INFO: 127.0.0.1 - "GET /api/state HTTP/1.1" 200 -
2026-08-04 13:04:13,376 INFO: 127.0.0.1 - "GET /api/state HTTP/1.1" 200 -
2026-08-04 13:04:13,460 INFO: 127.0.0.1 - "GET /api/state HTTP/1.1" 200 -
2026-08-04 13:04:15,375 INFO: 127.0.0.1 - "GET /api/state HTTP/1.1" 200 -
2026-08-04 13:04:17,387 INFO: 127.0.0.1 - "GET /api/state HTTP/1.1" 200 -
2026-08-04 13:04:17,392 INFO: 127.0.0.1 - "GET /api/state HTTP/1.1" 200 -
2026-08-04 13:04:19,375 INFO: 127.0.0.1 - "GET /api/state HTTP/1.1" 200 -
2026-08-04 13:04:21,375 INFO: 127.0.0.1 - "GET /api/state HTTP/1.1" 200 -
2026-08-04 13:04:23,375 INFO: 127.0.0.1 - "GET /api/state HTTP/1.1" 200 -
2026-08-04 13:04:24,442 INFO: 127.0.0.1 - "POST /api/wake/start HTTP/1.1" 200 -
2026-08-04 13:04:24,444 INFO: 127.0.0.1 - "GET /api/state HTTP/1.1" 200 -
2026-08-04 13:04:25,374 INFO: 127.0.0.1 - "GET /api/state HTTP/1.1" 200 -
2026-08-04 13:04:27,374 INFO: 127.0.0.1 - "GET /api/state HTTP/1.1" 200 -
2026-08-04 13:04:27,392 INFO: 127.0.0.1 - "GET /api/state HTTP/1.1" 200 -
2026-08-04 13:04:28,497 INFO: 127.0.0.1 - "POST /api/reset HTTP/1.1" 200 -
2026-08-04 13:04:28,500 INFO: 127.0.0.1 - "GET /api/state HTTP/1.1" 200 -
2026-08-04 13:04:29,149 INFO: Loading Whisper model: base
2026-08-04 13:04:29,385 INFO: 127.0.0.1 - "GET /api/state HTTP/1.1" 200 -
2026-08-04 13:04:29,925 INFO: HTTP Request: GET https://huggingface.co/api/models/Systran/faster-whisper-base/revision/main "HTTP/1.1 200 OK"
2026-08-04 13:04:31,007 INFO: Processing audio with duration 00:02.000
2026-08-04 13:04:31,374 INFO: 127.0.0.1 - "GET /api/state HTTP/1.1" 200 -
2026-08-04 13:04:33,374 INFO: 127.0.0.1 - "GET /api/state HTTP/1.1" 200 -
2026-08-04 13:04:33,632 INFO: Processing audio with duration 00:01.750
2026-08-04 13:04:35,390 INFO: 127.0.0.1 - "GET /api/state HTTP/1.1" 200 -
2026-08-04 13:04:36,358 INFO: Processing audio with duration 00:02.000
2026-08-04 13:04:37,390 INFO: 127.0.0.1 - "GET /api/state HTTP/1.1" 200 -
2026-08-04 13:04:39,389 INFO: 127.0.0.1 - "GET /api/state HTTP/1.1" 200 -
2026-08-04 13:04:39,689 INFO: Processing audio with duration 00:02.500
2026-08-04 13:04:41,389 INFO: 127.0.0.1 - "GET /api/state HTTP/1.1" 200 -
2026-08-04 13:04:42,265 INFO: Processing audio with duration 00:01.750
2026-08-04 13:04:43,391 INFO: 127.0.0.1 - "GET /api/state HTTP/1.1" 200 -
2026-08-04 13:04:45,031 INFO: Processing audio with duration 00:02.000
2026-08-04 13:04:45,389 INFO: 127.0.0.1 - "GET /api/state HTTP/1.1" 200 -
2026-08-04 13:04:47,389 INFO: 127.0.0.1 - "GET /api/state HTTP/1.1" 200 -
2026-08-04 13:04:47,861 INFO: Processing audio with duration 00:02.000
2026-08-04 13:04:49,388 INFO: 127.0.0.1 - "GET /api/state HTTP/1.1" 200 -
2026-08-04 13:04:50,640 INFO: Processing audio with duration 00:02.000
2026-08-04 13:04:51,388 INFO: 127.0.0.1 - "GET /api/state HTTP/1.1" 200 -
2026-08-04 13:04:53,167 INFO: Processing audio with duration 00:01.750
2026-08-04 13:04:53,388 INFO: 127.0.0.1 - "GET /api/state HTTP/1.1" 200 -
2026-08-04 13:04:55,387 INFO: 127.0.0.1 - "GET /api/state HTTP/1.1" 200 -
2026-08-04 13:04:55,730 INFO: Processing audio with duration 00:01.750
2026-08-04 13:04:57,387 INFO: 127.0.0.1 - "GET /api/state HTTP/1.1" 200 -
2026-08-04 13:04:59,390 INFO: 127.0.0.1 - "GET /api/state HTTP/1.1" 200 -
2026-08-04 13:04:59,976 INFO: Processing audio with duration 00:03.500
2026-08-04 13:05:01,386 INFO: 127.0.0.1 - "GET /api/state HTTP/1.1" 200 -
2026-08-04 13:05:01,838 INFO: 127.0.0.1 - "GET /api/state HTTP/1.1" 200 -
2026-08-04 13:05:01,840 INFO: 127.0.0.1 - "GET /api/state HTTP/1.1" 200 -
2026-08-04 13:05:01,842 INFO: 127.0.0.1 - "GET /api/state HTTP/1.1" 200 -
2026-08-04 13:05:03,379 INFO: 127.0.0.1 - "GET /api/state HTTP/1.1" 200 -
2026-08-04 13:05:04,678 INFO: Processing audio with duration 00:02.250
2026-08-04 13:05:05,388 INFO: 127.0.0.1 - "GET /api/state HTTP/1.1" 200 -
2026-08-04 13:05:07,386 INFO: 127.0.0.1 - "GET /api/state HTTP/1.1" 200 -
2026-08-04 13:05:08,772 INFO: Processing audio with duration 00:02.250
2026-08-04 13:05:09,385 INFO: 127.0.0.1 - "GET /api/state HTTP/1.1" 200 -
2026-08-04 13:05:11,385 INFO: 127.0.0.1 - "GET /api/state HTTP/1.1" 200 -
2026-08-04 13:05:13,388 INFO: 127.0.0.1 - "GET /api/state HTTP/1.1" 200 -
2026-08-04 13:05:13,987 INFO: Processing audio with duration 00:03.500
2026-08-04 13:05:15,385 INFO: 127.0.0.1 - "GET /api/state HTTP/1.1" 200 -
2026-08-04 13:05:17,385 INFO: 127.0.0.1 - "GET /api/state HTTP/1.1" 200 -
2026-08-04 13:05:18,332 INFO: Processing audio with duration 00:03.500
2026-08-04 13:05:19,386 INFO: 127.0.0.1 - "GET /api/state HTTP/1.1" 200 -
2026-08-04 13:05:21,384 INFO: 127.0.0.1 - "GET /api/state HTTP/1.1" 200 -
2026-08-04 13:05:22,368 INFO: Processing audio with duration 00:02.000
2026-08-04 13:05:23,384 INFO: 127.0.0.1 - "GET /api/state HTTP/1.1" 200 -
2026-08-04 13:05:24,899 INFO: Processing audio with duration 00:01.750
2026-08-04 13:05:25,384 INFO: 127.0.0.1 - "GET /api/state HTTP/1.1" 200 -
2026-08-04 13:05:27,383 INFO: 127.0.0.1 - "GET /api/state HTTP/1.1" 200 -
2026-08-04 13:05:27,703 INFO: Processing audio with duration 00:02.000
2026-08-04 13:05:29,384 INFO: 127.0.0.1 - "GET /api/state HTTP/1.1" 200 -
2026-08-04 13:05:30,438 INFO: Processing audio with duration 00:02.000
2026-08-04 13:05:31,384 INFO: 127.0.0.1 - "GET /api/state HTTP/1.1" 200 -
2026-08-04 13:05:33,235 INFO: Processing audio with duration 00:02.000
2026-08-04 13:05:33,383 INFO: 127.0.0.1 - "GET /api/state HTTP/1.1" 200 -
2026-08-04 13:05:35,383 INFO: 127.0.0.1 - "GET /api/state HTTP/1.1" 200 -
2026-08-04 13:05:37,382 INFO: 127.0.0.1 - "GET /api/state HTTP/1.1" 200 -
2026-08-04 13:05:37,508 INFO: Processing audio with duration 00:03.500
2026-08-04 13:05:39,386 INFO: 127.0.0.1 - "GET /api/state HTTP/1.1" 200 -
2026-08-04 13:05:40,051 INFO: Processing audio with duration 00:01.750
2026-08-04 13:05:41,381 INFO: 127.0.0.1 - "GET /api/state HTTP/1.1" 200 -
2026-08-04 13:05:43,381 INFO: 127.0.0.1 - "GET /api/state HTTP/1.1" 200 -
2026-08-04 13:05:44,748 INFO: Processing audio with duration 00:02.000
2026-08-04 13:05:45,382 INFO: 127.0.0.1 - "GET /api/state HTTP/1.1" 200 -
2026-08-04 13:05:47,288 INFO: Processing audio with duration 00:01.750
2026-08-04 13:05:47,381 INFO: 127.0.0.1 - "GET /api/state HTTP/1.1" 200 -
2026-08-04 13:05:49,383 INFO: 127.0.0.1 - "GET /api/state HTTP/1.1" 200 -
2026-08-04 13:05:49,819 INFO: Processing audio with duration 00:01.750
2026-08-04 13:05:51,381 INFO: 127.0.0.1 - "GET /api/state HTTP/1.1" 200 -
2026-08-04 13:05:52,607 INFO: Processing audio with duration 00:02.000
2026-08-04 13:05:53,380 INFO: 127.0.0.1 - "GET /api/state HTTP/1.1" 200 -
2026-08-04 13:05:55,399 INFO: Processing audio with duration 00:02.000
2026-08-04 13:05:55,400 INFO: 127.0.0.1 - "GET /api/state HTTP/1.1" 200 -
2026-08-04 13:05:57,379 INFO: 127.0.0.1 - "GET /api/state HTTP/1.1" 200 -
2026-08-04 13:05:57,932 INFO: Processing audio with duration 00:01.750
2026-08-04 13:05:59,379 INFO: 127.0.0.1 - "GET /api/state HTTP/1.1" 200 -
2026-08-04 13:06:00,697 INFO: Processing audio with duration 00:02.000
2026-08-04 13:06:01,379 INFO: 127.0.0.1 - "GET /api/state HTTP/1.1" 200 -
2026-08-04 13:06:01,848 INFO: 127.0.0.1 - "GET /api/state HTTP/1.1" 200 -
2026-08-04 13:06:01,848 INFO: 127.0.0.1 - "GET /api/state HTTP/1.1" 200 -
2026-08-04 13:06:01,848 INFO: 127.0.0.1 - "GET /api/state HTTP/1.1" 200 -
2026-08-04 13:06:03,224 INFO: Processing audio with duration 00:01.750
2026-08-04 13:06:03,379 INFO: 127.0.0.1 - "GET /api/state HTTP/1.1" 200 -
2026-08-04 13:06:05,378 INFO: 127.0.0.1 - "GET /api/state HTTP/1.1" 200 -
2026-08-04 13:06:05,996 INFO: Processing audio with duration 00:02.000
2026-08-04 13:06:07,378 INFO: 127.0.0.1 - "GET /api/state HTTP/1.1" 200 -
2026-08-04 13:06:08,535 INFO: Processing audio with duration 00:01.750
2026-08-04 13:06:09,380 INFO: 127.0.0.1 - "GET /api/state HTTP/1.1" 200 -
2026-08-04 13:06:11,115 INFO: Processing audio with duration 00:01.750
2026-08-04 13:06:11,377 INFO: 127.0.0.1 - "GET /api/state HTTP/1.1" 200 -
2026-08-04 13:06:13,378 INFO: 127.0.0.1 - "GET /api/state HTTP/1.1" 200 -
2026-08-04 13:06:13,652 INFO: Processing audio with duration 00:01.750
2026-08-04 13:06:15,378 INFO: 127.0.0.1 - "GET /api/state HTTP/1.1" 200 -
2026-08-04 13:06:16,197 INFO: Processing audio with duration 00:01.750
2026-08-04 13:06:17,378 INFO: 127.0.0.1 - "GET /api/state HTTP/1.1" 200 -
2026-08-04 13:06:18,949 INFO: Processing audio with duration 00:02.000
2026-08-04 13:06:19,378 INFO: 127.0.0.1 - "GET /api/state HTTP/1.1" 200 -
2026-08-04 13:06:21,379 INFO: 127.0.0.1 - "GET /api/state HTTP/1.1" 200 -
2026-08-04 13:06:21,727 INFO: Processing audio with duration 00:02.000
2026-08-04 13:06:23,376 INFO: 127.0.0.1 - "GET /api/state HTTP/1.1" 200 -
2026-08-04 13:06:24,526 INFO: Processing audio with duration 00:02.000
2026-08-04 13:06:25,391 INFO: 127.0.0.1 - "GET /api/state HTTP/1.1" 200 -
2026-08-04 13:06:27,342 INFO: Processing audio with duration 00:02.000
2026-08-04 13:06:27,376 INFO: 127.0.0.1 - "GET /api/state HTTP/1.1" 200 -
2026-08-04 13:06:29,376 INFO: 127.0.0.1 - "GET /api/state HTTP/1.1" 200 -
2026-08-04 13:06:29,925 INFO: Processing audio with duration 00:01.750
2026-08-04 13:06:31,375 INFO: 127.0.0.1 - "GET /api/state HTTP/1.1" 200 -
2026-08-04 13:06:32,475 INFO: Processing audio with duration 00:01.750
2026-08-04 13:06:33,391 INFO: 127.0.0.1 - "GET /api/state HTTP/1.1" 200 -
2026-08-04 13:06:35,057 INFO: Processing audio with duration 00:01.750
2026-08-04 13:06:35,391 INFO: 127.0.0.1 - "GET /api/state HTTP/1.1" 200 -
2026-08-04 13:06:37,392 INFO: 127.0.0.1 - "GET /api/state HTTP/1.1" 200 -
2026-08-04 13:06:37,508 INFO: Processing audio with duration 00:01.750
2026-08-04 13:06:39,391 INFO: 127.0.0.1 - "GET /api/state HTTP/1.1" 200 -
2026-08-04 13:06:40,291 INFO: Processing audio with duration 00:02.000
2026-08-04 13:06:41,390 INFO: 127.0.0.1 - "GET /api/state HTTP/1.1" 200 -
2026-08-04 13:06:42,948 INFO: Processing audio with duration 00:01.750
2026-08-04 13:06:43,390 INFO: 127.0.0.1 - "GET /api/state HTTP/1.1" 200 -
2026-08-04 13:06:45,389 INFO: 127.0.0.1 - "GET /api/state HTTP/1.1" 200 -
2026-08-04 13:06:45,766 INFO: Processing audio with duration 00:02.000
2026-08-04 13:06:47,391 INFO: 127.0.0.1 - "GET /api/state HTTP/1.1" 200 -
2026-08-04 13:06:48,811 INFO: Processing audio with duration 00:02.250
2026-08-04 13:06:49,390 INFO: 127.0.0.1 - "GET /api/state HTTP/1.1" 200 -
2026-08-04 13:06:51,360 INFO: Processing audio with duration 00:01.750
2026-08-04 13:06:51,389 INFO: 127.0.0.1 - "GET /api/state HTTP/1.1" 200 -
2026-08-04 13:06:53,392 INFO: 127.0.0.1 - "GET /api/state HTTP/1.1" 200 -
2026-08-04 13:06:54,189 INFO: Processing audio with duration 00:02.000
2026-08-04 13:06:55,374 INFO: 127.0.0.1 - "GET /api/state HTTP/1.1" 200 -
2026-08-04 13:06:56,767 INFO: Processing audio with duration 00:01.750
2026-08-04 13:06:57,376 INFO: 127.0.0.1 - "GET /api/state HTTP/1.1" 200 -
2026-08-04 13:06:59,342 INFO: Processing audio with duration 00:01.750
2026-08-04 13:06:59,378 INFO: 127.0.0.1 - "GET /api/state HTTP/1.1" 200 -
2026-08-04 13:07:01,376 INFO: 127.0.0.1 - "GET /api/state HTTP/1.1" 200 -
2026-08-04 13:07:01,872 INFO: Processing audio with duration 00:01.750
2026-08-04 13:07:01,872 INFO: 127.0.0.1 - "GET /api/state HTTP/1.1" 200 -
2026-08-04 13:07:01,872 INFO: 127.0.0.1 - "GET /api/state HTTP/1.1" 200 -
2026-08-04 13:07:01,872 INFO: 127.0.0.1 - "GET /api/state HTTP/1.1" 200 -
2026-08-04 13:07:03,387 INFO: 127.0.0.1 - "GET /api/state HTTP/1.1" 200 -
2026-08-04 13:07:04,132 INFO: 127.0.0.1 - "GET / HTTP/1.1" 200 -
2026-08-04 13:07:04,154 INFO: 127.0.0.1 - "GET /api/state HTTP/1.1" 200 -
2026-08-04 13:07:04,404 INFO: Processing audio with duration 00:01.750
2026-08-04 13:07:06,148 INFO: 127.0.0.1 - "GET /api/state HTTP/1.1" 200 -
2026-08-04 13:07:08,156 INFO: 127.0.0.1 - "GET /api/state HTTP/1.1" 200 -
2026-08-04 13:07:08,627 INFO: Processing audio with duration 00:03.500
2026-08-04 13:07:09,816 INFO: 127.0.0.1 - "GET /api/state HTTP/1.1" 200 -
2026-08-04 13:07:10,153 INFO: 127.0.0.1 - "GET /api/state HTTP/1.1" 200 -
2026-08-04 13:07:12,154 INFO: 127.0.0.1 - "GET /api/state HTTP/1.1" 200 -
2026-08-04 13:07:12,986 INFO: Processing audio with duration 00:02.000
2026-08-04 13:07:14,153 INFO: 127.0.0.1 - "GET /api/state HTTP/1.1" 200 -
2026-08-04 13:07:15,424 INFO: Processing audio with duration 00:01.750
2026-08-04 13:07:16,153 INFO: 127.0.0.1 - "GET /api/state HTTP/1.1" 200 -
2026-08-04 13:07:18,152 INFO: 127.0.0.1 - "GET /api/state HTTP/1.1" 200 -
2026-08-04 13:07:19,719 INFO: Processing audio with duration 00:03.500
2026-08-04 13:07:20,152 INFO: 127.0.0.1 - "GET /api/state HTTP/1.1" 200 -
2026-08-04 13:07:22,152 INFO: 127.0.0.1 - "GET /api/state HTTP/1.1" 200 -
2026-08-04 13:07:24,001 INFO: Processing audio with duration 00:03.500
2026-08-04 13:07:24,152 INFO: 127.0.0.1 - "GET /api/state HTTP/1.1" 200 -
2026-08-04 13:07:24,545 INFO: 127.0.0.1 - "GET /api/state HTTP/1.1" 200 -
2026-08-04 13:07:26,152 INFO: 127.0.0.1 - "GET /api/state HTTP/1.1" 200 -
2026-08-04 13:07:26,768 INFO: Processing audio with duration 00:02.000
2026-08-04 13:07:28,152 INFO: 127.0.0.1 - "GET /api/state HTTP/1.1" 200 -
2026-08-04 13:07:29,284 INFO: Processing audio with duration 00:01.750
2026-08-04 13:07:30,151 INFO: 127.0.0.1 - "GET /api/state HTTP/1.1" 200 -
2026-08-04 13:07:31,794 INFO: Processing audio with duration 00:01.750
2026-08-04 13:07:32,151 INFO: 127.0.0.1 - "GET /api/state HTTP/1.1" 200 -
2026-08-04 13:07:33,542 INFO: 127.0.0.1 - "GET / HTTP/1.1" 200 -
2026-08-04 13:07:33,569 INFO: 127.0.0.1 - "GET /api/state HTTP/1.1" 200 -
2026-08-04 13:07:33,588 INFO: 127.0.0.1 - "GET /favicon.ico HTTP/1.1" 404 -
2026-08-04 13:07:34,834 INFO: 127.0.0.1 - "GET /api/state HTTP/1.1" 200 -
2026-08-04 13:07:35,567 INFO: 127.0.0.1 - "GET /api/state HTTP/1.1" 200 -
2026-08-04 13:07:36,267 INFO: Processing audio with duration 00:01.750
2026-08-04 13:07:36,833 INFO: 127.0.0.1 - "GET /api/state HTTP/1.1" 200 -
2026-08-04 13:07:37,568 INFO: 127.0.0.1 - "GET /api/state HTTP/1.1" 200 -
2026-08-04 13:07:38,833 INFO: 127.0.0.1 - "GET /api/state HTTP/1.1" 200 -
2026-08-04 13:07:39,567 INFO: 127.0.0.1 - "GET /api/state HTTP/1.1" 200 -
2026-08-04 13:07:39,675 INFO: 127.0.0.1 - "GET /api/state HTTP/1.1" 200 -
2026-08-04 13:07:40,775 INFO: Processing audio with duration 00:02.000
2026-08-04 13:07:40,833 INFO: 127.0.0.1 - "GET /api/state HTTP/1.1" 200 -
2026-08-04 13:07:41,564 INFO: 127.0.0.1 - "GET /api/state HTTP/1.1" 200 -
2026-08-04 13:07:42,834 INFO: 127.0.0.1 - "GET /api/state HTTP/1.1" 200 -
2026-08-04 13:07:43,249 INFO: Processing audio with duration 00:01.750
2026-08-04 13:07:43,566 INFO: 127.0.0.1 - "GET /api/state HTTP/1.1" 200 -
2026-08-04 13:07:44,834 INFO: 127.0.0.1 - "GET /api/state HTTP/1.1" 200 -
2026-08-04 13:07:45,565 INFO: 127.0.0.1 - "GET /api/state HTTP/1.1" 200 -
2026-08-04 13:07:46,032 INFO: Processing audio with duration 00:02.000
2026-08-04 13:07:46,850 INFO: 127.0.0.1 - "GET /api/state HTTP/1.1" 200 -
2026-08-04 13:07:47,565 INFO: 127.0.0.1 - "GET /api/state HTTP/1.1" 200 -
2026-08-04 13:07:48,781 INFO: Processing audio with duration 00:02.000
2026-08-04 13:07:48,848 INFO: 127.0.0.1 - "GET /api/state HTTP/1.1" 200 -
2026-08-04 13:07:49,567 INFO: 127.0.0.1 - "GET /api/state HTTP/1.1" 200 -
2026-08-04 13:07:50,848 INFO: 127.0.0.1 - "GET /api/state HTTP/1.1" 200 -
2026-08-04 13:07:50,982 INFO: 127.0.0.1 - "GET /?v=2 HTTP/1.1" 404 -
2026-08-04 13:07:51,006 INFO: 127.0.0.1 - "GET /favicon.ico HTTP/1.1" 404 -
2026-08-04 13:07:51,578 INFO: Processing audio with duration 00:02.000
2026-08-04 13:07:51,848 INFO: 127.0.0.1 - "GET /api/state HTTP/1.1" 200 -
2026-08-04 13:07:52,849 INFO: 127.0.0.1 - "GET /api/state HTTP/1.1" 200 -
2026-08-04 13:07:53,850 INFO: 127.0.0.1 - "GET /api/state HTTP/1.1" 200 -
2026-08-04 13:07:54,214 INFO: Processing audio with duration 00:02.000
2026-08-04 13:07:54,848 INFO: 127.0.0.1 - "GET /api/state HTTP/1.1" 200 -
2026-08-04 13:07:55,847 INFO: 127.0.0.1 - "GET /api/state HTTP/1.1" 200 -
2026-08-04 13:07:56,713 INFO: Processing audio with duration 00:01.750
2026-08-04 13:07:56,847 INFO: 127.0.0.1 - "GET /api/state HTTP/1.1" 200 -
2026-08-04 13:07:57,847 INFO: 127.0.0.1 - "GET /api/state HTTP/1.1" 200 -
2026-08-04 13:07:58,847 INFO: 127.0.0.1 - "GET /api/state HTTP/1.1" 200 -
2026-08-04 13:07:59,497 INFO: Processing audio with duration 00:02.000
2026-08-04 13:07:59,847 INFO: 127.0.0.1 - "GET /api/state HTTP/1.1" 200 -
2026-08-04 13:08:00,847 INFO: 127.0.0.1 - "GET /api/state HTTP/1.1" 200 -
2026-08-04 13:08:01,847 INFO: 127.0.0.1 - "GET /api/state HTTP/1.1" 200 -
2026-08-04 13:08:01,847 INFO: 127.0.0.1 - "GET /api/state HTTP/1.1" 200 -
2026-08-04 13:08:01,847 INFO: 127.0.0.1 - "GET /api/state HTTP/1.1" 200 -
2026-08-04 13:08:01,852 INFO: 127.0.0.1 - "GET /api/state HTTP/1.1" 200 -
2026-08-04 13:08:02,230 INFO: Processing audio with duration 00:02.000
2026-08-04 13:08:02,847 INFO: 127.0.0.1 - "GET /api/state HTTP/1.1" 200 -
2026-08-04 13:08:03,369 INFO: Imported existing <module 'comtypes.gen' from 'C:\\Users\\kumar\\roha-ai\\.venv\\Lib\\site-packages\\comtypes\\gen\\__init__.py'>
2026-08-04 13:08:03,369 INFO: Using writeable comtypes cache directory: 'C:\Users\kumar\roha-ai\.venv\Lib\site-packages\comtypes\gen'
2026-08-04 13:08:03,483 INFO: TTS engine ready on worker thread
2026-08-04 13:08:03,483 INFO: TTS worker loop starting
2026-08-04 13:08:03,547 INFO: TTS initialized
2026-08-04 13:08:03,562 INFO: Starting Roha web app at http://127.0.0.1:8000
2026-08-04 13:08:03,712 INFO: 127.0.0.1 - "GET / HTTP/1.1" 200 -
2026-08-04 13:08:03,744 INFO: 127.0.0.1 - "GET /api/state HTTP/1.1" 200 -
2026-08-04 13:08:03,847 INFO: 127.0.0.1 - "GET /api/state HTTP/1.1" 200 -
2026-08-04 13:08:04,780 INFO: Processing audio with duration 00:01.750
2026-08-04 13:08:04,845 INFO: 127.0.0.1 - "GET /api/state HTTP/1.1" 200 -
2026-08-04 13:08:05,746 INFO: 127.0.0.1 - "GET /api/state HTTP/1.1" 200 -
2026-08-04 13:08:05,839 INFO: 127.0.0.1 - "GET /api/state HTTP/1.1" 200 -
2026-08-04 13:08:06,846 INFO: 127.0.0.1 - "GET /api/state HTTP/1.1" 200 -
2026-08-04 13:08:07,299 INFO: Processing audio with duration 00:01.750
2026-08-04 13:08:07,761 INFO: 127.0.0.1 - "GET /api/state HTTP/1.1" 200 -
2026-08-04 13:08:07,843 INFO: 127.0.0.1 - "GET /api/state HTTP/1.1" 200 -
2026-08-04 13:08:08,834 INFO: 127.0.0.1 - "GET /api/state HTTP/1.1" 200 -
2026-08-04 13:08:09,846 INFO: 127.0.0.1 - "GET /api/state HTTP/1.1" 200 -
2026-08-04 13:08:09,846 INFO: 127.0.0.1 - "GET /api/state HTTP/1.1" 200 -
2026-08-04 13:08:10,085 INFO: Processing audio with duration 00:02.000
2026-08-04 13:08:10,838 INFO: 127.0.0.1 - "GET /api/state HTTP/1.1" 200 -
2026-08-04 13:08:11,845 INFO: 127.0.0.1 - "GET /api/state HTTP/1.1" 200 -
2026-08-04 13:08:11,847 INFO: 127.0.0.1 - "GET /api/state HTTP/1.1" 200 -
2026-08-04 13:08:11,935 INFO: 127.0.0.1 - "GET / HTTP/1.1" 200 -
2026-08-04 13:08:11,945 INFO: 127.0.0.1 - "GET /api/state HTTP/1.1" 200 -
2026-08-04 13:08:11,962 INFO: 127.0.0.1 - "GET /favicon.ico HTTP/1.1" 404 -
2026-08-04 13:08:12,842 INFO: 127.0.0.1 - "GET /api/state HTTP/1.1" 200 -
2026-08-04 13:08:12,938 INFO: Processing audio with duration 00:02.000
2026-08-04 13:08:13,844 INFO: 127.0.0.1 - "GET /api/state HTTP/1.1" 200 -
2026-08-04 13:08:13,844 INFO: 127.0.0.1 - "GET /api/state HTTP/1.1" 200 -
2026-08-04 13:08:13,945 INFO: 127.0.0.1 - "GET /api/state HTTP/1.1" 200 -
2026-08-04 13:08:14,845 INFO: 127.0.0.1 - "GET /api/state HTTP/1.1" 200 -
2026-08-04 13:08:15,480 INFO: Processing audio with duration 00:01.750
2026-08-04 13:08:15,845 INFO: 127.0.0.1 - "GET /api/state HTTP/1.1" 200 -
2026-08-04 13:08:15,845 INFO: 127.0.0.1 - "GET /api/state HTTP/1.1" 200 -
2026-08-04 13:08:15,947 INFO: 127.0.0.1 - "GET /api/state HTTP/1.1" 200 -
2026-08-04 13:08:16,837 INFO: 127.0.0.1 - "GET /api/state HTTP/1.1" 200 -
2026-08-04 13:08:17,333 INFO: 127.0.0.1 - "GET /api/state HTTP/1.1" 200 -
2026-08-04 13:08:17,842 INFO: 127.0.0.1 - "GET /api/state HTTP/1.1" 200 -
2026-08-04 13:08:17,843 INFO: 127.0.0.1 - "GET /api/state HTTP/1.1" 200 -
2026-08-04 13:08:17,945 INFO: 127.0.0.1 - "GET /api/state HTTP/1.1" 200 -
2026-08-04 13:08:18,320 INFO: Processing audio with duration 00:02.000
2026-08-04 13:08:18,846 INFO: 127.0.0.1 - "GET /api/state HTTP/1.1" 200 -
2026-08-04 13:08:19,846 INFO: 127.0.0.1 - "GET /api/state HTTP/1.1" 200 -
2026-08-04 13:08:19,846 INFO: 127.0.0.1 - "GET /api/state HTTP/1.1" 200 -
2026-08-04 13:08:19,945 INFO: 127.0.0.1 - "GET /api/state HTTP/1.1" 200 -
2026-08-04 13:08:20,845 INFO: 127.0.0.1 - "GET /api/state HTTP/1.1" 200 -
2026-08-04 13:08:20,930 INFO: Processing audio with duration 00:01.750
2026-08-04 13:08:21,846 INFO: 127.0.0.1 - "GET /api/state HTTP/1.1" 200 -
2026-08-04 13:08:21,846 INFO: 127.0.0.1 - "GET /api/state HTTP/1.1" 200 -
2026-08-04 13:08:21,944 INFO: 127.0.0.1 - "GET /api/state HTTP/1.1" 200 -
2026-08-04 13:08:22,845 INFO: 127.0.0.1 - "GET /api/state HTTP/1.1" 200 -
2026-08-04 13:08:23,532 INFO: Processing audio with duration 00:01.750
2026-08-04 13:08:23,850 INFO: 127.0.0.1 - "GET /api/state HTTP/1.1" 200 -
2026-08-04 13:08:23,852 INFO: 127.0.0.1 - "GET /api/state HTTP/1.1" 200 -
2026-08-04 13:08:23,961 INFO: 127.0.0.1 - "GET /api/state HTTP/1.1" 200 -
2026-08-04 13:08:24,843 INFO: 127.0.0.1 - "GET /api/state HTTP/1.1" 200 -
2026-08-04 13:08:25,855 INFO: 127.0.0.1 - "GET /api/state HTTP/1.1" 200 -
2026-08-04 13:08:25,857 INFO: 127.0.0.1 - "GET /api/state HTTP/1.1" 200 -
2026-08-04 13:08:25,960 INFO: 127.0.0.1 - "GET /api/state HTTP/1.1" 200 -
2026-08-04 13:08:26,560 INFO: Processing audio with duration 00:02.000
2026-08-04 13:08:26,846 INFO: 127.0.0.1 - "GET /api/state HTTP/1.1" 200 -
2026-08-04 13:08:27,848 INFO: 127.0.0.1 - "GET /api/state HTTP/1.1" 200 -
2026-08-04 13:08:27,848 INFO: 127.0.0.1 - "GET /api/state HTTP/1.1" 200 -
2026-08-04 13:08:27,960 INFO: 127.0.0.1 - "GET /api/state HTTP/1.1" 200 -
2026-08-04 13:08:28,844 INFO: 127.0.0.1 - "GET /api/state HTTP/1.1" 200 -
2026-08-04 13:08:29,835 INFO: Processing audio with duration 00:02.000
2026-08-04 13:08:29,849 INFO: 127.0.0.1 - "GET /api/state HTTP/1.1" 200 -
2026-08-04 13:08:29,849 INFO: 127.0.0.1 - "GET /api/state HTTP/1.1" 200 -
2026-08-04 13:08:29,960 INFO: 127.0.0.1 - "GET /api/state HTTP/1.1" 200 -
2026-08-04 13:08:30,838 INFO: 127.0.0.1 - "GET /api/state HTTP/1.1" 200 -
2026-08-04 13:08:31,844 INFO: 127.0.0.1 - "GET /api/state HTTP/1.1" 200 -
2026-08-04 13:08:31,844 INFO: 127.0.0.1 - "GET /api/state HTTP/1.1" 200 -
2026-08-04 13:08:31,960 INFO: 127.0.0.1 - "GET /api/state HTTP/1.1" 200 -
2026-08-04 13:08:32,710 INFO: Processing audio with duration 00:02.000
2026-08-04 13:08:32,845 INFO: 127.0.0.1 - "GET /api/state HTTP/1.1" 200 -
2026-08-04 13:08:33,844 INFO: 127.0.0.1 - "GET /api/state HTTP/1.1" 200 -
2026-08-04 13:08:33,844 INFO: 127.0.0.1 - "GET /api/state HTTP/1.1" 200 -
2026-08-04 13:08:33,960 INFO: 127.0.0.1 - "GET /api/state HTTP/1.1" 200 -
2026-08-04 13:08:35,435 INFO: Processing audio with duration 00:02.000
2026-08-04 13:08:35,843 INFO: 127.0.0.1 - "GET /api/state HTTP/1.1" 200 -
2026-08-04 13:08:35,843 INFO: 127.0.0.1 - "GET /api/state HTTP/1.1" 200 -
2026-08-04 13:08:35,945 INFO: 127.0.0.1 - "GET /api/state HTTP/1.1" 200 -
2026-08-04 13:08:37,845 INFO: 127.0.0.1 - "GET /api/state HTTP/1.1" 200 -
2026-08-04 13:08:37,845 INFO: 127.0.0.1 - "GET /api/state HTTP/1.1" 200 -
2026-08-04 13:08:37,959 INFO: 127.0.0.1 - "GET /api/state HTTP/1.1" 200 -
2026-08-04 13:08:38,342 INFO: Processing audio with duration 00:02.000
2026-08-04 13:08:39,844 INFO: 127.0.0.1 - "GET /api/state HTTP/1.1" 200 -
2026-08-04 13:08:39,844 INFO: 127.0.0.1 - "GET /api/state HTTP/1.1" 200 -
2026-08-04 13:08:39,959 INFO: 127.0.0.1 - "GET /api/state HTTP/1.1" 200 -
2026-08-04 13:08:41,069 INFO: Processing audio with duration 00:02.000
2026-08-04 13:08:41,843 INFO: 127.0.0.1 - "GET /api/state HTTP/1.1" 200 -
2026-08-04 13:08:41,843 INFO: 127.0.0.1 - "GET /api/state HTTP/1.1" 200 -
2026-08-04 13:08:41,959 INFO: 127.0.0.1 - "GET /api/state HTTP/1.1" 200 -
2026-08-04 13:08:43,381 INFO: Imported existing <module 'comtypes.gen' from 'C:\\Users\\kumar\\roha-ai\\.venv\\Lib\\site-packages\\comtypes\\gen\\__init__.py'>
2026-08-04 13:08:43,381 INFO: Using writeable comtypes cache directory: 'C:\Users\kumar\roha-ai\.venv\Lib\site-packages\comtypes\gen'
2026-08-04 13:08:43,491 INFO: TTS engine ready on worker thread
2026-08-04 13:08:43,491 INFO: TTS worker loop starting
2026-08-04 13:08:43,563 INFO: TTS initialized
2026-08-04 13:08:43,574 INFO: Starting Roha web app at http://127.0.0.1:8000
2026-08-04 13:08:43,712 INFO: 127.0.0.1 - "GET / HTTP/1.1" 200 -
2026-08-04 13:08:43,741 INFO: 127.0.0.1 - "GET /api/state HTTP/1.1" 200 -
2026-08-04 13:08:43,842 INFO: 127.0.0.1 - "GET /api/state HTTP/1.1" 200 -
2026-08-04 13:08:43,842 INFO: 127.0.0.1 - "GET /api/state HTTP/1.1" 200 -
2026-08-04 13:08:43,959 INFO: 127.0.0.1 - "GET /api/state HTTP/1.1" 200 -
2026-08-04 13:08:45,350 INFO: Processing audio with duration 00:03.500
2026-08-04 13:08:45,741 INFO: 127.0.0.1 - "GET /api/state HTTP/1.1" 200 -
2026-08-04 13:08:45,841 INFO: 127.0.0.1 - "GET /api/state HTTP/1.1" 200 -
2026-08-04 13:08:45,844 INFO: 127.0.0.1 - "GET /api/state HTTP/1.1" 200 -
2026-08-04 13:08:45,958 INFO: 127.0.0.1 - "GET /api/state HTTP/1.1" 200 -
2026-08-04 13:08:47,756 INFO: 127.0.0.1 - "GET /api/state HTTP/1.1" 200 -
2026-08-04 13:08:47,839 INFO: 127.0.0.1 - "GET /api/state HTTP/1.1" 200 -
2026-08-04 13:08:47,840 INFO: 127.0.0.1 - "GET /api/state HTTP/1.1" 200 -
2026-08-04 13:08:47,960 INFO: 127.0.0.1 - "GET /api/state HTTP/1.1" 200 -
2026-08-04 13:08:48,075 INFO: Processing audio with duration 00:02.000
2026-08-04 13:08:49,740 INFO: 127.0.0.1 - "GET /api/state HTTP/1.1" 200 -
2026-08-04 13:08:49,842 INFO: 127.0.0.1 - "GET /api/state HTTP/1.1" 200 -
2026-08-04 13:08:49,843 INFO: 127.0.0.1 - "GET /api/state HTTP/1.1" 200 -
2026-08-04 13:08:49,949 INFO: 127.0.0.1 - "GET /api/state HTTP/1.1" 200 -
2026-08-04 13:08:50,690 INFO: Processing audio with duration 00:01.750
2026-08-04 13:08:51,843 INFO: 127.0.0.1 - "GET /api/state HTTP/1.1" 200 -
2026-08-04 13:08:51,845 INFO: 127.0.0.1 - "GET /api/state HTTP/1.1" 200 -
2026-08-04 13:08:51,958 INFO: 127.0.0.1 - "GET /api/state HTTP/1.1" 200 -
2026-08-04 13:08:52,798 INFO: 127.0.0.1 - "GET / HTTP/1.1" 200 -
2026-08-04 13:08:52,818 INFO: 127.0.0.1 - "GET /api/state HTTP/1.1" 200 -
2026-08-04 13:08:52,831 INFO: 127.0.0.1 - "GET /favicon.ico HTTP/1.1" 404 -
2026-08-04 13:08:53,590 INFO: Processing audio with duration 00:02.000
2026-08-04 13:08:53,840 INFO: 127.0.0.1 - "GET /api/state HTTP/1.1" 200 -
2026-08-04 13:08:53,840 INFO: 127.0.0.1 - "GET /api/state HTTP/1.1" 200 -
2026-08-04 13:08:54,823 INFO: 127.0.0.1 - "GET /api/state HTTP/1.1" 200 -
2026-08-04 13:08:54,836 INFO: 127.0.0.1 - "GET /api/state HTTP/1.1" 200 -
2026-08-04 13:08:55,840 INFO: 127.0.0.1 - "GET /api/state HTTP/1.1" 200 -
2026-08-04 13:08:55,840 INFO: 127.0.0.1 - "GET /api/state HTTP/1.1" 200 -
2026-08-04 13:08:56,429 INFO: Processing audio with duration 00:02.000
2026-08-04 13:08:56,844 INFO: 127.0.0.1 - "GET /api/state HTTP/1.1" 200 -
2026-08-04 13:08:56,846 INFO: 127.0.0.1 - "GET /api/state HTTP/1.1" 200 -
2026-08-04 13:08:57,846 INFO: 127.0.0.1 - "GET /api/state HTTP/1.1" 200 -
2026-08-04 13:08:57,846 INFO: 127.0.0.1 - "GET /api/state HTTP/1.1" 200 -
2026-08-04 13:08:58,814 INFO: 127.0.0.1 - "GET /api/state HTTP/1.1" 200 -
2026-08-04 13:08:58,839 INFO: 127.0.0.1 - "GET /api/state HTTP/1.1" 200 -
2026-08-04 13:08:59,063 INFO: Processing audio with duration 00:02.000
2026-08-04 13:08:59,840 INFO: 127.0.0.1 - "GET /api/state HTTP/1.1" 200 -
2026-08-04 13:08:59,841 INFO: 127.0.0.1 - "GET /api/state HTTP/1.1" 200 -
2026-08-04 13:09:00,823 INFO: 127.0.0.1 - "GET /api/state HTTP/1.1" 200 -
2026-08-04 13:09:00,861 INFO: 127.0.0.1 - "GET /api/state HTTP/1.1" 200 -
2026-08-04 13:09:01,558 INFO: Processing audio with duration 00:01.750
2026-08-04 13:09:01,840 INFO: 127.0.0.1 - "GET /api/state HTTP/1.1" 200 -
2026-08-04 13:09:01,842 INFO: 127.0.0.1 - "GET /api/state HTTP/1.1" 200 -
2026-08-04 13:09:01,842 INFO: 127.0.0.1 - "GET /api/state HTTP/1.1" 200 -
2026-08-04 13:09:01,844 INFO: 127.0.0.1 - "GET /api/state HTTP/1.1" 200 -
2026-08-04 13:09:01,846 INFO: 127.0.0.1 - "GET /api/state HTTP/1.1" 200 -
2026-08-04 13:09:02,823 INFO: 127.0.0.1 - "GET /api/state HTTP/1.1" 200 -
2026-08-04 13:09:03,836 INFO: 127.0.0.1 - "GET /api/state HTTP/1.1" 200 -
2026-08-04 13:09:03,836 INFO: 127.0.0.1 - "GET /api/state HTTP/1.1" 200 -
2026-08-04 13:09:04,294 INFO: Processing audio with duration 00:02.000
2026-08-04 13:09:04,818 INFO: 127.0.0.1 - "GET /api/state HTTP/1.1" 200 -
2026-08-04 13:09:05,755 INFO: 127.0.0.1 - "GET /api/state HTTP/1.1" 200 -
2026-08-04 13:09:05,838 INFO: 127.0.0.1 - "GET /api/state HTTP/1.1" 200 -
2026-08-04 13:09:06,820 INFO: 127.0.0.1 - "GET /api/state HTTP/1.1" 200 -
2026-08-04 13:09:07,698 INFO: 127.0.0.1 - "GET /api/state HTTP/1.1" 200 -
2026-08-04 13:09:07,739 INFO: 127.0.0.1 - "GET /api/state HTTP/1.1" 200 -
2026-08-04 13:09:07,838 INFO: 127.0.0.1 - "GET /api/state HTTP/1.1" 200 -
2026-08-04 13:09:07,923 INFO: Processing audio with duration 00:03.000
2026-08-04 13:09:08,821 INFO: 127.0.0.1 - "GET /api/state HTTP/1.1" 200 -
2026-08-04 13:09:09,746 INFO: 127.0.0.1 - "GET /api/state HTTP/1.1" 200 -
2026-08-04 13:09:10,332 INFO: Processing audio with duration 00:01.750
2026-08-04 13:09:10,822 INFO: 127.0.0.1 - "GET /api/state HTTP/1.1" 200 -
2026-08-04 13:09:11,754 INFO: 127.0.0.1 - "GET /api/state HTTP/1.1" 200 -
2026-08-04 13:09:12,809 INFO: Processing audio with duration 00:01.750
2026-08-04 13:09:12,821 INFO: 127.0.0.1 - "GET /api/state HTTP/1.1" 200 -
2026-08-04 13:09:13,754 INFO: 127.0.0.1 - "GET /api/state HTTP/1.1" 200 -
2026-08-04 13:09:14,817 INFO: 127.0.0.1 - "GET /api/state HTTP/1.1" 200 -
2026-08-04 13:09:15,490 INFO: Processing audio with duration 00:02.000
2026-08-04 13:09:15,840 INFO: 127.0.0.1 - "GET /api/state HTTP/1.1" 200 -
2026-08-04 13:09:16,818 INFO: 127.0.0.1 - "GET /api/state HTTP/1.1" 200 -
2026-08-04 13:09:17,834 INFO: 127.0.0.1 - "GET /api/state HTTP/1.1" 200 -
2026-08-04 13:09:17,918 INFO: Processing audio with duration 00:01.750
2026-08-04 13:09:18,823 INFO: 127.0.0.1 - "GET /api/state HTTP/1.1" 200 -
2026-08-04 13:09:19,850 INFO: 127.0.0.1 - "GET /api/state HTTP/1.1" 200 -
2026-08-04 13:09:20,589 INFO: Processing audio with duration 00:02.000
2026-08-04 13:09:20,812 INFO: 127.0.0.1 - "GET /api/state HTTP/1.1" 200 -
2026-08-04 13:09:21,837 INFO: 127.0.0.1 - "GET /api/state HTTP/1.1" 200 -
2026-08-04 13:09:22,813 INFO: 127.0.0.1 - "GET /api/state HTTP/1.1" 200 -
2026-08-04 13:09:23,221 INFO: 127.0.0.1 - "GET / HTTP/1.1" 200 -
2026-08-04 13:09:23,232 INFO: 127.0.0.1 - "GET /api/state HTTP/1.1" 200 -
2026-08-04 13:09:23,330 INFO: Processing audio with duration 00:02.000
2026-08-04 13:09:23,836 INFO: 127.0.0.1 - "GET /api/state HTTP/1.1" 200 -
2026-08-04 13:09:25,236 INFO: 127.0.0.1 - "GET /api/state HTTP/1.1" 200 -
2026-08-04 13:09:25,840 INFO: 127.0.0.1 - "GET /api/state HTTP/1.1" 200 -
2026-08-04 13:09:26,084 INFO: Processing audio with duration 00:02.000
2026-08-04 13:09:27,239 INFO: 127.0.0.1 - "GET /api/state HTTP/1.1" 200 -
2026-08-04 13:09:27,839 INFO: 127.0.0.1 - "GET /api/state HTTP/1.1" 200 -
2026-08-04 13:09:28,797 INFO: Processing audio with duration 00:02.000
2026-08-04 13:09:29,231 INFO: 127.0.0.1 - "GET /api/state HTTP/1.1" 200 -
2026-08-04 13:09:29,841 INFO: 127.0.0.1 - "GET /api/state HTTP/1.1" 200 -
2026-08-04 13:09:31,241 INFO: 127.0.0.1 - "GET /api/state HTTP/1.1" 200 -
2026-08-04 13:09:31,434 INFO: Processing audio with duration 00:02.000
2026-08-04 13:09:31,840 INFO: 127.0.0.1 - "GET /api/state HTTP/1.1" 200 -
2026-08-04 13:09:33,230 INFO: 127.0.0.1 - "GET /api/state HTTP/1.1" 200 -
2026-08-04 13:09:33,844 INFO: 127.0.0.1 - "GET /api/state HTTP/1.1" 200 -
2026-08-04 13:09:34,185 INFO: Processing audio with duration 00:02.000
2026-08-04 13:09:34,723 INFO: 127.0.0.1 - "GET /api/state HTTP/1.1" 200 -
2026-08-04 13:09:35,235 INFO: 127.0.0.1 - "GET /api/state HTTP/1.1" 200 -
2026-08-04 13:09:35,833 INFO: 127.0.0.1 - "GET /api/state HTTP/1.1" 200 -
2026-08-04 13:09:36,633 INFO: Processing audio with duration 00:01.750
2026-08-04 13:09:37,234 INFO: 127.0.0.1 - "GET /api/state HTTP/1.1" 200 -
2026-08-04 13:09:37,834 INFO: 127.0.0.1 - "GET /api/state HTTP/1.1" 200 -
2026-08-04 13:09:39,235 INFO: 127.0.0.1 - "GET /api/state HTTP/1.1" 200 -
2026-08-04 13:09:39,785 INFO: Processing audio with duration 00:02.500
2026-08-04 13:09:39,849 INFO: 127.0.0.1 - "GET /api/state HTTP/1.1" 200 -
2026-08-04 13:09:41,232 INFO: 127.0.0.1 - "GET /api/state HTTP/1.1" 200 -
2026-08-04 13:09:41,835 INFO: 127.0.0.1 - "GET /api/state HTTP/1.1" 200 -
2026-08-04 13:09:42,435 INFO: Processing audio with duration 00:02.000
2026-08-04 13:09:43,233 INFO: 127.0.0.1 - "GET /api/state HTTP/1.1" 200 -
2026-08-04 13:09:43,833 INFO: 127.0.0.1 - "GET /api/state HTTP/1.1" 200 -
2026-08-04 13:09:45,100 INFO: Processing audio with duration 00:02.000
2026-08-04 13:09:45,229 INFO: 127.0.0.1 - "GET /api/state HTTP/1.1" 200 -
2026-08-04 13:09:45,834 INFO: 127.0.0.1 - "GET /api/state HTTP/1.1" 200 -
2026-08-04 13:09:47,236 INFO: 127.0.0.1 - "GET /api/state HTTP/1.1" 200 -
2026-08-04 13:09:47,556 INFO: Processing audio with duration 00:01.750
2026-08-04 13:09:47,834 INFO: 127.0.0.1 - "GET /api/state HTTP/1.1" 200 -
2026-08-04 13:09:49,230 INFO: 127.0.0.1 - "GET /api/state HTTP/1.1" 200 -
2026-08-04 13:09:49,850 INFO: 127.0.0.1 - "GET /api/state HTTP/1.1" 200 -
2026-08-04 13:09:49,951 INFO: Processing audio with duration 00:01.750
2026-08-04 13:09:51,232 INFO: 127.0.0.1 - "GET /api/state HTTP/1.1" 200 -
2026-08-04 13:09:51,847 INFO: 127.0.0.1 - "GET /api/state HTTP/1.1" 200 -
2026-08-04 13:09:52,445 INFO: Processing audio with duration 00:01.750
2026-08-04 13:09:53,232 INFO: 127.0.0.1 - "GET /api/state HTTP/1.1" 200 -
2026-08-04 13:09:53,849 INFO: 127.0.0.1 - "GET /api/state HTTP/1.1" 200 -
2026-08-04 13:09:54,179 INFO: 127.0.0.1 - "GET /api/state HTTP/1.1" 200 -
2026-08-04 13:09:54,967 INFO: Processing audio with duration 00:01.750
2026-08-04 13:09:55,238 INFO: 127.0.0.1 - "GET /api/state HTTP/1.1" 200 -
2026-08-04 13:09:55,835 INFO: 127.0.0.1 - "GET /api/state HTTP/1.1" 200 -
2026-08-04 13:09:57,237 INFO: 127.0.0.1 - "GET /api/state HTTP/1.1" 200 -
2026-08-04 13:09:57,735 INFO: Processing audio with duration 00:02.000
2026-08-04 13:09:57,848 INFO: 127.0.0.1 - "GET /api/state HTTP/1.1" 200 -
2026-08-04 13:09:59,239 INFO: 127.0.0.1 - "GET /api/state HTTP/1.1" 200 -
2026-08-04 13:09:59,835 INFO: 127.0.0.1 - "GET /api/state HTTP/1.1" 200 -
2026-08-04 13:10:00,515 INFO: Processing audio with duration 00:02.000
2026-08-04 13:10:01,231 INFO: 127.0.0.1 - "GET /api/state HTTP/1.1" 200 -
2026-08-04 13:10:01,839 INFO: 127.0.0.1 - "GET /api/state HTTP/1.1" 200 -
2026-08-04 13:10:01,841 INFO: 127.0.0.1 - "GET /api/state HTTP/1.1" 200 -
2026-08-04 13:10:03,232 INFO: 127.0.0.1 - "GET /api/state HTTP/1.1" 200 -
2026-08-04 13:10:03,282 INFO: Processing audio with duration 00:02.000
2026-08-04 13:10:03,848 INFO: 127.0.0.1 - "GET /api/state HTTP/1.1" 200 -
2026-08-04 13:10:05,232 INFO: 127.0.0.1 - "GET /api/state HTTP/1.1" 200 -
2026-08-04 13:10:05,846 INFO: 127.0.0.1 - "GET /api/state HTTP/1.1" 200 -
2026-08-04 13:10:07,065 INFO: Processing audio with duration 00:03.000
2026-08-04 13:10:07,242 INFO: 127.0.0.1 - "GET /api/state HTTP/1.1" 200 -
2026-08-04 13:10:07,842 INFO: 127.0.0.1 - "GET /api/state HTTP/1.1" 200 -
2026-08-04 13:10:09,232 INFO: 127.0.0.1 - "GET /api/state HTTP/1.1" 200 -
2026-08-04 13:10:09,844 INFO: Processing audio with duration 00:02.000
2026-08-04 13:10:09,848 INFO: 127.0.0.1 - "GET /api/state HTTP/1.1" 200 -
2026-08-04 13:10:11,247 INFO: 127.0.0.1 - "GET /api/state HTTP/1.1" 200 -
2026-08-04 13:10:11,834 INFO: 127.0.0.1 - "GET /api/state HTTP/1.1" 200 -
2026-08-04 13:10:12,329 INFO: Processing audio with duration 00:01.750
2026-08-04 13:10:13,244 INFO: 127.0.0.1 - "GET /api/state HTTP/1.1" 200 -
2026-08-04 13:10:13,846 INFO: 127.0.0.1 - "GET /api/state HTTP/1.1" 200 -
2026-08-04 13:10:14,829 INFO: Processing audio with duration 00:01.750
2026-08-04 13:10:15,239 INFO: 127.0.0.1 - "GET /api/state HTTP/1.1" 200 -
2026-08-04 13:10:17,233 INFO: 127.0.0.1 - "GET /api/state HTTP/1.1" 200 -
2026-08-04 13:10:17,576 INFO: Processing audio with duration 00:02.000
2026-08-04 13:10:19,239 INFO: 127.0.0.1 - "GET /api/state HTTP/1.1" 200 -
2026-08-04 13:10:20,053 INFO: Processing audio with duration 00:01.750
2026-08-04 13:10:21,230 INFO: 127.0.0.1 - "GET /api/state HTTP/1.1" 200 -
2026-08-04 13:10:22,834 INFO: Processing audio with duration 00:02.000
2026-08-04 13:10:23,230 INFO: 127.0.0.1 - "GET /api/state HTTP/1.1" 200 -
2026-08-04 13:10:25,229 INFO: 127.0.0.1 - "GET /api/state HTTP/1.1" 200 -
2026-08-04 13:10:25,345 INFO: Processing audio with duration 00:01.750
2026-08-04 13:10:27,247 INFO: 127.0.0.1 - "GET /api/state HTTP/1.1" 200 -
2026-08-04 13:10:27,829 INFO: Processing audio with duration 00:01.750
2026-08-04 13:10:29,245 INFO: 127.0.0.1 - "GET /api/state HTTP/1.1" 200 -
2026-08-04 13:10:30,295 INFO: Processing audio with duration 00:01.750
2026-08-04 13:10:31,246 INFO: 127.0.0.1 - "GET /api/state HTTP/1.1" 200 -
2026-08-04 13:10:32,726 INFO: Processing audio with duration 00:01.750
2026-08-04 13:10:33,239 INFO: 127.0.0.1 - "GET /api/state HTTP/1.1" 200 -
2026-08-04 13:10:33,758 INFO: 127.0.0.1 - "GET /api/state HTTP/1.1" 200 -
2026-08-04 13:10:35,212 INFO: Processing audio with duration 00:01.750
2026-08-04 13:10:35,244 INFO: 127.0.0.1 - "GET /api/state HTTP/1.1" 200 -
2026-08-04 13:10:37,245 INFO: 127.0.0.1 - "GET /api/state HTTP/1.1" 200 -
2026-08-04 13:10:37,710 INFO: Processing audio with duration 00:01.750
2026-08-04 13:10:39,246 INFO: 127.0.0.1 - "GET /api/state HTTP/1.1" 200 -
2026-08-04 13:10:40,147 INFO: Processing audio with duration 00:01.750
2026-08-04 13:10:41,229 INFO: 127.0.0.1 - "GET /api/state HTTP/1.1" 200 -
2026-08-04 13:10:42,561 INFO: Processing audio with duration 00:01.750
2026-08-04 13:10:43,244 INFO: 127.0.0.1 - "GET /api/state HTTP/1.1" 200 -
2026-08-04 13:10:45,039 INFO: Processing audio with duration 00:01.750
2026-08-04 13:10:45,244 INFO: 127.0.0.1 - "GET /api/state HTTP/1.1" 200 -
2026-08-04 13:10:47,247 INFO: 127.0.0.1 - "GET /api/state HTTP/1.1" 200 -
2026-08-04 13:10:47,527 INFO: Processing audio with duration 00:01.750
2026-08-04 13:10:49,245 INFO: 127.0.0.1 - "GET /api/state HTTP/1.1" 200 -
2026-08-04 13:10:50,043 INFO: Processing audio with duration 00:01.750
2026-08-04 13:10:51,245 INFO: 127.0.0.1 - "GET /api/state HTTP/1.1" 200 -
2026-08-04 13:10:52,520 INFO: Processing audio with duration 00:01.750
2026-08-04 13:10:53,241 INFO: 127.0.0.1 - "GET /api/state HTTP/1.1" 200 -
2026-08-04 13:10:55,276 INFO: Processing audio with duration 00:02.000
2026-08-04 13:10:55,276 INFO: 127.0.0.1 - "GET /api/state HTTP/1.1" 200 -
2026-08-04 13:10:57,242 INFO: 127.0.0.1 - "GET /api/state HTTP/1.1" 200 -
2026-08-04 13:10:57,797 INFO: Processing audio with duration 00:01.750
2026-08-04 13:10:59,241 INFO: 127.0.0.1 - "GET /api/state HTTP/1.1" 200 -
2026-08-04 13:11:00,328 INFO: Processing audio with duration 00:01.750
2026-08-04 13:11:01,241 INFO: 127.0.0.1 - "GET /api/state HTTP/1.1" 200 -
2026-08-04 13:11:01,842 INFO: 127.0.0.1 - "GET /api/state HTTP/1.1" 200 -
2026-08-04 13:11:01,842 INFO: 127.0.0.1 - "GET /api/state HTTP/1.1" 200 -
2026-08-04 13:11:02,757 INFO: Processing audio with duration 00:01.750
2026-08-04 13:11:03,240 INFO: 127.0.0.1 - "GET /api/state HTTP/1.1" 200 -
2026-08-04 13:11:05,274 INFO: Processing audio with duration 00:01.750
2026-08-04 13:11:05,274 INFO: 127.0.0.1 - "GET /api/state HTTP/1.1" 200 -
2026-08-04 13:11:07,240 INFO: 127.0.0.1 - "GET /api/state HTTP/1.1" 200 -
2026-08-04 13:11:07,790 INFO: Processing audio with duration 00:01.750
2026-08-04 13:11:09,241 INFO: 127.0.0.1 - "GET /api/state HTTP/1.1" 200 -
2026-08-04 13:11:10,302 INFO: Processing audio with duration 00:01.750
2026-08-04 13:11:11,240 INFO: 127.0.0.1 - "GET /api/state HTTP/1.1" 200 -
2026-08-04 13:11:13,056 INFO: Processing audio with duration 00:02.000
2026-08-04 13:11:13,239 INFO: 127.0.0.1 - "GET /api/state HTTP/1.1" 200 -
2026-08-04 13:11:15,239 INFO: 127.0.0.1 - "GET /api/state HTTP/1.1" 200 -
2026-08-04 13:11:15,556 INFO: Processing audio with duration 00:01.750
2026-08-04 13:11:17,240 INFO: 127.0.0.1 - "GET /api/state HTTP/1.1" 200 -
2026-08-04 13:11:18,291 INFO: Processing audio with duration 00:02.000
2026-08-04 13:11:19,240 INFO: 127.0.0.1 - "GET /api/state HTTP/1.1" 200 -
2026-08-04 13:11:20,805 INFO: Processing audio with duration 00:01.750
2026-08-04 13:11:21,238 INFO: 127.0.0.1 - "GET /api/state HTTP/1.1" 200 -
2026-08-04 13:11:23,238 INFO: 127.0.0.1 - "GET /api/state HTTP/1.1" 200 -
2026-08-04 13:11:23,556 INFO: Processing audio with duration 00:02.000
2026-08-04 13:11:25,239 INFO: 127.0.0.1 - "GET /api/state HTTP/1.1" 200 -
2026-08-04 13:11:27,011 INFO: Processing audio with duration 00:02.750
2026-08-04 13:11:27,237 INFO: 127.0.0.1 - "GET /api/state HTTP/1.1" 200 -
2026-08-04 13:11:29,238 INFO: 127.0.0.1 - "GET /api/state HTTP/1.1" 200 -
2026-08-04 13:11:29,770 INFO: Processing audio with duration 00:02.000
2026-08-04 13:11:31,236 INFO: 127.0.0.1 - "GET /api/state HTTP/1.1" 200 -
2026-08-04 13:11:33,237 INFO: 127.0.0.1 - "GET /api/state HTTP/1.1" 200 -
2026-08-04 13:11:33,903 INFO: Processing audio with duration 00:01.750
2026-08-04 13:11:35,236 INFO: 127.0.0.1 - "GET /api/state HTTP/1.1" 200 -
2026-08-04 13:11:36,654 INFO: Processing audio with duration 00:02.000
2026-08-04 13:11:37,231 INFO: 127.0.0.1 - "GET /api/state HTTP/1.1" 200 -
2026-08-04 13:11:39,236 INFO: 127.0.0.1 - "GET /api/state HTTP/1.1" 200 -
2026-08-04 13:11:39,437 INFO: Processing audio with duration 00:02.000
2026-08-04 13:11:41,236 INFO: 127.0.0.1 - "GET /api/state HTTP/1.1" 200 -
2026-08-04 13:11:41,941 INFO: Processing audio with duration 00:01.750
2026-08-04 13:11:43,235 INFO: 127.0.0.1 - "GET /api/state HTTP/1.1" 200 -
2026-08-04 13:11:44,601 INFO: Processing audio with duration 00:02.000
2026-08-04 13:11:45,235 INFO: 127.0.0.1 - "GET /api/state HTTP/1.1" 200 -
2026-08-04 13:11:47,118 INFO: Processing audio with duration 00:01.750
2026-08-04 13:11:47,235 INFO: 127.0.0.1 - "GET /api/state HTTP/1.1" 200 -
2026-08-04 13:11:49,235 INFO: 127.0.0.1 - "GET /api/state HTTP/1.1" 200 -
2026-08-04 13:11:49,834 INFO: Processing audio with duration 00:02.000
2026-08-04 13:11:51,234 INFO: 127.0.0.1 - "GET /api/state HTTP/1.1" 200 -
2026-08-04 13:11:52,351 INFO: Processing audio with duration 00:01.750
2026-08-04 13:11:53,234 INFO: 127.0.0.1 - "GET /api/state HTTP/1.1" 200 -
2026-08-04 13:11:55,035 INFO: Processing audio with duration 00:02.000
2026-08-04 13:11:55,230 INFO: 127.0.0.1 - "GET /api/state HTTP/1.1" 200 -
2026-08-04 13:11:57,236 INFO: 127.0.0.1 - "GET /api/state HTTP/1.1" 200 -
2026-08-04 13:11:57,755 INFO: Processing audio with duration 00:02.000
2026-08-04 13:11:59,235 INFO: 127.0.0.1 - "GET /api/state HTTP/1.1" 200 -
2026-08-04 13:12:00,239 INFO: Processing audio with duration 00:01.750
2026-08-04 13:12:01,237 INFO: 127.0.0.1 - "GET /api/state HTTP/1.1" 200 -
2026-08-04 13:12:01,627 INFO: Imported existing <module 'comtypes.gen' from 'C:\\Users\\kumar\\roha-ai\\.venv\\Lib\\site-packages\\comtypes\\gen\\__init__.py'>
2026-08-04 13:12:01,628 INFO: Using writeable comtypes cache directory: 'C:\Users\kumar\roha-ai\.venv\Lib\site-packages\comtypes\gen'
2026-08-04 13:12:01,724 INFO: TTS engine ready on worker thread
2026-08-04 13:12:01,725 INFO: TTS worker loop starting
2026-08-04 13:12:01,781 INFO: TTS initialized
2026-08-04 13:12:01,784 INFO: TTS worker received shutdown signal
2026-08-04 13:12:01,784 INFO: TTS shut down
2026-08-04 13:12:01,835 INFO: 127.0.0.1 - "GET /api/state HTTP/1.1" 200 -
2026-08-04 13:12:01,836 INFO: 127.0.0.1 - "GET /api/state HTTP/1.1" 200 -
2026-08-04 13:12:02,773 INFO: Processing audio with duration 00:01.750
2026-08-04 13:12:03,232 INFO: 127.0.0.1 - "GET /api/state HTTP/1.1" 200 -
2026-08-04 13:12:05,275 INFO: 127.0.0.1 - "GET /api/state HTTP/1.1" 200 -
2026-08-04 13:12:05,275 INFO: Processing audio with duration 00:01.750
2026-08-04 13:12:07,233 INFO: 127.0.0.1 - "GET /api/state HTTP/1.1" 200 -
2026-08-04 13:12:07,699 INFO: Processing audio with duration 00:01.750
2026-08-04 13:12:09,233 INFO: 127.0.0.1 - "GET /api/state HTTP/1.1" 200 -
2026-08-04 13:12:10,182 INFO: Processing audio with duration 00:01.750
2026-08-04 13:12:11,233 INFO: 127.0.0.1 - "GET /api/state HTTP/1.1" 200 -
2026-08-04 13:12:12,632 INFO: Processing audio with duration 00:01.750
2026-08-04 13:12:13,231 INFO: 127.0.0.1 - "GET /api/state HTTP/1.1" 200 -
2026-08-04 13:12:15,232 INFO: 127.0.0.1 - "GET /api/state HTTP/1.1" 200 -
2026-08-04 13:12:15,547 INFO: Processing audio with duration 00:02.250
2026-08-04 13:12:17,232 INFO: 127.0.0.1 - "GET /api/state HTTP/1.1" 200 -
2026-08-04 13:12:18,030 INFO: Processing audio with duration 00:01.750
2026-08-04 13:12:19,231 INFO: 127.0.0.1 - "GET /api/state HTTP/1.1" 200 -
2026-08-04 13:12:20,530 INFO: Processing audio with duration 00:01.750
2026-08-04 13:12:21,245 INFO: 127.0.0.1 - "GET /api/state HTTP/1.1" 200 -
2026-08-04 13:12:23,230 INFO: 127.0.0.1 - "GET /api/state HTTP/1.1" 200 -
2026-08-04 13:12:23,297 INFO: Processing audio with duration 00:02.000
2026-08-04 13:12:25,231 INFO: 127.0.0.1 - "GET /api/state HTTP/1.1" 200 -
2026-08-04 13:12:26,013 INFO: Processing audio with duration 00:02.000
2026-08-04 13:12:27,231 INFO: 127.0.0.1 - "GET /api/state HTTP/1.1" 200 -
2026-08-04 13:12:28,529 INFO: Processing audio with duration 00:01.750
2026-08-04 13:12:29,246 INFO: 127.0.0.1 - "GET /api/state HTTP/1.1" 200 -
2026-08-04 13:12:31,279 INFO: Processing audio with duration 00:02.000
2026-08-04 13:12:31,279 INFO: 127.0.0.1 - "GET /api/state HTTP/1.1" 200 -
2026-08-04 13:12:33,246 INFO: 127.0.0.1 - "GET /api/state HTTP/1.1" 200 -
2026-08-04 13:12:33,995 INFO: Processing audio with duration 00:02.000
2026-08-04 13:12:35,229 INFO: 127.0.0.1 - "GET /api/state HTTP/1.1" 200 -
2026-08-04 13:12:36,484 INFO: Processing audio with duration 00:01.750
2026-08-04 13:12:37,245 INFO: 127.0.0.1 - "GET /api/state HTTP/1.1" 200 -
2026-08-04 13:12:39,128 INFO: Processing audio with duration 00:01.750
2026-08-04 13:12:39,245 INFO: 127.0.0.1 - "GET /api/state HTTP/1.1" 200 -
2026-08-04 13:12:41,237 INFO: 127.0.0.1 - "GET /api/state HTTP/1.1" 200 -
2026-08-04 13:12:41,627 INFO: Processing audio with duration 00:01.750
2026-08-04 13:12:43,247 INFO: 127.0.0.1 - "GET /api/state HTTP/1.1" 200 -
2026-08-04 13:12:44,144 INFO: Processing audio with duration 00:01.750
2026-08-04 13:12:45,245 INFO: 127.0.0.1 - "GET /api/state HTTP/1.1" 200 -
2026-08-04 13:12:46,608 INFO: Processing audio with duration 00:01.750
2026-08-04 13:12:47,242 INFO: 127.0.0.1 - "GET /api/state HTTP/1.1" 200 -
2026-08-04 13:12:49,078 INFO: Processing audio with duration 00:01.750
2026-08-04 13:12:49,243 INFO: 127.0.0.1 - "GET /api/state HTTP/1.1" 200 -
2026-08-04 13:12:51,244 INFO: 127.0.0.1 - "GET /api/state HTTP/1.1" 200 -
2026-08-04 13:12:51,660 INFO: Processing audio with duration 00:01.750
2026-08-04 13:12:53,244 INFO: 127.0.0.1 - "GET /api/state HTTP/1.1" 200 -
2026-08-04 13:12:54,092 INFO: Processing audio with duration 00:01.750
2026-08-04 13:12:55,243 INFO: 127.0.0.1 - "GET /api/state HTTP/1.1" 200 -
2026-08-04 13:12:56,527 INFO: Processing audio with duration 00:01.750
2026-08-04 13:12:57,243 INFO: 127.0.0.1 - "GET /api/state HTTP/1.1" 200 -
2026-08-04 13:12:59,073 INFO: Processing audio with duration 00:01.750
2026-08-04 13:12:59,241 INFO: 127.0.0.1 - "GET /api/state HTTP/1.1" 200 -
2026-08-04 13:12:59,627 INFO: Imported existing <module 'comtypes.gen' from 'C:\\Users\\kumar\\roha-ai\\.venv\\Lib\\site-packages\\comtypes\\gen\\__init__.py'>
2026-08-04 13:12:59,628 INFO: Using writeable comtypes cache directory: 'C:\Users\kumar\roha-ai\.venv\Lib\site-packages\comtypes\gen'
2026-08-04 13:12:59,753 INFO: TTS engine ready on worker thread
2026-08-04 13:12:59,754 INFO: TTS worker loop starting
2026-08-04 13:12:59,833 INFO: TTS initialized
2026-08-04 13:12:59,848 INFO: Starting Roha web app at http://127.0.0.1:8000
2026-08-04 13:13:00,007 INFO: 127.0.0.1 - "GET / HTTP/1.1" 200 -
2026-08-04 13:13:00,043 INFO: 127.0.0.1 - "GET /api/state HTTP/1.1" 200 -
2026-08-04 13:13:01,236 INFO: 127.0.0.1 - "GET /api/state HTTP/1.1" 200 -
2026-08-04 13:13:01,838 INFO: 127.0.0.1 - "GET /api/state HTTP/1.1" 200 -
2026-08-04 13:13:01,838 INFO: 127.0.0.1 - "GET /api/state HTTP/1.1" 200 -
2026-08-04 13:13:02,050 INFO: 127.0.0.1 - "GET /api/state HTTP/1.1" 200 -
2026-08-04 13:13:03,236 INFO: 127.0.0.1 - "GET /api/state HTTP/1.1" 200 -
2026-08-04 13:13:03,292 INFO: Processing audio with duration 00:02.000
2026-08-04 13:13:04,043 INFO: 127.0.0.1 - "GET /api/state HTTP/1.1" 200 -
2026-08-04 13:13:05,237 INFO: 127.0.0.1 - "GET /api/state HTTP/1.1" 200 -
2026-08-04 13:13:05,760 INFO: Processing audio with duration 00:01.750
2026-08-04 13:13:06,045 INFO: 127.0.0.1 - "GET /api/state HTTP/1.1" 200 -
2026-08-04 13:13:07,243 INFO: 127.0.0.1 - "GET /api/state HTTP/1.1" 200 -
2026-08-04 13:13:08,047 INFO: 127.0.0.1 - "GET /api/state HTTP/1.1" 200 -
2026-08-04 13:13:08,191 INFO: Processing audio with duration 00:01.750
2026-08-04 13:13:09,236 INFO: 127.0.0.1 - "GET /api/state HTTP/1.1" 200 -
2026-08-04 13:13:10,050 INFO: 127.0.0.1 - "GET /api/state HTTP/1.1" 200 -
2026-08-04 13:13:10,924 INFO: Processing audio with duration 00:02.000
2026-08-04 13:13:11,241 INFO: 127.0.0.1 - "GET /api/state HTTP/1.1" 200 -
2026-08-04 13:13:12,046 INFO: 127.0.0.1 - "GET /api/state HTTP/1.1" 200 -
2026-08-04 13:13:13,248 INFO: 127.0.0.1 - "GET /api/state HTTP/1.1" 200 -
2026-08-04 13:13:13,376 INFO: Processing audio with duration 00:01.750
2026-08-04 13:13:14,043 INFO: 127.0.0.1 - "GET /api/state HTTP/1.1" 200 -
2026-08-04 13:13:15,240 INFO: 127.0.0.1 - "GET /api/state HTTP/1.1" 200 -
2026-08-04 13:13:16,057 INFO: 127.0.0.1 - "GET /api/state HTTP/1.1" 200 -
2026-08-04 13:13:16,106 INFO: Processing audio with duration 00:02.000
2026-08-04 13:13:17,240 INFO: 127.0.0.1 - "GET /api/state HTTP/1.1" 200 -
2026-08-04 13:13:18,057 INFO: 127.0.0.1 - "GET /api/state HTTP/1.1" 200 -
2026-08-04 13:13:18,606 INFO: Processing audio with duration 00:01.750
2026-08-04 13:13:19,240 INFO: 127.0.0.1 - "GET /api/state HTTP/1.1" 200 -
2026-08-04 13:13:20,056 INFO: 127.0.0.1 - "GET /api/state HTTP/1.1" 200 -
2026-08-04 13:13:21,240 INFO: 127.0.0.1 - "GET /api/state HTTP/1.1" 200 -
2026-08-04 13:13:21,306 INFO: Processing audio with duration 00:02.000
2026-08-04 13:13:22,056 INFO: 127.0.0.1 - "GET /api/state HTTP/1.1" 200 -
2026-08-04 13:13:23,240 INFO: 127.0.0.1 - "GET /api/state HTTP/1.1" 200 -
2026-08-04 13:13:23,804 INFO: Processing audio with duration 00:01.750
2026-08-04 13:13:24,056 INFO: 127.0.0.1 - "GET /api/state HTTP/1.1" 200 -
2026-08-04 13:13:25,000 INFO: 127.0.0.1 - "GET /?v=3 HTTP/1.1" 404 -
2026-08-04 13:13:25,033 INFO: 127.0.0.1 - "GET /favicon.ico HTTP/1.1" 404 -
2026-08-04 13:13:25,840 INFO: 127.0.0.1 - "GET /api/state HTTP/1.1" 200 -
2026-08-04 13:13:26,057 INFO: 127.0.0.1 - "GET /api/state HTTP/1.1" 200 -
2026-08-04 13:13:26,239 INFO: Processing audio with duration 00:01.750
2026-08-04 13:13:27,840 INFO: 127.0.0.1 - "GET /api/state HTTP/1.1" 200 -
2026-08-04 13:13:28,056 INFO: 127.0.0.1 - "GET /api/state HTTP/1.1" 200 -
2026-08-04 13:13:28,722 INFO: Processing audio with duration 00:01.750
2026-08-04 13:13:29,842 INFO: 127.0.0.1 - "GET /api/state HTTP/1.1" 200 -
2026-08-04 13:13:30,055 INFO: 127.0.0.1 - "GET /api/state HTTP/1.1" 200 -
2026-08-04 13:13:31,121 INFO: Processing audio with duration 00:01.750
2026-08-04 13:13:31,838 INFO: 127.0.0.1 - "GET /api/state HTTP/1.1" 200 -
2026-08-04 13:13:32,055 INFO: 127.0.0.1 - "GET /api/state HTTP/1.1" 200 -
2026-08-04 13:13:33,654 INFO: Processing audio with duration 00:01.750
2026-08-04 13:13:33,838 INFO: 127.0.0.1 - "GET /api/state HTTP/1.1" 200 -
2026-08-04 13:13:34,055 INFO: 127.0.0.1 - "GET /api/state HTTP/1.1" 200 -
2026-08-04 13:13:35,839 INFO: 127.0.0.1 - "GET /api/state HTTP/1.1" 200 -
2026-08-04 13:13:36,055 INFO: 127.0.0.1 - "GET /api/state HTTP/1.1" 200 -
2026-08-04 13:13:36,151 INFO: Processing audio with duration 00:01.750
2026-08-04 13:13:37,842 INFO: 127.0.0.1 - "GET /api/state HTTP/1.1" 200 -
2026-08-04 13:13:38,054 INFO: 127.0.0.1 - "GET /api/state HTTP/1.1" 200 -
2026-08-04 13:13:38,517 INFO: 127.0.0.1 - "GET / HTTP/1.1" 200 -
2026-08-04 13:13:38,533 INFO: 127.0.0.1 - "GET /api/state HTTP/1.1" 200 -
2026-08-04 13:13:38,562 INFO: 127.0.0.1 - "GET /favicon.ico HTTP/1.1" 404 -
2026-08-04 13:13:38,644 INFO: Processing audio with duration 00:01.750
2026-08-04 13:13:39,839 INFO: 127.0.0.1 - "GET /api/state HTTP/1.1" 200 -
2026-08-04 13:13:40,055 INFO: 127.0.0.1 - "GET /api/state HTTP/1.1" 200 -
2026-08-04 13:13:40,538 INFO: 127.0.0.1 - "GET /api/state HTTP/1.1" 200 -
2026-08-04 13:13:41,211 INFO: Processing audio with duration 00:01.750
2026-08-04 13:13:41,847 INFO: 127.0.0.1 - "GET /api/state HTTP/1.1" 200 -
2026-08-04 13:13:42,054 INFO: 127.0.0.1 - "GET /api/state HTTP/1.1" 200 -
2026-08-04 13:13:42,540 INFO: 127.0.0.1 - "GET /api/state HTTP/1.1" 200 -
2026-08-04 13:13:43,753 INFO: Processing audio with duration 00:01.750
2026-08-04 13:13:43,837 INFO: 127.0.0.1 - "GET /api/state HTTP/1.1" 200 -
2026-08-04 13:13:44,053 INFO: 127.0.0.1 - "GET /api/state HTTP/1.1" 200 -
2026-08-04 13:13:44,536 INFO: 127.0.0.1 - "GET /api/state HTTP/1.1" 200 -
2026-08-04 13:13:45,837 INFO: 127.0.0.1 - "GET /api/state HTTP/1.1" 200 -
2026-08-04 13:13:46,054 INFO: 127.0.0.1 - "GET /api/state HTTP/1.1" 200 -
2026-08-04 13:13:46,252 INFO: Processing audio with duration 00:01.750
2026-08-04 13:13:46,536 INFO: 127.0.0.1 - "GET /api/state HTTP/1.1" 200 -
2026-08-04 13:13:47,836 INFO: 127.0.0.1 - "GET /api/state HTTP/1.1" 200 -
2026-08-04 13:13:48,046 INFO: 127.0.0.1 - "GET /api/state HTTP/1.1" 200 -
2026-08-04 13:13:48,536 INFO: 127.0.0.1 - "GET /api/state HTTP/1.1" 200 -
2026-08-04 13:13:49,037 INFO: Processing audio with duration 00:02.000
2026-08-04 13:13:49,835 INFO: 127.0.0.1 - "GET /api/state HTTP/1.1" 200 -
2026-08-04 13:13:50,053 INFO: 127.0.0.1 - "GET /api/state HTTP/1.1" 200 -
2026-08-04 13:13:50,537 INFO: 127.0.0.1 - "GET /api/state HTTP/1.1" 200 -
2026-08-04 13:13:51,520 INFO: Processing audio with duration 00:01.750
2026-08-04 13:13:51,837 INFO: 127.0.0.1 - "GET /api/state HTTP/1.1" 200 -
2026-08-04 13:13:51,877 INFO: 127.0.0.1 - "GET /api/state HTTP/1.1" 200 -
2026-08-04 13:13:52,044 INFO: 127.0.0.1 - "GET /api/state HTTP/1.1" 200 -
2026-08-04 13:13:52,539 INFO: 127.0.0.1 - "GET /api/state HTTP/1.1" 200 -
2026-08-04 13:13:53,845 INFO: 127.0.0.1 - "GET /api/state HTTP/1.1" 200 -
2026-08-04 13:13:54,043 INFO: 127.0.0.1 - "GET /api/state HTTP/1.1" 200 -
2026-08-04 13:13:54,249 INFO: Processing audio with duration 00:02.000
2026-08-04 13:13:54,538 INFO: 127.0.0.1 - "GET /api/state HTTP/1.1" 200 -
2026-08-04 13:13:55,835 INFO: 127.0.0.1 - "GET /api/state HTTP/1.1" 200 -
2026-08-04 13:13:56,052 INFO: 127.0.0.1 - "GET /api/state HTTP/1.1" 200 -
2026-08-04 13:13:56,539 INFO: 127.0.0.1 - "GET /api/state HTTP/1.1" 200 -
2026-08-04 13:13:56,979 INFO: Processing audio with duration 00:02.000
2026-08-04 13:13:57,835 INFO: 127.0.0.1 - "GET /api/state HTTP/1.1" 200 -
2026-08-04 13:13:58,052 INFO: 127.0.0.1 - "GET /api/state HTTP/1.1" 200 -
2026-08-04 13:13:58,534 INFO: 127.0.0.1 - "GET /api/state HTTP/1.1" 200 -
2026-08-04 13:13:59,704 INFO: Processing audio with duration 00:02.000
2026-08-04 13:13:59,835 INFO: 127.0.0.1 - "GET /api/state HTTP/1.1" 200 -
2026-08-04 13:14:00,051 INFO: 127.0.0.1 - "GET /api/state HTTP/1.1" 200 -
2026-08-04 13:14:00,534 INFO: 127.0.0.1 - "GET /api/state HTTP/1.1" 200 -
2026-08-04 13:14:01,834 INFO: 127.0.0.1 - "GET /api/state HTTP/1.1" 200 -
2026-08-04 13:14:01,834 INFO: 127.0.0.1 - "GET /api/state HTTP/1.1" 200 -
2026-08-04 13:14:01,834 INFO: 127.0.0.1 - "GET /api/state HTTP/1.1" 200 -
2026-08-04 13:14:02,051 INFO: 127.0.0.1 - "GET /api/state HTTP/1.1" 200 -
2026-08-04 13:14:02,200 INFO: Processing audio with duration 00:01.750
2026-08-04 13:14:02,535 INFO: 127.0.0.1 - "GET /api/state HTTP/1.1" 200 -
2026-08-04 13:14:03,834 INFO: 127.0.0.1 - "GET /api/state HTTP/1.1" 200 -
2026-08-04 13:14:04,051 INFO: 127.0.0.1 - "GET /api/state HTTP/1.1" 200 -
2026-08-04 13:14:04,534 INFO: 127.0.0.1 - "GET /api/state HTTP/1.1" 200 -
2026-08-04 13:14:04,973 INFO: Processing audio with duration 00:02.000
2026-08-04 13:14:05,834 INFO: 127.0.0.1 - "GET /api/state HTTP/1.1" 200 -
2026-08-04 13:14:06,051 INFO: 127.0.0.1 - "GET /api/state HTTP/1.1" 200 -
2026-08-04 13:14:06,534 INFO: 127.0.0.1 - "GET /api/state HTTP/1.1" 200 -
2026-08-04 13:14:07,650 INFO: Processing audio with duration 00:02.000
2026-08-04 13:14:07,834 INFO: 127.0.0.1 - "GET /api/state HTTP/1.1" 200 -
2026-08-04 13:14:08,051 INFO: 127.0.0.1 - "GET /api/state HTTP/1.1" 200 -
2026-08-04 13:14:08,535 INFO: 127.0.0.1 - "GET /api/state HTTP/1.1" 200 -
2026-08-04 13:14:09,843 INFO: 127.0.0.1 - "GET /api/state HTTP/1.1" 200 -
2026-08-04 13:14:10,049 INFO: 127.0.0.1 - "GET /api/state HTTP/1.1" 200 -
2026-08-04 13:14:10,401 INFO: Processing audio with duration 00:02.000
2026-08-04 13:14:10,531 INFO: 127.0.0.1 - "GET /api/state HTTP/1.1" 200 -
2026-08-04 13:14:11,842 INFO: 127.0.0.1 - "GET /api/state HTTP/1.1" 200 -
2026-08-04 13:14:12,049 INFO: 127.0.0.1 - "GET /api/state HTTP/1.1" 200 -
2026-08-04 13:14:12,535 INFO: 127.0.0.1 - "GET /api/state HTTP/1.1" 200 -
2026-08-04 13:14:12,814 INFO: Processing audio with duration 00:01.750
2026-08-04 13:14:13,846 INFO: 127.0.0.1 - "GET /api/state HTTP/1.1" 200 -
2026-08-04 13:14:14,043 INFO: 127.0.0.1 - "GET /api/state HTTP/1.1" 200 -
2026-08-04 13:14:14,534 INFO: 127.0.0.1 - "GET /api/state HTTP/1.1" 200 -
2026-08-04 13:14:15,268 INFO: Processing audio with duration 00:01.750
2026-08-04 13:14:15,844 INFO: 127.0.0.1 - "GET /api/state HTTP/1.1" 200 -
2026-08-04 13:14:16,050 INFO: 127.0.0.1 - "GET /api/state HTTP/1.1" 200 -
2026-08-04 13:14:16,530 INFO: 127.0.0.1 - "GET /api/state HTTP/1.1" 200 -
2026-08-04 13:14:17,832 INFO: 127.0.0.1 - "GET /api/state HTTP/1.1" 200 -
2026-08-04 13:14:17,947 INFO: Processing audio with duration 00:02.000
2026-08-04 13:14:18,057 INFO: 127.0.0.1 - "GET /api/state HTTP/1.1" 200 -
2026-08-04 13:14:18,531 INFO: 127.0.0.1 - "GET /api/state HTTP/1.1" 200 -
2026-08-04 13:14:19,844 INFO: 127.0.0.1 - "GET /api/state HTTP/1.1" 200 -
2026-08-04 13:14:20,050 INFO: 127.0.0.1 - "GET /api/state HTTP/1.1" 200 -
2026-08-04 13:14:20,393 INFO: Processing audio with duration 00:01.750
2026-08-04 13:14:20,535 INFO: 127.0.0.1 - "GET /api/state HTTP/1.1" 200 -
2026-08-04 13:14:21,849 INFO: 127.0.0.1 - "GET /api/state HTTP/1.1" 200 -
2026-08-04 13:14:22,044 INFO: 127.0.0.1 - "GET /api/state HTTP/1.1" 200 -
2026-08-04 13:14:22,532 INFO: 127.0.0.1 - "GET /api/state HTTP/1.1" 200 -
2026-08-04 13:14:23,848 INFO: 127.0.0.1 - "GET /api/state HTTP/1.1" 200 -
2026-08-04 13:14:24,011 INFO: Processing audio with duration 00:01.750
2026-08-04 13:14:24,048 INFO: 127.0.0.1 - "GET /api/state HTTP/1.1" 200 -
2026-08-04 13:14:24,532 INFO: 127.0.0.1 - "GET /api/state HTTP/1.1" 200 -
2026-08-04 13:14:26,048 INFO: 127.0.0.1 - "GET /api/state HTTP/1.1" 200 -
2026-08-04 13:14:26,532 INFO: 127.0.0.1 - "GET /api/state HTTP/1.1" 200 -
2026-08-04 13:14:26,631 INFO: Processing audio with duration 00:02.000
2026-08-04 13:14:28,049 INFO: 127.0.0.1 - "GET /api/state HTTP/1.1" 200 -
2026-08-04 13:14:28,542 INFO: 127.0.0.1 - "GET /api/state HTTP/1.1" 200 -
2026-08-04 13:14:29,094 INFO: Processing audio with duration 00:01.750
2026-08-04 13:14:30,049 INFO: 127.0.0.1 - "GET /api/state HTTP/1.1" 200 -
2026-08-04 13:14:30,539 INFO: 127.0.0.1 - "GET /api/state HTTP/1.1" 200 -
2026-08-04 13:14:31,588 INFO: Processing audio with duration 00:01.750
2026-08-04 13:14:32,049 INFO: 127.0.0.1 - "GET /api/state HTTP/1.1" 200 -
2026-08-04 13:14:32,534 INFO: 127.0.0.1 - "GET /api/state HTTP/1.1" 200 -
2026-08-04 13:14:34,049 INFO: 127.0.0.1 - "GET /api/state HTTP/1.1" 200 -
2026-08-04 13:14:34,329 INFO: Processing audio with duration 00:02.000
2026-08-04 13:14:34,530 INFO: 127.0.0.1 - "GET /api/state HTTP/1.1" 200 -
2026-08-04 13:14:36,047 INFO: 127.0.0.1 - "GET /api/state HTTP/1.1" 200 -
2026-08-04 13:14:36,530 INFO: 127.0.0.1 - "GET /api/state HTTP/1.1" 200 -
2026-08-04 13:14:36,863 INFO: Processing audio with duration 00:01.750
2026-08-04 13:14:38,047 INFO: 127.0.0.1 - "GET /api/state HTTP/1.1" 200 -
2026-08-04 13:14:38,529 INFO: 127.0.0.1 - "GET /api/state HTTP/1.1" 200 -
2026-08-04 13:14:39,496 INFO: Processing audio with duration 00:02.000
2026-08-04 13:14:40,046 INFO: 127.0.0.1 - "GET /api/state HTTP/1.1" 200 -
2026-08-04 13:14:40,529 INFO: 127.0.0.1 - "GET /api/state HTTP/1.1" 200 -
2026-08-04 13:14:42,046 INFO: 127.0.0.1 - "GET /api/state HTTP/1.1" 200 -
2026-08-04 13:14:42,179 INFO: Processing audio with duration 00:02.000
2026-08-04 13:14:42,547 INFO: 127.0.0.1 - "GET /api/state HTTP/1.1" 200 -
2026-08-04 13:14:44,046 INFO: 127.0.0.1 - "GET /api/state HTTP/1.1" 200 -
2026-08-04 13:14:44,528 INFO: 127.0.0.1 - "GET /api/state HTTP/1.1" 200 -
2026-08-04 13:14:44,678 INFO: Processing audio with duration 00:01.750
2026-08-04 13:14:46,056 INFO: 127.0.0.1 - "GET /api/state HTTP/1.1" 200 -
2026-08-04 13:14:46,545 INFO: 127.0.0.1 - "GET /api/state HTTP/1.1" 200 -
2026-08-04 13:14:47,128 INFO: Processing audio with duration 00:01.750
2026-08-04 13:14:48,044 INFO: 127.0.0.1 - "GET /api/state HTTP/1.1" 200 -
2026-08-04 13:14:48,544 INFO: 127.0.0.1 - "GET /api/state HTTP/1.1" 200 -
2026-08-04 13:14:49,859 INFO: Processing audio with duration 00:02.000
2026-08-04 13:14:50,050 INFO: 127.0.0.1 - "GET /api/state HTTP/1.1" 200 -
2026-08-04 13:14:50,536 INFO: 127.0.0.1 - "GET /api/state HTTP/1.1" 200 -
2026-08-04 13:14:52,056 INFO: 127.0.0.1 - "GET /api/state HTTP/1.1" 200 -
2026-08-04 13:14:52,295 INFO: Processing audio with duration 00:01.750
2026-08-04 13:14:52,532 INFO: 127.0.0.1 - "GET /api/state HTTP/1.1" 200 -
2026-08-04 13:14:54,049 INFO: 127.0.0.1 - "GET /api/state HTTP/1.1" 200 -
2026-08-04 13:14:54,535 INFO: 127.0.0.1 - "GET /api/state HTTP/1.1" 200 -
2026-08-04 13:14:54,693 INFO: Processing audio with duration 00:01.750
2026-08-04 13:14:56,052 INFO: 127.0.0.1 - "GET /api/state HTTP/1.1" 200 -
2026-08-04 13:14:56,547 INFO: 127.0.0.1 - "GET /api/state HTTP/1.1" 200 -
2026-08-04 13:14:57,129 INFO: Processing audio with duration 00:01.750
2026-08-04 13:14:58,056 INFO: 127.0.0.1 - "GET /api/state HTTP/1.1" 200 -
2026-08-04 13:14:58,540 INFO: 127.0.0.1 - "GET /api/state HTTP/1.1" 200 -
2026-08-04 13:14:59,486 INFO: Processing audio with duration 00:01.750
2026-08-04 13:15:00,043 INFO: 127.0.0.1 - "GET /api/state HTTP/1.1" 200 -
2026-08-04 13:15:00,534 INFO: 127.0.0.1 - "GET /api/state HTTP/1.1" 200 -
2026-08-04 13:15:01,844 INFO: 127.0.0.1 - "GET /api/state HTTP/1.1" 200 -
2026-08-04 13:15:01,844 INFO: 127.0.0.1 - "GET /api/state HTTP/1.1" 200 -
2026-08-04 13:15:01,844 INFO: 127.0.0.1 - "GET /api/state HTTP/1.1" 200 -
2026-08-04 13:15:02,045 INFO: 127.0.0.1 - "GET /api/state HTTP/1.1" 200 -
2026-08-04 13:15:02,135 INFO: Processing audio with duration 00:02.000
2026-08-04 13:15:02,543 INFO: 127.0.0.1 - "GET /api/state HTTP/1.1" 200 -
2026-08-04 13:15:04,043 INFO: 127.0.0.1 - "GET /api/state HTTP/1.1" 200 -
2026-08-04 13:15:04,559 INFO: Processing audio with duration 00:01.750
2026-08-04 13:15:04,560 INFO: 127.0.0.1 - "GET /api/state HTTP/1.1" 200 -
2026-08-04 13:15:06,060 INFO: 127.0.0.1 - "GET /api/state HTTP/1.1" 200 -
2026-08-04 13:15:06,543 INFO: 127.0.0.1 - "GET /api/state HTTP/1.1" 200 -
2026-08-04 13:15:06,935 INFO: Processing audio with duration 00:01.750
2026-08-04 13:15:08,044 INFO: 127.0.0.1 - "GET /api/state HTTP/1.1" 200 -
2026-08-04 13:15:08,542 INFO: 127.0.0.1 - "GET /api/state HTTP/1.1" 200 -
2026-08-04 13:15:09,376 INFO: Processing audio with duration 00:01.750
2026-08-04 13:15:10,042 INFO: 127.0.0.1 - "GET /api/state HTTP/1.1" 200 -
2026-08-04 13:15:10,542 INFO: 127.0.0.1 - "GET /api/state HTTP/1.1" 200 -
2026-08-04 13:15:11,775 INFO: Processing audio with duration 00:01.750
2026-08-04 13:15:12,059 INFO: 127.0.0.1 - "GET /api/state HTTP/1.1" 200 -
2026-08-04 13:15:12,541 INFO: 127.0.0.1 - "GET /api/state HTTP/1.1" 200 -
2026-08-04 13:15:14,042 INFO: 127.0.0.1 - "GET /api/state HTTP/1.1" 200 -
2026-08-04 13:15:14,209 INFO: Processing audio with duration 00:01.750
2026-08-04 13:15:14,542 INFO: 127.0.0.1 - "GET /api/state HTTP/1.1" 200 -
2026-08-04 13:15:16,058 INFO: 127.0.0.1 - "GET /api/state HTTP/1.1" 200 -
2026-08-04 13:15:16,541 INFO: 127.0.0.1 - "GET /api/state HTTP/1.1" 200 -
2026-08-04 13:15:16,957 INFO: Processing audio with duration 00:02.000
2026-08-04 13:15:18,541 INFO: 127.0.0.1 - "GET /api/state HTTP/1.1" 200 -
2026-08-04 13:15:18,841 INFO: 127.0.0.1 - "GET /api/state HTTP/1.1" 200 -
2026-08-04 13:15:19,519 INFO: Processing audio with duration 00:01.750
2026-08-04 13:15:20,541 INFO: 127.0.0.1 - "GET /api/state HTTP/1.1" 200 -
2026-08-04 13:15:20,840 INFO: 127.0.0.1 - "GET /api/state HTTP/1.1" 200 -
2026-08-04 13:15:22,041 INFO: Processing audio with duration 00:01.750
2026-08-04 13:15:22,541 INFO: 127.0.0.1 - "GET /api/state HTTP/1.1" 200 -
2026-08-04 13:15:22,840 INFO: 127.0.0.1 - "GET /api/state HTTP/1.1" 200 -
2026-08-04 13:15:24,516 INFO: Processing audio with duration 00:01.750
2026-08-04 13:15:24,540 INFO: 127.0.0.1 - "GET /api/state HTTP/1.1" 200 -
2026-08-04 13:15:24,840 INFO: 127.0.0.1 - "GET /api/state HTTP/1.1" 200 -
2026-08-04 13:15:26,540 INFO: 127.0.0.1 - "GET /api/state HTTP/1.1" 200 -
2026-08-04 13:15:26,840 INFO: 127.0.0.1 - "GET /api/state HTTP/1.1" 200 -
2026-08-04 13:15:27,190 INFO: Processing audio with duration 00:02.000
2026-08-04 13:15:28,539 INFO: 127.0.0.1 - "GET /api/state HTTP/1.1" 200 -
2026-08-04 13:15:28,840 INFO: 127.0.0.1 - "GET /api/state HTTP/1.1" 200 -
2026-08-04 13:15:29,857 INFO: Processing audio with duration 00:02.000
2026-08-04 13:15:30,522 INFO: 127.0.0.1 - "GET /api/state HTTP/1.1" 200 -
2026-08-04 13:15:30,839 INFO: 127.0.0.1 - "GET /api/state HTTP/1.1" 200 -
2026-08-04 13:15:32,523 INFO: Processing audio with duration 00:02.000
2026-08-04 13:15:32,540 INFO: 127.0.0.1 - "GET /api/state HTTP/1.1" 200 -
2026-08-04 13:15:32,839 INFO: 127.0.0.1 - "GET /api/state HTTP/1.1" 200 -
2026-08-04 13:15:34,532 INFO: 127.0.0.1 - "GET /api/state HTTP/1.1" 200 -
2026-08-04 13:15:34,840 INFO: 127.0.0.1 - "GET /api/state HTTP/1.1" 200 -
2026-08-04 13:15:35,200 INFO: Processing audio with duration 00:02.000
2026-08-04 13:15:36,539 INFO: 127.0.0.1 - "GET /api/state HTTP/1.1" 200 -
2026-08-04 13:15:36,839 INFO: 127.0.0.1 - "GET /api/state HTTP/1.1" 200 -
2026-08-04 13:15:38,155 INFO: Processing audio with duration 00:02.000
2026-08-04 13:15:38,539 INFO: 127.0.0.1 - "GET /api/state HTTP/1.1" 200 -
2026-08-04 13:15:38,839 INFO: 127.0.0.1 - "GET /api/state HTTP/1.1" 200 -
2026-08-04 13:15:40,538 INFO: 127.0.0.1 - "GET /api/state HTTP/1.1" 200 -
2026-08-04 13:15:40,878 INFO: 127.0.0.1 - "GET /api/state HTTP/1.1" 200 -
2026-08-04 13:15:40,878 INFO: Processing audio with duration 00:02.000
2026-08-04 13:15:42,538 INFO: 127.0.0.1 - "GET /api/state HTTP/1.1" 200 -
2026-08-04 13:15:42,839 INFO: 127.0.0.1 - "GET /api/state HTTP/1.1" 200 -
2026-08-04 13:15:43,271 INFO: Processing audio with duration 00:01.750
2026-08-04 13:15:44,539 INFO: 127.0.0.1 - "GET /api/state HTTP/1.1" 200 -
2026-08-04 13:15:44,840 INFO: 127.0.0.1 - "GET /api/state HTTP/1.1" 200 -
2026-08-04 13:15:45,671 INFO: Processing audio with duration 00:01.750
2026-08-04 13:15:46,538 INFO: 127.0.0.1 - "GET /api/state HTTP/1.1" 200 -
2026-08-04 13:15:46,838 INFO: 127.0.0.1 - "GET /api/state HTTP/1.1" 200 -
2026-08-04 13:15:48,391 INFO: Processing audio with duration 00:02.000
2026-08-04 13:15:48,539 INFO: 127.0.0.1 - "GET /api/state HTTP/1.1" 200 -
2026-08-04 13:15:48,837 INFO: 127.0.0.1 - "GET /api/state HTTP/1.1" 200 -
2026-08-04 13:15:50,538 INFO: 127.0.0.1 - "GET /api/state HTTP/1.1" 200 -
2026-08-04 13:15:50,870 INFO: Processing audio with duration 00:01.750
2026-08-04 13:15:50,870 INFO: 127.0.0.1 - "GET /api/state HTTP/1.1" 200 -
2026-08-04 13:15:52,533 INFO: 127.0.0.1 - "GET /api/state HTTP/1.1" 200 -
2026-08-04 13:15:52,836 INFO: 127.0.0.1 - "GET /api/state HTTP/1.1" 200 -
2026-08-04 13:15:53,302 INFO: Processing audio with duration 00:01.750
2026-08-04 13:15:54,536 INFO: 127.0.0.1 - "GET /api/state HTTP/1.1" 200 -
2026-08-04 13:15:54,836 INFO: 127.0.0.1 - "GET /api/state HTTP/1.1" 200 -
2026-08-04 13:15:55,990 INFO: Processing audio with duration 00:02.000
2026-08-04 13:15:56,536 INFO: 127.0.0.1 - "GET /api/state HTTP/1.1" 200 -
2026-08-04 13:15:56,837 INFO: 127.0.0.1 - "GET /api/state HTTP/1.1" 200 -
2026-08-04 13:15:58,536 INFO: 127.0.0.1 - "GET /api/state HTTP/1.1" 200 -
2026-08-04 13:15:58,739 INFO: Processing audio with duration 00:02.000
2026-08-04 13:15:58,809 INFO: Imported existing <module 'comtypes.gen' from 'C:\\Users\\kumar\\roha-ai\\.venv\\Lib\\site-packages\\comtypes\\gen\\__init__.py'>
2026-08-04 13:15:58,809 INFO: Using writeable comtypes cache directory: 'C:\Users\kumar\roha-ai\.venv\Lib\site-packages\comtypes\gen'
2026-08-04 13:15:58,834 INFO: 127.0.0.1 - "GET /api/state HTTP/1.1" 200 -
2026-08-04 13:15:58,989 INFO: TTS engine ready on worker thread
2026-08-04 13:15:58,990 INFO: TTS worker loop starting
2026-08-04 13:15:59,103 INFO: TTS initialized
2026-08-04 13:15:59,123 INFO: Starting Roha web app at http://127.0.0.1:8000
2026-08-04 13:15:59,362 INFO: 127.0.0.1 - "GET / HTTP/1.1" 200 -
2026-08-04 13:15:59,416 INFO: 127.0.0.1 - "GET /api/state HTTP/1.1" 200 -
2026-08-04 13:16:00,543 INFO: 127.0.0.1 - "GET /api/state HTTP/1.1" 200 -
2026-08-04 13:16:00,833 INFO: 127.0.0.1 - "GET /api/state HTTP/1.1" 200 -
2026-08-04 13:16:01,419 INFO: 127.0.0.1 - "GET /api/state HTTP/1.1" 200 -
2026-08-04 13:16:01,762 INFO: Processing audio with duration 00:02.000
2026-08-04 13:16:01,842 INFO: 127.0.0.1 - "GET /api/state HTTP/1.1" 200 -
2026-08-04 13:16:01,842 INFO: 127.0.0.1 - "GET /api/state HTTP/1.1" 200 -
2026-08-04 13:16:01,842 INFO: 127.0.0.1 - "GET /api/state HTTP/1.1" 200 -
2026-08-04 13:16:02,529 INFO: 127.0.0.1 - "GET /api/state HTTP/1.1" 200 -
2026-08-04 13:16:02,836 INFO: 127.0.0.1 - "GET /api/state HTTP/1.1" 200 -
2026-08-04 13:16:03,422 INFO: 127.0.0.1 - "GET /api/state HTTP/1.1" 200 -
2026-08-04 13:16:04,535 INFO: 127.0.0.1 - "GET /api/state HTTP/1.1" 200 -
2026-08-04 13:16:04,839 INFO: 127.0.0.1 - "GET /api/state HTTP/1.1" 200 -
2026-08-04 13:16:05,419 INFO: 127.0.0.1 - "GET /api/state HTTP/1.1" 200 -
2026-08-04 13:16:06,535 INFO: 127.0.0.1 - "GET /api/state HTTP/1.1" 200 -
2026-08-04 13:16:06,739 INFO: Processing audio with duration 00:02.000
2026-08-04 13:16:06,825 INFO: 127.0.0.1 - "GET / HTTP/1.1" 200 -
2026-08-04 13:16:06,835 INFO: 127.0.0.1 - "GET /api/state HTTP/1.1" 200 -
2026-08-04 13:16:06,845 INFO: 127.0.0.1 - "GET /api/state HTTP/1.1" 200 -
2026-08-04 13:16:07,419 INFO: 127.0.0.1 - "GET /api/state HTTP/1.1" 200 -
2026-08-04 13:16:08,835 INFO: 127.0.0.1 - "GET /api/state HTTP/1.1" 200 -
2026-08-04 13:16:08,835 INFO: 127.0.0.1 - "GET /api/state HTTP/1.1" 200 -
2026-08-04 13:16:09,384 INFO: Processing audio with duration 00:01.750
2026-08-04 13:16:09,418 INFO: 127.0.0.1 - "GET /api/state HTTP/1.1" 200 -
2026-08-04 13:16:10,836 INFO: 127.0.0.1 - "GET /api/state HTTP/1.1" 200 -
2026-08-04 13:16:10,853 INFO: 127.0.0.1 - "GET /api/state HTTP/1.1" 200 -
2026-08-04 13:16:11,419 INFO: 127.0.0.1 - "GET /api/state HTTP/1.1" 200 -
2026-08-04 13:16:11,884 INFO: Processing audio with duration 00:01.750
2026-08-04 13:16:12,841 INFO: 127.0.0.1 - "GET /api/state HTTP/1.1" 200 -
2026-08-04 13:16:12,913 INFO: 127.0.0.1 - "GET /?v=4 HTTP/1.1" 404 -
2026-08-04 13:16:12,943 INFO: 127.0.0.1 - "GET /favicon.ico HTTP/1.1" 404 -
2026-08-04 13:16:13,417 INFO: 127.0.0.1 - "GET /api/state HTTP/1.1" 200 -
2026-08-04 13:16:13,835 INFO: 127.0.0.1 - "GET /api/state HTTP/1.1" 200 -
2026-08-04 13:16:14,717 INFO: Processing audio with duration 00:02.000
2026-08-04 13:16:14,834 INFO: 127.0.0.1 - "GET /api/state HTTP/1.1" 200 -
2026-08-04 13:16:15,417 INFO: 127.0.0.1 - "GET /api/state HTTP/1.1" 200 -
2026-08-04 13:16:15,834 INFO: 127.0.0.1 - "GET /api/state HTTP/1.1" 200 -
2026-08-04 13:16:17,182 INFO: Processing audio with duration 00:01.750
2026-08-04 13:16:17,417 INFO: 127.0.0.1 - "GET /api/state HTTP/1.1" 200 -
2026-08-04 13:16:17,833 INFO: 127.0.0.1 - "GET /api/state HTTP/1.1" 200 -
2026-08-04 13:16:17,903 INFO: 127.0.0.1 - "GET /?v=4 HTTP/1.1" 404 -
2026-08-04 13:16:19,418 INFO: 127.0.0.1 - "GET /api/state HTTP/1.1" 200 -
2026-08-04 13:16:19,699 INFO: Processing audio with duration 00:01.750
2026-08-04 13:16:19,833 INFO: 127.0.0.1 - "GET /api/state HTTP/1.1" 200 -
2026-08-04 13:16:21,419 INFO: 127.0.0.1 - "GET /api/state HTTP/1.1" 200 -
2026-08-04 13:16:21,834 INFO: 127.0.0.1 - "GET /api/state HTTP/1.1" 200 -
2026-08-04 13:16:22,200 INFO: Processing audio with duration 00:01.750
2026-08-04 13:16:23,416 INFO: 127.0.0.1 - "GET /api/state HTTP/1.1" 200 -
2026-08-04 13:16:23,840 INFO: 127.0.0.1 - "GET /api/state HTTP/1.1" 200 -
2026-08-04 13:16:24,716 INFO: Processing audio with duration 00:01.750
2026-08-04 13:16:25,047 INFO: 127.0.0.1 - "GET / HTTP/1.1" 200 -
2026-08-04 13:16:25,065 INFO: 127.0.0.1 - "GET /api/state HTTP/1.1" 200 -
2026-08-04 13:16:25,085 INFO: 127.0.0.1 - "GET /favicon.ico HTTP/1.1" 404 -
2026-08-04 13:16:25,418 INFO: 127.0.0.1 - "GET /api/state HTTP/1.1" 200 -
2026-08-04 13:16:25,835 INFO: 127.0.0.1 - "GET /api/state HTTP/1.1" 200 -
2026-08-04 13:16:27,068 INFO: 127.0.0.1 - "GET /api/state HTTP/1.1" 200 -
2026-08-04 13:16:27,299 INFO: Processing audio with duration 00:01.750
2026-08-04 13:16:27,418 INFO: 127.0.0.1 - "GET /api/state HTTP/1.1" 200 -
2026-08-04 13:16:27,834 INFO: 127.0.0.1 - "GET /api/state HTTP/1.1" 200 -
2026-08-04 13:16:29,068 INFO: 127.0.0.1 - "GET /api/state HTTP/1.1" 200 -
2026-08-04 13:16:29,419 INFO: 127.0.0.1 - "GET /api/state HTTP/1.1" 200 -
2026-08-04 13:16:29,800 INFO: Processing audio with duration 00:01.750
2026-08-04 13:16:29,834 INFO: 127.0.0.1 - "GET /api/state HTTP/1.1" 200 -
2026-08-04 13:16:31,065 INFO: 127.0.0.1 - "GET /api/state HTTP/1.1" 200 -
2026-08-04 13:16:31,417 INFO: 127.0.0.1 - "GET /api/state HTTP/1.1" 200 -
2026-08-04 13:16:31,848 INFO: 127.0.0.1 - "GET /api/state HTTP/1.1" 200 -
2026-08-04 13:16:32,323 INFO: 127.0.0.1 - "GET /api/state HTTP/1.1" 200 -
2026-08-04 13:16:32,560 INFO: Processing audio with duration 00:02.000
2026-08-04 13:16:33,065 INFO: 127.0.0.1 - "GET /api/state HTTP/1.1" 200 -
2026-08-04 13:16:33,415 INFO: 127.0.0.1 - "GET /api/state HTTP/1.1" 200 -
2026-08-04 13:16:33,833 INFO: 127.0.0.1 - "GET /api/state HTTP/1.1" 200 -
2026-08-04 13:16:35,032 INFO: Processing audio with duration 00:01.750
2026-08-04 13:16:35,414 INFO: 127.0.0.1 - "GET /api/state HTTP/1.1" 200 -
2026-08-04 13:16:35,838 INFO: 127.0.0.1 - "GET /api/state HTTP/1.1" 200 -
2026-08-04 13:16:35,838 INFO: 127.0.0.1 - "GET /api/state HTTP/1.1" 200 -
2026-08-04 13:16:37,065 INFO: 127.0.0.1 - "GET /api/state HTTP/1.1" 200 -
2026-08-04 13:16:37,414 INFO: 127.0.0.1 - "GET /api/state HTTP/1.1" 200 -
2026-08-04 13:16:37,531 INFO: Processing audio with duration 00:01.750
2026-08-04 13:16:37,849 INFO: 127.0.0.1 - "GET /api/state HTTP/1.1" 200 -
2026-08-04 13:16:39,064 INFO: 127.0.0.1 - "GET /api/state HTTP/1.1" 200 -
2026-08-04 13:16:39,415 INFO: 127.0.0.1 - "GET /api/state HTTP/1.1" 200 -
2026-08-04 13:16:39,835 INFO: 127.0.0.1 - "GET /api/state HTTP/1.1" 200 -
2026-08-04 13:16:39,980 INFO: Processing audio with duration 00:01.750
2026-08-04 13:16:41,065 INFO: 127.0.0.1 - "GET /api/state HTTP/1.1" 200 -
2026-08-04 13:16:41,414 INFO: 127.0.0.1 - "GET /api/state HTTP/1.1" 200 -
2026-08-04 13:16:41,847 INFO: 127.0.0.1 - "GET /api/state HTTP/1.1" 200 -
2026-08-04 13:16:42,669 INFO: Processing audio with duration 00:01.750
2026-08-04 13:16:42,670 INFO: 127.0.0.1 - "GET / HTTP/1.1" 200 -
2026-08-04 13:16:43,064 INFO: 127.0.0.1 - "GET /api/state HTTP/1.1" 200 -
2026-08-04 13:16:43,416 INFO: 127.0.0.1 - "GET /api/state HTTP/1.1" 200 -
2026-08-04 13:16:43,832 INFO: 127.0.0.1 - "GET /api/state HTTP/1.1" 200 -
2026-08-04 13:16:45,062 INFO: 127.0.0.1 - "GET /api/state HTTP/1.1" 200 -
2026-08-04 13:16:45,307 INFO: Processing audio with duration 00:01.750
2026-08-04 13:16:45,413 INFO: 127.0.0.1 - "GET /api/state HTTP/1.1" 200 -
2026-08-04 13:16:45,847 INFO: 127.0.0.1 - "GET /api/state HTTP/1.1" 200 -
2026-08-04 13:16:47,063 INFO: 127.0.0.1 - "GET /api/state HTTP/1.1" 200 -
2026-08-04 13:16:47,430 INFO: 127.0.0.1 - "GET /api/state HTTP/1.1" 200 -
2026-08-04 13:16:47,813 INFO: Processing audio with duration 00:01.750
2026-08-04 13:16:47,849 INFO: 127.0.0.1 - "GET /api/state HTTP/1.1" 200 -
2026-08-04 13:16:49,063 INFO: 127.0.0.1 - "GET /api/state HTTP/1.1" 200 -
2026-08-04 13:16:49,430 INFO: 127.0.0.1 - "GET /api/state HTTP/1.1" 200 -
2026-08-04 13:16:49,846 INFO: 127.0.0.1 - "GET /api/state HTTP/1.1" 200 -
2026-08-04 13:16:50,450 INFO: Processing audio with duration 00:02.000
2026-08-04 13:16:51,063 INFO: 127.0.0.1 - "GET /api/state HTTP/1.1" 200 -
2026-08-04 13:16:51,429 INFO: 127.0.0.1 - "GET /api/state HTTP/1.1" 200 -
2026-08-04 13:16:51,846 INFO: 127.0.0.1 - "GET /api/state HTTP/1.1" 200 -
2026-08-04 13:16:52,846 INFO: Processing audio with duration 00:01.750
2026-08-04 13:16:53,063 INFO: 127.0.0.1 - "GET /api/state HTTP/1.1" 200 -
2026-08-04 13:16:53,429 INFO: 127.0.0.1 - "GET /api/state HTTP/1.1" 200 -
2026-08-04 13:16:53,846 INFO: 127.0.0.1 - "GET /api/state HTTP/1.1" 200 -
2026-08-04 13:16:55,062 INFO: 127.0.0.1 - "GET /api/state HTTP/1.1" 200 -
2026-08-04 13:16:55,429 INFO: 127.0.0.1 - "GET /api/state HTTP/1.1" 200 -
2026-08-04 13:16:55,845 INFO: 127.0.0.1 - "GET /api/state HTTP/1.1" 200 -
2026-08-04 13:16:56,545 INFO: Processing audio with duration 00:02.000
2026-08-04 13:16:57,062 INFO: 127.0.0.1 - "GET /api/state HTTP/1.1" 200 -
2026-08-04 13:16:57,428 INFO: 127.0.0.1 - "GET /api/state HTTP/1.1" 200 -
2026-08-04 13:16:57,845 INFO: 127.0.0.1 - "GET /api/state HTTP/1.1" 200 -
2026-08-04 13:16:59,062 INFO: 127.0.0.1 - "GET /api/state HTTP/1.1" 200 -
2026-08-04 13:16:59,200 INFO: 127.0.0.1 - "GET / HTTP/1.1" 200 -
2026-08-04 13:16:59,266 INFO: Processing audio with duration 00:02.000
2026-08-04 13:16:59,429 INFO: 127.0.0.1 - "GET /api/state HTTP/1.1" 200 -
2026-08-04 13:16:59,834 INFO: 127.0.0.1 - "GET /api/state HTTP/1.1" 200 -
2026-08-04 13:17:01,062 INFO: 127.0.0.1 - "GET /api/state HTTP/1.1" 200 -
2026-08-04 13:17:01,428 INFO: 127.0.0.1 - "GET /api/state HTTP/1.1" 200 -
2026-08-04 13:17:01,878 INFO: Processing audio with duration 00:01.750
2026-08-04 13:17:01,878 INFO: 127.0.0.1 - "GET /api/state HTTP/1.1" 200 -
2026-08-04 13:17:01,878 INFO: 127.0.0.1 - "GET /api/state HTTP/1.1" 200 -
2026-08-04 13:17:01,882 INFO: 127.0.0.1 - "GET /api/state HTTP/1.1" 200 -
2026-08-04 13:17:01,883 INFO: 127.0.0.1 - "GET /api/state HTTP/1.1" 200 -
2026-08-04 13:17:01,884 INFO: 127.0.0.1 - "GET /api/state HTTP/1.1" 200 -
2026-08-04 13:17:03,061 INFO: 127.0.0.1 - "GET /api/state HTTP/1.1" 200 -
2026-08-04 13:17:03,428 INFO: 127.0.0.1 - "GET /api/state HTTP/1.1" 200 -
2026-08-04 13:17:03,845 INFO: 127.0.0.1 - "GET /api/state HTTP/1.1" 200 -
2026-08-04 13:17:04,602 INFO: Processing audio with duration 00:02.000
2026-08-04 13:17:05,060 INFO: 127.0.0.1 - "GET /api/state HTTP/1.1" 200 -
2026-08-04 13:17:05,417 INFO: 127.0.0.1 - "GET /api/state HTTP/1.1" 200 -
2026-08-04 13:17:05,839 INFO: 127.0.0.1 - "GET /api/state HTTP/1.1" 200 -
2026-08-04 13:17:07,061 INFO: 127.0.0.1 - "GET /api/state HTTP/1.1" 200 -
2026-08-04 13:17:07,284 INFO: Processing audio with duration 00:02.000
2026-08-04 13:17:07,427 INFO: 127.0.0.1 - "GET /api/state HTTP/1.1" 200 -
2026-08-04 13:17:07,844 INFO: 127.0.0.1 - "GET /api/state HTTP/1.1" 200 -
2026-08-04 13:17:09,060 INFO: 127.0.0.1 - "GET /api/state HTTP/1.1" 200 -
2026-08-04 13:17:09,427 INFO: 127.0.0.1 - "GET /api/state HTTP/1.1" 200 -
2026-08-04 13:17:09,743 INFO: Processing audio with duration 00:01.750
2026-08-04 13:17:09,844 INFO: 127.0.0.1 - "GET /api/state HTTP/1.1" 200 -
2026-08-04 13:17:11,063 INFO: 127.0.0.1 - "GET /api/state HTTP/1.1" 200 -
2026-08-04 13:17:11,427 INFO: 127.0.0.1 - "GET /api/state HTTP/1.1" 200 -
2026-08-04 13:17:11,845 INFO: 127.0.0.1 - "GET /api/state HTTP/1.1" 200 -
2026-08-04 13:17:12,412 INFO: Processing audio with duration 00:02.000
2026-08-04 13:17:13,060 INFO: 127.0.0.1 - "GET /api/state HTTP/1.1" 200 -
2026-08-04 13:17:13,427 INFO: 127.0.0.1 - "GET /api/state HTTP/1.1" 200 -
2026-08-04 13:17:14,876 INFO: Processing audio with duration 00:01.750
2026-08-04 13:17:15,060 INFO: 127.0.0.1 - "GET /api/state HTTP/1.1" 200 -
2026-08-04 13:17:15,426 INFO: 127.0.0.1 - "GET /api/state HTTP/1.1" 200 -
2026-08-04 13:17:17,059 INFO: 127.0.0.1 - "GET /api/state HTTP/1.1" 200 -
2026-08-04 13:17:17,409 INFO: Processing audio with duration 00:01.750
2026-08-04 13:17:17,428 INFO: 127.0.0.1 - "GET /api/state HTTP/1.1" 200 -
2026-08-04 13:17:19,061 INFO: 127.0.0.1 - "GET /api/state HTTP/1.1" 200 -
2026-08-04 13:17:19,426 INFO: 127.0.0.1 - "GET /api/state HTTP/1.1" 200 -
2026-08-04 13:17:20,122 INFO: Processing audio with duration 00:02.000
2026-08-04 13:17:21,059 INFO: 127.0.0.1 - "GET /api/state HTTP/1.1" 200 -
2026-08-04 13:17:21,426 INFO: 127.0.0.1 - "GET /api/state HTTP/1.1" 200 -
2026-08-04 13:17:22,637 INFO: Processing audio with duration 00:01.750
2026-08-04 13:17:23,059 INFO: 127.0.0.1 - "GET /api/state HTTP/1.1" 200 -
2026-08-04 13:17:23,427 INFO: 127.0.0.1 - "GET /api/state HTTP/1.1" 200 -
2026-08-04 13:17:25,058 INFO: 127.0.0.1 - "GET /api/state HTTP/1.1" 200 -
2026-08-04 13:17:25,392 INFO: Processing audio with duration 00:02.000
2026-08-04 13:17:25,428 INFO: 127.0.0.1 - "GET /api/state HTTP/1.1" 200 -
2026-08-04 13:17:27,075 INFO: 127.0.0.1 - "GET /api/state HTTP/1.1" 200 -
2026-08-04 13:17:27,426 INFO: 127.0.0.1 - "GET /api/state HTTP/1.1" 200 -
2026-08-04 13:17:28,175 INFO: Processing audio with duration 00:02.000
2026-08-04 13:17:29,075 INFO: 127.0.0.1 - "GET /api/state HTTP/1.1" 200 -
2026-08-04 13:17:29,425 INFO: 127.0.0.1 - "GET /api/state HTTP/1.1" 200 -
2026-08-04 13:17:30,724 INFO: Processing audio with duration 00:01.750
2026-08-04 13:17:31,074 INFO: 127.0.0.1 - "GET /api/state HTTP/1.1" 200 -
2026-08-04 13:17:31,427 INFO: 127.0.0.1 - "GET /api/state HTTP/1.1" 200 -
2026-08-04 13:17:33,064 INFO: 127.0.0.1 - "GET /api/state HTTP/1.1" 200 -
2026-08-04 13:17:33,275 INFO: Processing audio with duration 00:01.750
2026-08-04 13:17:33,424 INFO: 127.0.0.1 - "GET /api/state HTTP/1.1" 200 -
2026-08-04 13:17:35,075 INFO: 127.0.0.1 - "GET /api/state HTTP/1.1" 200 -
2026-08-04 13:17:35,424 INFO: 127.0.0.1 - "GET /api/state HTTP/1.1" 200 -
2026-08-04 13:17:35,727 INFO: Processing audio with duration 00:01.750
2026-08-04 13:17:37,073 INFO: 127.0.0.1 - "GET /api/state HTTP/1.1" 200 -
2026-08-04 13:17:37,424 INFO: 127.0.0.1 - "GET /api/state HTTP/1.1" 200 -
2026-08-04 13:17:38,257 INFO: Processing audio with duration 00:01.750
2026-08-04 13:17:39,073 INFO: 127.0.0.1 - "GET /api/state HTTP/1.1" 200 -
2026-08-04 13:17:39,423 INFO: 127.0.0.1 - "GET /api/state HTTP/1.1" 200 -
2026-08-04 13:17:41,073 INFO: Processing audio with duration 00:02.000
2026-08-04 13:17:41,073 INFO: 127.0.0.1 - "GET /api/state HTTP/1.1" 200 -
2026-08-04 13:17:41,423 INFO: 127.0.0.1 - "GET /api/state HTTP/1.1" 200 -
2026-08-04 13:17:43,062 INFO: 127.0.0.1 - "GET /api/state HTTP/1.1" 200 -
2026-08-04 13:17:43,423 INFO: 127.0.0.1 - "GET /api/state HTTP/1.1" 200 -
2026-08-04 13:17:43,607 INFO: Processing audio with duration 00:01.750
2026-08-04 13:17:45,073 INFO: 127.0.0.1 - "GET /api/state HTTP/1.1" 200 -
2026-08-04 13:17:45,422 INFO: 127.0.0.1 - "GET /api/state HTTP/1.1" 200 -
2026-08-04 13:17:46,306 INFO: Processing audio with duration 00:02.000
2026-08-04 13:17:47,422 INFO: 127.0.0.1 - "GET /api/state HTTP/1.1" 200 -
2026-08-04 13:17:47,839 INFO: 127.0.0.1 - "GET /api/state HTTP/1.1" 200 -
2026-08-04 13:17:49,055 INFO: Processing audio with duration 00:02.000
2026-08-04 13:17:49,072 INFO: 127.0.0.1 - "GET /api/state HTTP/1.1" 200 -
2026-08-04 13:17:49,423 INFO: 127.0.0.1 - "GET /api/state HTTP/1.1" 200 -
2026-08-04 13:17:51,421 INFO: 127.0.0.1 - "GET /api/state HTTP/1.1" 200 -
2026-08-04 13:17:51,555 INFO: Processing audio with duration 00:01.750
2026-08-04 13:17:51,838 INFO: 127.0.0.1 - "GET /api/state HTTP/1.1" 200 -
2026-08-04 13:17:53,421 INFO: 127.0.0.1 - "GET /api/state HTTP/1.1" 200 -
2026-08-04 13:17:53,838 INFO: 127.0.0.1 - "GET /api/state HTTP/1.1" 200 -
2026-08-04 13:17:54,037 INFO: Processing audio with duration 00:01.750
2026-08-04 13:17:55,420 INFO: 127.0.0.1 - "GET /api/state HTTP/1.1" 200 -
2026-08-04 13:17:55,837 INFO: 127.0.0.1 - "GET /api/state HTTP/1.1" 200 -
2026-08-04 13:17:56,554 INFO: Processing audio with duration 00:01.750
2026-08-04 13:17:57,420 INFO: 127.0.0.1 - "GET /api/state HTTP/1.1" 200 -
2026-08-04 13:17:57,837 INFO: 127.0.0.1 - "GET /api/state HTTP/1.1" 200 -
2026-08-04 13:17:59,304 INFO: Processing audio with duration 00:02.000
2026-08-04 13:17:59,419 INFO: 127.0.0.1 - "GET /api/state HTTP/1.1" 200 -
2026-08-04 13:17:59,833 INFO: 127.0.0.1 - "GET /api/state HTTP/1.1" 200 -
2026-08-04 13:18:01,421 INFO: 127.0.0.1 - "GET /api/state HTTP/1.1" 200 -
2026-08-04 13:18:01,837 INFO: 127.0.0.1 - "GET /api/state HTTP/1.1" 200 -
2026-08-04 13:18:01,837 INFO: 127.0.0.1 - "GET /api/state HTTP/1.1" 200 -
2026-08-04 13:18:01,837 INFO: 127.0.0.1 - "GET /api/state HTTP/1.1" 200 -
2026-08-04 13:18:01,837 INFO: 127.0.0.1 - "GET /api/state HTTP/1.1" 200 -
2026-08-04 13:18:01,837 INFO: 127.0.0.1 - "GET /api/state HTTP/1.1" 200 -
2026-08-04 13:18:01,837 INFO: 127.0.0.1 - "GET /api/state HTTP/1.1" 200 -
2026-08-04 13:18:01,988 INFO: Processing audio with duration 00:02.000
2026-08-04 13:18:03,419 INFO: 127.0.0.1 - "GET /api/state HTTP/1.1" 200 -
2026-08-04 13:18:03,837 INFO: 127.0.0.1 - "GET /api/state HTTP/1.1" 200 -
2026-08-04 13:18:04,535 INFO: Processing audio with duration 00:01.750
2026-08-04 13:18:05,421 INFO: 127.0.0.1 - "GET /api/state HTTP/1.1" 200 -
2026-08-04 13:18:05,836 INFO: 127.0.0.1 - "GET /api/state HTTP/1.1" 200 -
2026-08-04 13:18:07,252 INFO: Processing audio with duration 00:02.000
2026-08-04 13:18:07,419 INFO: 127.0.0.1 - "GET /api/state HTTP/1.1" 200 -
2026-08-04 13:18:07,672 INFO: 127.0.0.1 - "GET /api/state HTTP/1.1" 200 -
2026-08-04 13:18:09,068 INFO: 127.0.0.1 - "GET /api/state HTTP/1.1" 200 -
2026-08-04 13:18:09,420 INFO: 127.0.0.1 - "GET /api/state HTTP/1.1" 200 -
2026-08-04 13:18:09,687 INFO: Processing audio with duration 00:01.750
2026-08-04 13:18:11,069 INFO: 127.0.0.1 - "GET /api/state HTTP/1.1" 200 -
2026-08-04 13:18:11,420 INFO: 127.0.0.1 - "GET /api/state HTTP/1.1" 200 -
2026-08-04 13:18:12,202 INFO: Processing audio with duration 00:01.750
2026-08-04 13:18:13,065 INFO: 127.0.0.1 - "GET /api/state HTTP/1.1" 200 -
2026-08-04 13:18:13,417 INFO: 127.0.0.1 - "GET /api/state HTTP/1.1" 200 -
2026-08-04 13:18:14,952 INFO: Processing audio with duration 00:02.000
2026-08-04 13:18:15,366 INFO: 127.0.0.1 - "GET /api/state HTTP/1.1" 200 -
2026-08-04 13:18:15,421 INFO: 127.0.0.1 - "GET /api/state HTTP/1.1" 200 -
2026-08-04 13:18:17,067 INFO: 127.0.0.1 - "GET /api/state HTTP/1.1" 200 -
2026-08-04 13:18:17,419 INFO: 127.0.0.1 - "GET /api/state HTTP/1.1" 200 -
2026-08-04 13:18:17,567 INFO: Processing audio with duration 00:01.750
2026-08-04 13:18:19,067 INFO: 127.0.0.1 - "GET /api/state HTTP/1.1" 200 -
2026-08-04 13:18:19,421 INFO: 127.0.0.1 - "GET /api/state HTTP/1.1" 200 -
2026-08-04 13:18:19,986 INFO: Processing audio with duration 00:01.750
2026-08-04 13:18:21,068 INFO: 127.0.0.1 - "GET /api/state HTTP/1.1" 200 -
2026-08-04 13:18:21,419 INFO: 127.0.0.1 - "GET /api/state HTTP/1.1" 200 -
2026-08-04 13:18:22,686 INFO: Processing audio with duration 00:02.000
2026-08-04 13:18:23,070 INFO: 127.0.0.1 - "GET /api/state HTTP/1.1" 200 -
2026-08-04 13:18:23,418 INFO: 127.0.0.1 - "GET /api/state HTTP/1.1" 200 -
2026-08-04 13:18:25,068 INFO: 127.0.0.1 - "GET /api/state HTTP/1.1" 200 -
2026-08-04 13:18:25,417 INFO: 127.0.0.1 - "GET /api/state HTTP/1.1" 200 -
2026-08-04 13:18:25,717 INFO: Processing audio with duration 00:02.000
2026-08-04 13:18:27,067 INFO: 127.0.0.1 - "GET /api/state HTTP/1.1" 200 -
2026-08-04 13:18:27,417 INFO: 127.0.0.1 - "GET /api/state HTTP/1.1" 200 -
2026-08-04 13:18:28,209 INFO: Processing audio with duration 00:01.750
2026-08-04 13:18:29,067 INFO: 127.0.0.1 - "GET /api/state HTTP/1.1" 200 -
2026-08-04 13:18:29,417 INFO: 127.0.0.1 - "GET /api/state HTTP/1.1" 200 -
2026-08-04 13:18:31,066 INFO: 127.0.0.1 - "GET /api/state HTTP/1.1" 200 -
2026-08-04 13:18:31,200 INFO: Processing audio with duration 00:02.000
2026-08-04 13:18:31,417 INFO: 127.0.0.1 - "GET /api/state HTTP/1.1" 200 -
2026-08-04 13:18:33,067 INFO: 127.0.0.1 - "GET /api/state HTTP/1.1" 200 -
2026-08-04 13:18:33,417 INFO: 127.0.0.1 - "GET /api/state HTTP/1.1" 200 -
2026-08-04 13:18:33,783 INFO: Processing audio with duration 00:01.750
2026-08-04 13:18:35,066 INFO: 127.0.0.1 - "GET /api/state HTTP/1.1" 200 -
2026-08-04 13:18:35,416 INFO: 127.0.0.1 - "GET /api/state HTTP/1.1" 200 -
2026-08-04 13:18:36,312 INFO: Processing audio with duration 00:01.750
2026-08-04 13:18:37,066 INFO: 127.0.0.1 - "GET /api/state HTTP/1.1" 200 -
2026-08-04 13:18:37,416 INFO: 127.0.0.1 - "GET /api/state HTTP/1.1" 200 -
2026-08-04 13:18:38,732 INFO: Processing audio with duration 00:01.750
2026-08-04 13:18:39,066 INFO: 127.0.0.1 - "GET /api/state HTTP/1.1" 200 -
2026-08-04 13:18:39,419 INFO: 127.0.0.1 - "GET /api/state HTTP/1.1" 200 -
2026-08-04 13:18:41,066 INFO: 127.0.0.1 - "GET /api/state HTTP/1.1" 200 -
2026-08-04 13:18:41,415 INFO: 127.0.0.1 - "GET /api/state HTTP/1.1" 200 -
2026-08-04 13:18:41,661 INFO: Processing audio with duration 00:02.000
2026-08-04 13:18:43,066 INFO: 127.0.0.1 - "GET /api/state HTTP/1.1" 200 -
2026-08-04 13:18:43,415 INFO: 127.0.0.1 - "GET /api/state HTTP/1.1" 200 -
2026-08-04 13:18:44,310 INFO: Processing audio with duration 00:02.000
2026-08-04 13:18:45,073 INFO: 127.0.0.1 - "GET /api/state HTTP/1.1" 200 -
2026-08-04 13:18:45,417 INFO: 127.0.0.1 - "GET /api/state HTTP/1.1" 200 -
2026-08-04 13:18:47,065 INFO: 127.0.0.1 - "GET /api/state HTTP/1.1" 200 -
2026-08-04 13:18:47,198 INFO: Processing audio with duration 00:02.000
2026-08-04 13:18:47,417 INFO: 127.0.0.1 - "GET /api/state HTTP/1.1" 200 -
2026-08-04 13:18:49,064 INFO: 127.0.0.1 - "GET /api/state HTTP/1.1" 200 -
2026-08-04 13:18:49,414 INFO: 127.0.0.1 - "GET /api/state HTTP/1.1" 200 -
2026-08-04 13:18:49,664 INFO: Processing audio with duration 00:01.750
2026-08-04 13:18:51,065 INFO: 127.0.0.1 - "GET /api/state HTTP/1.1" 200 -
2026-08-04 13:18:51,415 INFO: 127.0.0.1 - "GET /api/state HTTP/1.1" 200 -
2026-08-04 13:18:52,447 INFO: Processing audio with duration 00:02.000
2026-08-04 13:18:53,066 INFO: 127.0.0.1 - "GET /api/state HTTP/1.1" 200 -
2026-08-04 13:18:53,414 INFO: 127.0.0.1 - "GET /api/state HTTP/1.1" 200 -
2026-08-04 13:18:54,963 INFO: Processing audio with duration 00:01.750
2026-08-04 13:18:55,064 INFO: 127.0.0.1 - "GET /api/state HTTP/1.1" 200 -
2026-08-04 13:18:55,414 INFO: 127.0.0.1 - "GET /api/state HTTP/1.1" 200 -
2026-08-04 13:18:55,897 INFO: 127.0.0.1 - "GET / HTTP/1.1" 200 -
2026-08-04 13:18:55,918 INFO: 127.0.0.1 - "GET /api/state HTTP/1.1" 200 -
2026-08-04 13:18:57,419 INFO: 127.0.0.1 - "GET /api/state HTTP/1.1" 200 -
2026-08-04 13:18:57,530 INFO: Processing audio with duration 00:01.750
2026-08-04 13:18:57,914 INFO: 127.0.0.1 - "GET /api/state HTTP/1.1" 200 -
2026-08-04 13:18:59,432 INFO: 127.0.0.1 - "GET /api/state HTTP/1.1" 200 -
2026-08-04 13:18:59,930 INFO: 127.0.0.1 - "GET /api/state HTTP/1.1" 200 -
2026-08-04 13:19:00,045 INFO: Processing audio with duration 00:01.750
2026-08-04 13:19:01,430 INFO: 127.0.0.1 - "GET /api/state HTTP/1.1" 200 -
2026-08-04 13:19:03,913 INFO: Processing audio with duration 00:02.000
2026-08-04 13:19:07,486 INFO: Processing audio with duration 00:01.750
2026-08-04 13:19:09,479 INFO: HTTP Request: POST http://127.0.0.1:11434/api/chat "HTTP/1.1 200 OK"
2026-08-04 13:19:09,480 INFO: Model call latency: 8.03s (attempt 1)
2026-08-04 13:19:09,497 INFO: 127.0.0.1 - "POST /api/chat HTTP/1.1" 200 -
2026-08-04 13:19:09,498 INFO: 127.0.0.1 - "GET /api/state HTTP/1.1" 200 -
2026-08-04 13:19:09,498 INFO: 127.0.0.1 - "GET /api/state HTTP/1.1" 200 -
2026-08-04 13:19:09,504 INFO: 127.0.0.1 - "GET /api/state HTTP/1.1" 200 -
2026-08-04 13:19:09,505 INFO: 127.0.0.1 - "GET /api/state HTTP/1.1" 200 -
2026-08-04 13:19:09,509 INFO: 127.0.0.1 - "GET /api/state HTTP/1.1" 200 -
2026-08-04 13:19:09,509 INFO: 127.0.0.1 - "GET /api/state HTTP/1.1" 200 -
2026-08-04 13:19:09,516 INFO: 127.0.0.1 - "GET /api/state HTTP/1.1" 200 -
2026-08-04 13:19:09,518 INFO: 127.0.0.1 - "GET /api/state HTTP/1.1" 200 -
2026-08-04 13:19:09,521 INFO: 127.0.0.1 - "GET /api/state HTTP/1.1" 200 -
2026-08-04 13:19:09,523 INFO: 127.0.0.1 - "GET /api/state HTTP/1.1" 200 -
2026-08-04 13:19:09,524 INFO: 127.0.0.1 - "GET /api/state HTTP/1.1" 200 -
2026-08-04 13:19:09,526 INFO: 127.0.0.1 - "GET /api/state HTTP/1.1" 200 -
2026-08-04 13:19:09,528 INFO: 127.0.0.1 - "GET /api/state HTTP/1.1" 200 -
2026-08-04 13:19:09,534 INFO: 127.0.0.1 - "GET /api/state HTTP/1.1" 200 -
2026-08-04 13:19:09,929 INFO: 127.0.0.1 - "GET /api/state HTTP/1.1" 200 -
2026-08-04 13:19:11,429 INFO: 127.0.0.1 - "GET /api/state HTTP/1.1" 200 -
2026-08-04 13:19:11,599 INFO: Processing audio with duration 00:02.000
2026-08-04 13:19:11,928 INFO: 127.0.0.1 - "GET /api/state HTTP/1.1" 200 -
2026-08-04 13:19:13,428 INFO: 127.0.0.1 - "GET /api/state HTTP/1.1" 200 -
2026-08-04 13:19:13,928 INFO: 127.0.0.1 - "GET /api/state HTTP/1.1" 200 -
2026-08-04 13:19:14,095 INFO: Processing audio with duration 00:01.750
2026-08-04 13:19:15,427 INFO: 127.0.0.1 - "GET /api/state HTTP/1.1" 200 -
2026-08-04 13:19:15,928 INFO: 127.0.0.1 - "GET /api/state HTTP/1.1" 200 -
2026-08-04 13:19:16,861 INFO: Processing audio with duration 00:02.000
2026-08-04 13:19:17,429 INFO: 127.0.0.1 - "GET /api/state HTTP/1.1" 200 -
2026-08-04 13:19:17,927 INFO: 127.0.0.1 - "GET /api/state HTTP/1.1" 200 -
2026-08-04 13:19:19,428 INFO: 127.0.0.1 - "GET /api/state HTTP/1.1" 200 -
2026-08-04 13:19:19,651 INFO: Processing audio with duration 00:02.000
2026-08-04 13:19:19,927 INFO: 127.0.0.1 - "GET /api/state HTTP/1.1" 200 -
2026-08-04 13:19:21,428 INFO: 127.0.0.1 - "GET /api/state HTTP/1.1" 200 -
2026-08-04 13:19:21,927 INFO: 127.0.0.1 - "GET /api/state HTTP/1.1" 200 -
2026-08-04 13:19:22,442 INFO: Processing audio with duration 00:02.000
2026-08-04 13:19:23,427 INFO: 127.0.0.1 - "GET /api/state HTTP/1.1" 200 -
2026-08-04 13:19:23,927 INFO: 127.0.0.1 - "GET /api/state HTTP/1.1" 200 -
2026-08-04 13:19:25,293 INFO: Processing audio with duration 00:02.000
2026-08-04 13:19:25,427 INFO: 127.0.0.1 - "GET /api/state HTTP/1.1" 200 -
2026-08-04 13:19:25,927 INFO: 127.0.0.1 - "GET /api/state HTTP/1.1" 200 -
2026-08-04 13:19:27,427 INFO: 127.0.0.1 - "GET /api/state HTTP/1.1" 200 -
2026-08-04 13:19:27,926 INFO: 127.0.0.1 - "GET /api/state HTTP/1.1" 200 -
2026-08-04 13:19:28,151 INFO: Processing audio with duration 00:02.000
2026-08-04 13:19:29,417 INFO: 127.0.0.1 - "GET /api/state HTTP/1.1" 200 -
2026-08-04 13:19:29,928 INFO: 127.0.0.1 - "GET /api/state HTTP/1.1" 200 -
2026-08-04 13:19:30,946 INFO: Processing audio with duration 00:02.000
2026-08-04 13:19:31,426 INFO: 127.0.0.1 - "GET /api/state HTTP/1.1" 200 -
2026-08-04 13:19:31,909 INFO: 127.0.0.1 - "GET /api/state HTTP/1.1" 200 -
2026-08-04 13:19:33,429 INFO: 127.0.0.1 - "GET /api/state HTTP/1.1" 200 -
2026-08-04 13:19:33,627 INFO: Processing audio with duration 00:01.750
2026-08-04 13:19:33,918 INFO: 127.0.0.1 - "GET /api/state HTTP/1.1" 200 -
2026-08-04 13:19:35,420 INFO: 127.0.0.1 - "GET /api/state HTTP/1.1" 200 -
2026-08-04 13:19:35,916 INFO: 127.0.0.1 - "GET /api/state HTTP/1.1" 200 -
2026-08-04 13:19:36,264 INFO: Processing audio with duration 00:01.750
2026-08-04 13:19:37,423 INFO: 127.0.0.1 - "GET /api/state HTTP/1.1" 200 -
2026-08-04 13:19:37,927 INFO: 127.0.0.1 - "GET /api/state HTTP/1.1" 200 -
2026-08-04 13:19:38,789 INFO: Processing audio with duration 00:01.750
2026-08-04 13:19:39,429 INFO: 127.0.0.1 - "GET /api/state HTTP/1.1" 200 -
2026-08-04 13:19:39,923 INFO: 127.0.0.1 - "GET /api/state HTTP/1.1" 200 -
2026-08-04 13:19:41,427 INFO: 127.0.0.1 - "GET /api/state HTTP/1.1" 200 -
2026-08-04 13:19:41,544 INFO: Processing audio with duration 00:02.000
2026-08-04 13:19:41,921 INFO: 127.0.0.1 - "GET /api/state HTTP/1.1" 200 -
2026-08-04 13:19:43,422 INFO: 127.0.0.1 - "GET /api/state HTTP/1.1" 200 -
2026-08-04 13:19:43,925 INFO: 127.0.0.1 - "GET /api/state HTTP/1.1" 200 -
2026-08-04 13:19:44,328 INFO: Processing audio with duration 00:02.000
2026-08-04 13:19:45,421 INFO: 127.0.0.1 - "GET /api/state HTTP/1.1" 200 -
2026-08-04 13:19:45,926 INFO: 127.0.0.1 - "GET /api/state HTTP/1.1" 200 -
2026-08-04 13:19:46,856 INFO: Processing audio with duration 00:01.750
2026-08-04 13:19:47,424 INFO: 127.0.0.1 - "GET /api/state HTTP/1.1" 200 -
2026-08-04 13:19:47,942 INFO: 127.0.0.1 - "GET /api/state HTTP/1.1" 200 -
2026-08-04 13:19:49,367 INFO: Processing audio with duration 00:01.750
2026-08-04 13:19:49,421 INFO: 127.0.0.1 - "GET /api/state HTTP/1.1" 200 -
2026-08-04 13:19:49,924 INFO: 127.0.0.1 - "GET /api/state HTTP/1.1" 200 -
2026-08-04 13:19:51,426 INFO: 127.0.0.1 - "GET /api/state HTTP/1.1" 200 -
2026-08-04 13:19:51,926 INFO: 127.0.0.1 - "GET /api/state HTTP/1.1" 200 -
2026-08-04 13:19:52,206 INFO: Processing audio with duration 00:02.000
2026-08-04 13:19:53,426 INFO: 127.0.0.1 - "GET /api/state HTTP/1.1" 200 -
2026-08-04 13:19:53,926 INFO: 127.0.0.1 - "GET /api/state HTTP/1.1" 200 -
2026-08-04 13:19:54,644 INFO: Processing audio with duration 00:01.750
2026-08-04 13:19:55,426 INFO: 127.0.0.1 - "GET /api/state HTTP/1.1" 200 -
2026-08-04 13:19:55,926 INFO: 127.0.0.1 - "GET /api/state HTTP/1.1" 200 -
2026-08-04 13:19:57,195 INFO: Processing audio with duration 00:01.750
2026-08-04 13:19:57,422 INFO: 127.0.0.1 - "GET /api/state HTTP/1.1" 200 -
2026-08-04 13:19:57,920 INFO: 127.0.0.1 - "GET /api/state HTTP/1.1" 200 -
2026-08-04 13:19:59,417 INFO: 127.0.0.1 - "GET /api/state HTTP/1.1" 200 -
2026-08-04 13:19:59,922 INFO: 127.0.0.1 - "GET /api/state HTTP/1.1" 200 -
2026-08-04 13:19:59,976 INFO: Processing audio with duration 00:02.000
2026-08-04 13:20:01,423 INFO: 127.0.0.1 - "GET /api/state HTTP/1.1" 200 -
2026-08-04 13:20:01,840 INFO: 127.0.0.1 - "GET /api/state HTTP/1.1" 200 -
2026-08-04 13:20:01,840 INFO: 127.0.0.1 - "GET /api/state HTTP/1.1" 200 -
2026-08-04 13:20:01,840 INFO: 127.0.0.1 - "GET /api/state HTTP/1.1" 200 -
2026-08-04 13:20:01,840 INFO: 127.0.0.1 - "GET /api/state HTTP/1.1" 200 -
2026-08-04 13:20:01,840 INFO: 127.0.0.1 - "GET /api/state HTTP/1.1" 200 -
2026-08-04 13:20:01,921 INFO: 127.0.0.1 - "GET /api/state HTTP/1.1" 200 -
2026-08-04 13:20:02,521 INFO: Processing audio with duration 00:01.750
2026-08-04 13:20:03,422 INFO: 127.0.0.1 - "GET /api/state HTTP/1.1" 200 -
2026-08-04 13:20:03,921 INFO: 127.0.0.1 - "GET /api/state HTTP/1.1" 200 -
2026-08-04 13:20:05,054 INFO: Processing audio with duration 00:01.750
2026-08-04 13:20:05,425 INFO: 127.0.0.1 - "GET /api/state HTTP/1.1" 200 -
2026-08-04 13:20:05,906 INFO: 127.0.0.1 - "GET /api/state HTTP/1.1" 200 -
2026-08-04 13:20:07,420 INFO: 127.0.0.1 - "GET /api/state HTTP/1.1" 200 -
2026-08-04 13:20:07,893 INFO: Processing audio with duration 00:02.000
2026-08-04 13:20:07,923 INFO: 127.0.0.1 - "GET /api/state HTTP/1.1" 200 -
2026-08-04 13:20:09,420 INFO: 127.0.0.1 - "GET /api/state HTTP/1.1" 200 -
2026-08-04 13:20:09,917 INFO: 127.0.0.1 - "GET /api/state HTTP/1.1" 200 -
2026-08-04 13:20:10,710 INFO: Processing audio with duration 00:02.000
2026-08-04 13:20:11,422 INFO: 127.0.0.1 - "GET /api/state HTTP/1.1" 200 -
2026-08-04 13:20:11,920 INFO: 127.0.0.1 - "GET /api/state HTTP/1.1" 200 -
2026-08-04 13:20:13,370 INFO: Processing audio with duration 00:01.750
2026-08-04 13:20:13,417 INFO: 127.0.0.1 - "GET /api/state HTTP/1.1" 200 -
2026-08-04 13:20:13,915 INFO: 127.0.0.1 - "GET /api/state HTTP/1.1" 200 -
2026-08-04 13:20:15,424 INFO: 127.0.0.1 - "GET /api/state HTTP/1.1" 200 -
2026-08-04 13:20:15,917 INFO: 127.0.0.1 - "GET /api/state HTTP/1.1" 200 -
2026-08-04 13:20:16,186 INFO: Processing audio with duration 00:02.000
2026-08-04 13:20:17,420 INFO: 127.0.0.1 - "GET /api/state HTTP/1.1" 200 -
2026-08-04 13:20:17,920 INFO: 127.0.0.1 - "GET /api/state HTTP/1.1" 200 -
2026-08-04 13:20:18,703 INFO: Processing audio with duration 00:01.750
2026-08-04 13:20:19,421 INFO: 127.0.0.1 - "GET /api/state HTTP/1.1" 200 -
2026-08-04 13:20:19,922 INFO: 127.0.0.1 - "GET /api/state HTTP/1.1" 200 -
2026-08-04 13:20:21,422 INFO: 127.0.0.1 - "GET /api/state HTTP/1.1" 200 -
2026-08-04 13:20:21,505 INFO: Processing audio with duration 00:02.000
2026-08-04 13:20:21,919 INFO: 127.0.0.1 - "GET /api/state HTTP/1.1" 200 -
2026-08-04 13:20:23,419 INFO: 127.0.0.1 - "GET /api/state HTTP/1.1" 200 -
2026-08-04 13:20:23,920 INFO: 127.0.0.1 - "GET /api/state HTTP/1.1" 200 -
2026-08-04 13:20:24,252 INFO: Processing audio with duration 00:02.000
2026-08-04 13:20:25,419 INFO: 127.0.0.1 - "GET /api/state HTTP/1.1" 200 -
2026-08-04 13:20:25,919 INFO: 127.0.0.1 - "GET /api/state HTTP/1.1" 200 -
2026-08-04 13:20:26,718 INFO: Processing audio with duration 00:01.750
2026-08-04 13:20:27,420 INFO: 127.0.0.1 - "GET /api/state HTTP/1.1" 200 -
2026-08-04 13:20:27,919 INFO: 127.0.0.1 - "GET /api/state HTTP/1.1" 200 -
2026-08-04 13:20:29,188 INFO: Processing audio with duration 00:01.750
2026-08-04 13:20:29,418 INFO: 127.0.0.1 - "GET /api/state HTTP/1.1" 200 -
2026-08-04 13:20:29,922 INFO: 127.0.0.1 - "GET /api/state HTTP/1.1" 200 -
2026-08-04 13:20:31,418 INFO: 127.0.0.1 - "GET /api/state HTTP/1.1" 200 -
2026-08-04 13:20:31,989 INFO: Processing audio with duration 00:01.750
2026-08-04 13:20:31,990 INFO: 127.0.0.1 - "GET /api/state HTTP/1.1" 200 -
2026-08-04 13:20:33,419 INFO: 127.0.0.1 - "GET /api/state HTTP/1.1" 200 -
2026-08-04 13:20:33,921 INFO: 127.0.0.1 - "GET /api/state HTTP/1.1" 200 -
2026-08-04 13:20:35,409 INFO: Processing audio with duration 00:01.750
2026-08-04 13:20:35,420 INFO: 127.0.0.1 - "GET /api/state HTTP/1.1" 200 -
2026-08-04 13:20:35,926 INFO: 127.0.0.1 - "GET /api/state HTTP/1.1" 200 -
2026-08-04 13:20:37,418 INFO: 127.0.0.1 - "GET /api/state HTTP/1.1" 200 -
2026-08-04 13:20:37,918 INFO: 127.0.0.1 - "GET /api/state HTTP/1.1" 200 -
2026-08-04 13:20:38,589 INFO: Processing audio with duration 00:02.000
2026-08-04 13:20:39,417 INFO: 127.0.0.1 - "GET /api/state HTTP/1.1" 200 -
2026-08-04 13:20:39,920 INFO: 127.0.0.1 - "GET /api/state HTTP/1.1" 200 -
2026-08-04 13:20:41,085 INFO: Processing audio with duration 00:01.750
2026-08-04 13:20:41,419 INFO: 127.0.0.1 - "GET /api/state HTTP/1.1" 200 -
2026-08-04 13:20:41,920 INFO: 127.0.0.1 - "GET /api/state HTTP/1.1" 200 -
2026-08-04 13:20:43,416 INFO: 127.0.0.1 - "GET /api/state HTTP/1.1" 200 -
2026-08-04 13:20:43,917 INFO: 127.0.0.1 - "GET /api/state HTTP/1.1" 200 -
2026-08-04 13:20:43,986 INFO: Processing audio with duration 00:01.750
2026-08-04 13:20:45,416 INFO: 127.0.0.1 - "GET /api/state HTTP/1.1" 200 -
2026-08-04 13:20:45,918 INFO: 127.0.0.1 - "GET /api/state HTTP/1.1" 200 -
2026-08-04 13:20:46,677 INFO: Processing audio with duration 00:01.750
2026-08-04 13:20:47,416 INFO: 127.0.0.1 - "GET /api/state HTTP/1.1" 200 -
2026-08-04 13:20:47,916 INFO: 127.0.0.1 - "GET /api/state HTTP/1.1" 200 -
2026-08-04 13:20:49,417 INFO: 127.0.0.1 - "GET /api/state HTTP/1.1" 200 -
2026-08-04 13:20:49,464 INFO: Processing audio with duration 00:02.000
2026-08-04 13:20:49,916 INFO: 127.0.0.1 - "GET /api/state HTTP/1.1" 200 -
2026-08-04 13:20:51,416 INFO: 127.0.0.1 - "GET /api/state HTTP/1.1" 200 -
2026-08-04 13:20:51,917 INFO: 127.0.0.1 - "GET /api/state HTTP/1.1" 200 -
2026-08-04 13:20:51,999 INFO: Processing audio with duration 00:01.750
2026-08-04 13:20:53,416 INFO: 127.0.0.1 - "GET /api/state HTTP/1.1" 200 -
2026-08-04 13:20:53,918 INFO: 127.0.0.1 - "GET /api/state HTTP/1.1" 200 -
2026-08-04 13:20:54,481 INFO: Processing audio with duration 00:01.750
2026-08-04 13:20:55,416 INFO: 127.0.0.1 - "GET /api/state HTTP/1.1" 200 -
2026-08-04 13:20:55,917 INFO: 127.0.0.1 - "GET /api/state HTTP/1.1" 200 -
2026-08-04 13:20:57,260 INFO: Processing audio with duration 00:02.000
2026-08-04 13:20:57,417 INFO: 127.0.0.1 - "GET /api/state HTTP/1.1" 200 -
2026-08-04 13:20:57,921 INFO: 127.0.0.1 - "GET /api/state HTTP/1.1" 200 -
2026-08-04 13:20:59,418 INFO: 127.0.0.1 - "GET /api/state HTTP/1.1" 200 -
2026-08-04 13:20:59,931 INFO: 127.0.0.1 - "GET /api/state HTTP/1.1" 200 -
2026-08-04 13:21:00,029 INFO: Processing audio with duration 00:02.000
2026-08-04 13:21:01,416 INFO: 127.0.0.1 - "GET /api/state HTTP/1.1" 200 -
2026-08-04 13:21:01,837 INFO: 127.0.0.1 - "GET /api/state HTTP/1.1" 200 -
2026-08-04 13:21:01,838 INFO: 127.0.0.1 - "GET /api/state HTTP/1.1" 200 -
2026-08-04 13:21:01,839 INFO: 127.0.0.1 - "GET /api/state HTTP/1.1" 200 -
2026-08-04 13:21:01,840 INFO: 127.0.0.1 - "GET /api/state HTTP/1.1" 200 -
2026-08-04 13:21:01,841 INFO: 127.0.0.1 - "GET /api/state HTTP/1.1" 200 -
2026-08-04 13:21:01,931 INFO: 127.0.0.1 - "GET /api/state HTTP/1.1" 200 -
2026-08-04 13:21:03,419 INFO: 127.0.0.1 - "GET /api/state HTTP/1.1" 200 -
2026-08-04 13:21:03,810 INFO: Processing audio with duration 00:01.750
2026-08-04 13:21:03,916 INFO: 127.0.0.1 - "GET /api/state HTTP/1.1" 200 -
2026-08-04 13:21:05,419 INFO: 127.0.0.1 - "GET /api/state HTTP/1.1" 200 -
2026-08-04 13:21:05,933 INFO: 127.0.0.1 - "GET /api/state HTTP/1.1" 200 -
2026-08-04 13:21:06,566 INFO: Processing audio with duration 00:02.000
2026-08-04 13:21:07,417 INFO: 127.0.0.1 - "GET /api/state HTTP/1.1" 200 -
2026-08-04 13:21:07,930 INFO: 127.0.0.1 - "GET /api/state HTTP/1.1" 200 -
2026-08-04 13:21:09,127 INFO: Processing audio with duration 00:01.750
2026-08-04 13:21:09,430 INFO: 127.0.0.1 - "GET /api/state HTTP/1.1" 200 -
2026-08-04 13:21:09,930 INFO: 127.0.0.1 - "GET /api/state HTTP/1.1" 200 -
2026-08-04 13:21:11,432 INFO: 127.0.0.1 - "GET /api/state HTTP/1.1" 200 -
2026-08-04 13:21:11,930 INFO: 127.0.0.1 - "GET /api/state HTTP/1.1" 200 -
2026-08-04 13:21:12,047 INFO: Processing audio with duration 00:02.000
2026-08-04 13:21:13,429 INFO: 127.0.0.1 - "GET /api/state HTTP/1.1" 200 -
2026-08-04 13:21:14,306 INFO: 127.0.0.1 - "GET /api/state HTTP/1.1" 200 -
2026-08-04 13:21:15,430 INFO: 127.0.0.1 - "GET /api/state HTTP/1.1" 200 -
2026-08-04 13:21:15,924 INFO: 127.0.0.1 - "GET /api/state HTTP/1.1" 200 -
2026-08-04 13:21:16,267 INFO: Processing audio with duration 00:01.750
2026-08-04 13:21:17,426 INFO: 127.0.0.1 - "GET /api/state HTTP/1.1" 200 -
2026-08-04 13:21:17,930 INFO: 127.0.0.1 - "GET /api/state HTTP/1.1" 200 -
2026-08-04 13:21:18,766 INFO: Processing audio with duration 00:01.750
2026-08-04 13:21:19,424 INFO: 127.0.0.1 - "GET /api/state HTTP/1.1" 200 -
2026-08-04 13:21:19,919 INFO: 127.0.0.1 - "GET /api/state HTTP/1.1" 200 -
2026-08-04 13:21:21,311 INFO: Processing audio with duration 00:01.750
2026-08-04 13:21:21,431 INFO: 127.0.0.1 - "GET /api/state HTTP/1.1" 200 -
2026-08-04 13:21:21,930 INFO: 127.0.0.1 - "GET /api/state HTTP/1.1" 200 -
2026-08-04 13:21:23,428 INFO: 127.0.0.1 - "GET /api/state HTTP/1.1" 200 -
2026-08-04 13:21:23,932 INFO: 127.0.0.1 - "GET /api/state HTTP/1.1" 200 -
2026-08-04 13:21:24,126 INFO: Processing audio with duration 00:02.000
2026-08-04 13:21:25,428 INFO: 127.0.0.1 - "GET /api/state HTTP/1.1" 200 -
2026-08-04 13:21:25,930 INFO: 127.0.0.1 - "GET /api/state HTTP/1.1" 200 -
2026-08-04 13:21:26,671 INFO: Processing audio with duration 00:01.750
2026-08-04 13:21:27,427 INFO: 127.0.0.1 - "GET /api/state HTTP/1.1" 200 -
2026-08-04 13:21:27,927 INFO: 127.0.0.1 - "GET /api/state HTTP/1.1" 200 -
2026-08-04 13:21:29,428 INFO: 127.0.0.1 - "GET /api/state HTTP/1.1" 200 -
2026-08-04 13:21:29,928 INFO: 127.0.0.1 - "GET /api/state HTTP/1.1" 200 -
2026-08-04 13:21:30,877 INFO: Processing audio with duration 00:01.750
2026-08-04 13:21:31,427 INFO: 127.0.0.1 - "GET /api/state HTTP/1.1" 200 -
2026-08-04 13:21:31,928 INFO: 127.0.0.1 - "GET /api/state HTTP/1.1" 200 -
2026-08-04 13:21:33,427 INFO: 127.0.0.1 - "GET /api/state HTTP/1.1" 200 -
2026-08-04 13:21:33,658 INFO: Processing audio with duration 00:02.000
2026-08-04 13:21:33,927 INFO: 127.0.0.1 - "GET /api/state HTTP/1.1" 200 -
2026-08-04 13:21:35,426 INFO: 127.0.0.1 - "GET /api/state HTTP/1.1" 200 -
2026-08-04 13:21:35,927 INFO: 127.0.0.1 - "GET /api/state HTTP/1.1" 200 -
2026-08-04 13:21:36,195 INFO: Processing audio with duration 00:01.750
2026-08-04 13:21:37,429 INFO: 127.0.0.1 - "GET /api/state HTTP/1.1" 200 -
2026-08-04 13:21:37,921 INFO: 127.0.0.1 - "GET /api/state HTTP/1.1" 200 -
2026-08-04 13:21:38,687 INFO: Processing audio with duration 00:01.750
2026-08-04 13:21:39,426 INFO: 127.0.0.1 - "GET /api/state HTTP/1.1" 200 -
2026-08-04 13:21:39,926 INFO: 127.0.0.1 - "GET /api/state HTTP/1.1" 200 -
2026-08-04 13:21:41,426 INFO: Processing audio with duration 00:02.000
2026-08-04 13:21:41,426 INFO: 127.0.0.1 - "GET /api/state HTTP/1.1" 200 -
2026-08-04 13:21:41,926 INFO: 127.0.0.1 - "GET /api/state HTTP/1.1" 200 -
2026-08-04 13:21:43,429 INFO: 127.0.0.1 - "GET /api/state HTTP/1.1" 200 -
2026-08-04 13:21:43,928 INFO: 127.0.0.1 - "GET /api/state HTTP/1.1" 200 -
2026-08-04 13:21:44,187 INFO: Processing audio with duration 00:02.000
2026-08-04 13:21:45,427 INFO: 127.0.0.1 - "GET /api/state HTTP/1.1" 200 -
2026-08-04 13:21:45,926 INFO: 127.0.0.1 - "GET /api/state HTTP/1.1" 200 -
2026-08-04 13:21:46,947 INFO: Processing audio with duration 00:02.000
2026-08-04 13:21:47,426 INFO: 127.0.0.1 - "GET /api/state HTTP/1.1" 200 -
2026-08-04 13:21:47,925 INFO: 127.0.0.1 - "GET /api/state HTTP/1.1" 200 -
2026-08-04 13:21:49,428 INFO: 127.0.0.1 - "GET /api/state HTTP/1.1" 200 -
2026-08-04 13:21:49,726 INFO: Processing audio with duration 00:02.000
2026-08-04 13:21:49,926 INFO: 127.0.0.1 - "GET /api/state HTTP/1.1" 200 -
2026-08-04 13:21:51,426 INFO: 127.0.0.1 - "GET /api/state HTTP/1.1" 200 -
2026-08-04 13:21:51,926 INFO: 127.0.0.1 - "GET /api/state HTTP/1.1" 200 -
2026-08-04 13:21:52,457 INFO: Processing audio with duration 00:02.000
2026-08-04 13:21:53,426 INFO: 127.0.0.1 - "GET /api/state HTTP/1.1" 200 -
2026-08-04 13:21:53,927 INFO: 127.0.0.1 - "GET /api/state HTTP/1.1" 200 -
2026-08-04 13:21:55,247 INFO: Processing audio with duration 00:02.000
2026-08-04 13:21:55,424 INFO: 127.0.0.1 - "GET /api/state HTTP/1.1" 200 -
2026-08-04 13:21:55,924 INFO: 127.0.0.1 - "GET /api/state HTTP/1.1" 200 -
2026-08-04 13:21:57,427 INFO: 127.0.0.1 - "GET /api/state HTTP/1.1" 200 -
2026-08-04 13:21:57,927 INFO: 127.0.0.1 - "GET /api/state HTTP/1.1" 200 -
2026-08-04 13:21:58,015 INFO: Processing audio with duration 00:02.000
2026-08-04 13:21:59,426 INFO: 127.0.0.1 - "GET /api/state HTTP/1.1" 200 -
2026-08-04 13:21:59,927 INFO: 127.0.0.1 - "GET /api/state HTTP/1.1" 200 -
2026-08-04 13:22:00,767 INFO: Processing audio with duration 00:02.000
2026-08-04 13:22:01,424 INFO: 127.0.0.1 - "GET /api/state HTTP/1.1" 200 -
2026-08-04 13:22:01,841 INFO: 127.0.0.1 - "GET /api/state HTTP/1.1" 200 -
2026-08-04 13:22:01,841 INFO: 127.0.0.1 - "GET /api/state HTTP/1.1" 200 -
2026-08-04 13:22:01,841 INFO: 127.0.0.1 - "GET /api/state HTTP/1.1" 200 -
2026-08-04 13:22:01,846 INFO: 127.0.0.1 - "GET /api/state HTTP/1.1" 200 -
2026-08-04 13:22:01,847 INFO: 127.0.0.1 - "GET /api/state HTTP/1.1" 200 -
2026-08-04 13:22:01,924 INFO: 127.0.0.1 - "GET /api/state HTTP/1.1" 200 -
2026-08-04 13:22:03,424 INFO: 127.0.0.1 - "GET /api/state HTTP/1.1" 200 -
2026-08-04 13:22:03,536 INFO: Processing audio with duration 00:02.000
2026-08-04 13:22:03,923 INFO: 127.0.0.1 - "GET /api/state HTTP/1.1" 200 -
2026-08-04 13:22:05,423 INFO: 127.0.0.1 - "GET /api/state HTTP/1.1" 200 -
2026-08-04 13:22:05,923 INFO: 127.0.0.1 - "GET /api/state HTTP/1.1" 200 -
2026-08-04 13:22:06,023 INFO: Processing audio with duration 00:01.750
2026-08-04 13:22:07,423 INFO: 127.0.0.1 - "GET /api/state HTTP/1.1" 200 -
2026-08-04 13:22:07,924 INFO: 127.0.0.1 - "GET /api/state HTTP/1.1" 200 -
2026-08-04 13:22:08,572 INFO: Processing audio with duration 00:01.750
2026-08-04 13:22:09,423 INFO: 127.0.0.1 - "GET /api/state HTTP/1.1" 200 -
2026-08-04 13:22:09,923 INFO: 127.0.0.1 - "GET /api/state HTTP/1.1" 200 -
2026-08-04 13:22:11,057 INFO: Processing audio with duration 00:01.750
2026-08-04 13:22:11,422 INFO: 127.0.0.1 - "GET /api/state HTTP/1.1" 200 -
2026-08-04 13:22:11,922 INFO: 127.0.0.1 - "GET /api/state HTTP/1.1" 200 -
2026-08-04 13:22:13,423 INFO: 127.0.0.1 - "GET /api/state HTTP/1.1" 200 -
2026-08-04 13:22:13,604 INFO: Processing audio with duration 00:01.750
2026-08-04 13:22:13,912 INFO: 127.0.0.1 - "GET /api/state HTTP/1.1" 200 -
2026-08-04 13:22:15,421 INFO: 127.0.0.1 - "GET /api/state HTTP/1.1" 200 -
2026-08-04 13:22:15,922 INFO: 127.0.0.1 - "GET /api/state HTTP/1.1" 200 -
2026-08-04 13:22:16,129 INFO: Processing audio with duration 00:01.750
2026-08-04 13:22:17,421 INFO: 127.0.0.1 - "GET /api/state HTTP/1.1" 200 -
2026-08-04 13:22:17,921 INFO: 127.0.0.1 - "GET /api/state HTTP/1.1" 200 -
2026-08-04 13:22:18,654 INFO: Processing audio with duration 00:01.750
2026-08-04 13:22:19,421 INFO: 127.0.0.1 - "GET /api/state HTTP/1.1" 200 -
2026-08-04 13:22:19,921 INFO: 127.0.0.1 - "GET /api/state HTTP/1.1" 200 -
2026-08-04 13:22:21,430 INFO: Processing audio with duration 00:02.000
2026-08-04 13:22:21,431 INFO: 127.0.0.1 - "GET /api/state HTTP/1.1" 200 -
2026-08-04 13:22:21,920 INFO: 127.0.0.1 - "GET /api/state HTTP/1.1" 200 -
2026-08-04 13:22:23,421 INFO: 127.0.0.1 - "GET /api/state HTTP/1.1" 200 -
2026-08-04 13:22:23,922 INFO: 127.0.0.1 - "GET /api/state HTTP/1.1" 200 -
2026-08-04 13:22:23,993 INFO: Processing audio with duration 00:01.750
2026-08-04 13:22:25,420 INFO: 127.0.0.1 - "GET /api/state HTTP/1.1" 200 -
2026-08-04 13:22:25,920 INFO: 127.0.0.1 - "GET /api/state HTTP/1.1" 200 -
2026-08-04 13:22:26,490 INFO: Processing audio with duration 00:01.750
2026-08-04 13:22:27,421 INFO: 127.0.0.1 - "GET /api/state HTTP/1.1" 200 -
2026-08-04 13:22:27,921 INFO: 127.0.0.1 - "GET /api/state HTTP/1.1" 200 -
2026-08-04 13:22:29,420 INFO: 127.0.0.1 - "GET /api/state HTTP/1.1" 200 -
2026-08-04 13:22:29,920 INFO: 127.0.0.1 - "GET /api/state HTTP/1.1" 200 -
2026-08-04 13:22:30,888 INFO: Processing audio with duration 00:01.750
2026-08-04 13:22:31,420 INFO: 127.0.0.1 - "GET /api/state HTTP/1.1" 200 -
2026-08-04 13:22:31,919 INFO: 127.0.0.1 - "GET /api/state HTTP/1.1" 200 -
2026-08-04 13:22:33,420 INFO: 127.0.0.1 - "GET /api/state HTTP/1.1" 200 -
2026-08-04 13:22:33,658 INFO: Processing audio with duration 00:02.000
2026-08-04 13:22:33,919 INFO: 127.0.0.1 - "GET /api/state HTTP/1.1" 200 -
2026-08-04 13:22:35,420 INFO: 127.0.0.1 - "GET /api/state HTTP/1.1" 200 -
2026-08-04 13:22:35,919 INFO: 127.0.0.1 - "GET /api/state HTTP/1.1" 200 -
2026-08-04 13:22:36,185 INFO: Processing audio with duration 00:01.750
2026-08-04 13:22:37,418 INFO: 127.0.0.1 - "GET /api/state HTTP/1.1" 200 -
2026-08-04 13:22:37,919 INFO: 127.0.0.1 - "GET /api/state HTTP/1.1" 200 -
2026-08-04 13:22:38,663 INFO: Processing audio with duration 00:01.750
2026-08-04 13:22:39,420 INFO: 127.0.0.1 - "GET /api/state HTTP/1.1" 200 -
2026-08-04 13:22:39,918 INFO: 127.0.0.1 - "GET /api/state HTTP/1.1" 200 -
2026-08-04 13:22:41,418 INFO: 127.0.0.1 - "GET /api/state HTTP/1.1" 200 -
2026-08-04 13:22:41,918 INFO: 127.0.0.1 - "GET /api/state HTTP/1.1" 200 -
2026-08-04 13:22:43,419 INFO: 127.0.0.1 - "GET /api/state HTTP/1.1" 200 -
2026-08-04 13:22:43,918 INFO: 127.0.0.1 - "GET /api/state HTTP/1.1" 200 -
2026-08-04 13:22:43,978 INFO: Processing audio with duration 00:02.000
2026-08-04 13:22:45,418 INFO: 127.0.0.1 - "GET /api/state HTTP/1.1" 200 -
2026-08-04 13:22:45,917 INFO: 127.0.0.1 - "GET /api/state HTTP/1.1" 200 -
2026-08-04 13:22:46,467 INFO: Processing audio with duration 00:01.750
2026-08-04 13:22:47,419 INFO: 127.0.0.1 - "GET /api/state HTTP/1.1" 200 -
2026-08-04 13:22:47,918 INFO: 127.0.0.1 - "GET /api/state HTTP/1.1" 200 -
2026-08-04 13:22:48,967 INFO: Processing audio with duration 00:01.750
2026-08-04 13:22:49,417 INFO: 127.0.0.1 - "GET /api/state HTTP/1.1" 200 -
2026-08-04 13:22:49,918 INFO: 127.0.0.1 - "GET /api/state HTTP/1.1" 200 -
2026-08-04 13:22:51,418 INFO: 127.0.0.1 - "GET /api/state HTTP/1.1" 200 -
2026-08-04 13:22:51,487 INFO: Processing audio with duration 00:01.750
2026-08-04 13:22:51,919 INFO: 127.0.0.1 - "GET /api/state HTTP/1.1" 200 -
2026-08-04 13:22:53,418 INFO: 127.0.0.1 - "GET /api/state HTTP/1.1" 200 -
2026-08-04 13:22:53,917 INFO: 127.0.0.1 - "GET /api/state HTTP/1.1" 200 -
2026-08-04 13:22:54,292 INFO: Processing audio with duration 00:02.000
2026-08-04 13:22:55,417 INFO: 127.0.0.1 - "GET /api/state HTTP/1.1" 200 -
2026-08-04 13:22:55,917 INFO: 127.0.0.1 - "GET /api/state HTTP/1.1" 200 -
2026-08-04 13:22:56,788 INFO: Processing audio with duration 00:01.750
2026-08-04 13:22:57,419 INFO: 127.0.0.1 - "GET /api/state HTTP/1.1" 200 -
2026-08-04 13:22:57,917 INFO: 127.0.0.1 - "GET /api/state HTTP/1.1" 200 -
2026-08-04 13:22:59,299 INFO: Processing audio with duration 00:01.750
2026-08-04 13:22:59,418 INFO: 127.0.0.1 - "GET /api/state HTTP/1.1" 200 -
2026-08-04 13:22:59,918 INFO: 127.0.0.1 - "GET /api/state HTTP/1.1" 200 -
2026-08-04 13:23:01,418 INFO: 127.0.0.1 - "GET /api/state HTTP/1.1" 200 -
2026-08-04 13:23:01,849 INFO: Processing audio with duration 00:01.750
2026-08-04 13:23:01,849 INFO: 127.0.0.1 - "GET /api/state HTTP/1.1" 200 -
2026-08-04 13:23:01,858 INFO: 127.0.0.1 - "GET /api/state HTTP/1.1" 200 -
2026-08-04 13:23:01,860 INFO: 127.0.0.1 - "GET /api/state HTTP/1.1" 200 -
2026-08-04 13:23:01,917 INFO: 127.0.0.1 - "GET /api/state HTTP/1.1" 200 -
2026-08-04 13:23:03,418 INFO: 127.0.0.1 - "GET /api/state HTTP/1.1" 200 -
2026-08-04 13:23:03,918 INFO: 127.0.0.1 - "GET /api/state HTTP/1.1" 200 -
2026-08-04 13:23:04,377 INFO: Processing audio with duration 00:01.750
2026-08-04 13:23:05,418 INFO: 127.0.0.1 - "GET /api/state HTTP/1.1" 200 -
2026-08-04 13:23:05,917 INFO: 127.0.0.1 - "GET /api/state HTTP/1.1" 200 -
2026-08-04 13:23:07,148 INFO: Processing audio with duration 00:02.000
2026-08-04 13:23:07,418 INFO: 127.0.0.1 - "GET /api/state HTTP/1.1" 200 -
2026-08-04 13:23:07,915 INFO: 127.0.0.1 - "GET /api/state HTTP/1.1" 200 -
2026-08-04 13:23:09,418 INFO: 127.0.0.1 - "GET /api/state HTTP/1.1" 200 -
2026-08-04 13:23:09,892 INFO: Processing audio with duration 00:02.000
2026-08-04 13:23:09,931 INFO: 127.0.0.1 - "GET /api/state HTTP/1.1" 200 -
2026-08-04 13:23:11,418 INFO: 127.0.0.1 - "GET /api/state HTTP/1.1" 200 -
2026-08-04 13:23:11,931 INFO: 127.0.0.1 - "GET /api/state HTTP/1.1" 200 -
2026-08-04 13:23:12,648 INFO: Processing audio with duration 00:02.000
2026-08-04 13:23:13,417 INFO: 127.0.0.1 - "GET /api/state HTTP/1.1" 200 -
2026-08-04 13:23:13,917 INFO: 127.0.0.1 - "GET /api/state HTTP/1.1" 200 -
2026-08-04 13:23:15,444 INFO: Processing audio with duration 00:02.000
2026-08-04 13:23:15,444 INFO: 127.0.0.1 - "GET /api/state HTTP/1.1" 200 -
2026-08-04 13:23:15,931 INFO: 127.0.0.1 - "GET /api/state HTTP/1.1" 200 -
2026-08-04 13:23:17,414 INFO: 127.0.0.1 - "GET /api/state HTTP/1.1" 200 -
2026-08-04 13:23:17,955 INFO: Processing audio with duration 00:01.750
2026-08-04 13:23:17,955 INFO: 127.0.0.1 - "GET /api/state HTTP/1.1" 200 -
2026-08-04 13:23:19,431 INFO: 127.0.0.1 - "GET /api/state HTTP/1.1" 200 -
2026-08-04 13:23:19,933 INFO: 127.0.0.1 - "GET /api/state HTTP/1.1" 200 -
2026-08-04 13:23:20,718 INFO: Processing audio with duration 00:02.000
2026-08-04 13:23:21,414 INFO: 127.0.0.1 - "GET /api/state HTTP/1.1" 200 -
2026-08-04 13:23:21,930 INFO: 127.0.0.1 - "GET /api/state HTTP/1.1" 200 -
2026-08-04 13:23:23,278 INFO: Processing audio with duration 00:01.750
2026-08-04 13:23:23,413 INFO: 127.0.0.1 - "GET /api/state HTTP/1.1" 200 -
2026-08-04 13:23:23,929 INFO: 127.0.0.1 - "GET /api/state HTTP/1.1" 200 -
2026-08-04 13:23:25,418 INFO: 127.0.0.1 - "GET /api/state HTTP/1.1" 200 -
2026-08-04 13:23:25,818 INFO: Processing audio with duration 00:01.750
2026-08-04 13:23:25,929 INFO: 127.0.0.1 - "GET /api/state HTTP/1.1" 200 -
2026-08-04 13:23:27,430 INFO: 127.0.0.1 - "GET /api/state HTTP/1.1" 200 -
2026-08-04 13:23:27,930 INFO: 127.0.0.1 - "GET /api/state HTTP/1.1" 200 -
2026-08-04 13:23:28,368 INFO: Processing audio with duration 00:01.750
2026-08-04 13:23:29,430 INFO: 127.0.0.1 - "GET /api/state HTTP/1.1" 200 -
2026-08-04 13:23:29,930 INFO: 127.0.0.1 - "GET /api/state HTTP/1.1" 200 -
2026-08-04 13:23:30,908 INFO: Processing audio with duration 00:01.750
2026-08-04 13:23:31,416 INFO: 127.0.0.1 - "GET /api/state HTTP/1.1" 200 -
2026-08-04 13:23:31,931 INFO: 127.0.0.1 - "GET /api/state HTTP/1.1" 200 -
2026-08-04 13:23:33,398 INFO: Processing audio with duration 00:01.750
2026-08-04 13:23:33,429 INFO: 127.0.0.1 - "GET /api/state HTTP/1.1" 200 -
2026-08-04 13:23:33,930 INFO: 127.0.0.1 - "GET /api/state HTTP/1.1" 200 -
2026-08-04 13:23:35,417 INFO: 127.0.0.1 - "GET /api/state HTTP/1.1" 200 -
2026-08-04 13:23:35,974 INFO: Processing audio with duration 00:01.750
2026-08-04 13:23:35,974 INFO: 127.0.0.1 - "GET /api/state HTTP/1.1" 200 -
2026-08-04 13:23:37,428 INFO: 127.0.0.1 - "GET /api/state HTTP/1.1" 200 -
2026-08-04 13:23:37,928 INFO: 127.0.0.1 - "GET /api/state HTTP/1.1" 200 -
2026-08-04 13:23:38,818 INFO: Processing audio with duration 00:02.000
2026-08-04 13:23:39,428 INFO: 127.0.0.1 - "GET /api/state HTTP/1.1" 200 -
2026-08-04 13:23:39,930 INFO: 127.0.0.1 - "GET /api/state HTTP/1.1" 200 -
2026-08-04 13:23:41,343 INFO: Processing audio with duration 00:01.750
2026-08-04 13:23:41,428 INFO: 127.0.0.1 - "GET /api/state HTTP/1.1" 200 -
2026-08-04 13:23:41,928 INFO: 127.0.0.1 - "GET /api/state HTTP/1.1" 200 -
2026-08-04 13:23:43,428 INFO: 127.0.0.1 - "GET /api/state HTTP/1.1" 200 -
2026-08-04 13:23:43,838 INFO: Processing audio with duration 00:01.750
2026-08-04 13:23:43,927 INFO: 127.0.0.1 - "GET /api/state HTTP/1.1" 200 -
2026-08-04 13:23:45,428 INFO: 127.0.0.1 - "GET /api/state HTTP/1.1" 200 -
2026-08-04 13:23:45,927 INFO: 127.0.0.1 - "GET /api/state HTTP/1.1" 200 -
2026-08-04 13:23:46,348 INFO: Processing audio with duration 00:01.750
2026-08-04 13:23:47,428 INFO: 127.0.0.1 - "GET /api/state HTTP/1.1" 200 -
2026-08-04 13:23:47,928 INFO: 127.0.0.1 - "GET /api/state HTTP/1.1" 200 -
2026-08-04 13:23:48,868 INFO: Processing audio with duration 00:01.750
2026-08-04 13:23:49,428 INFO: 127.0.0.1 - "GET /api/state HTTP/1.1" 200 -
2026-08-04 13:23:49,928 INFO: 127.0.0.1 - "GET /api/state HTTP/1.1" 200 -
2026-08-04 13:23:51,378 INFO: Processing audio with duration 00:01.750
2026-08-04 13:23:51,427 INFO: 127.0.0.1 - "GET /api/state HTTP/1.1" 200 -
2026-08-04 13:23:51,926 INFO: 127.0.0.1 - "GET /api/state HTTP/1.1" 200 -
2026-08-04 13:23:53,426 INFO: 127.0.0.1 - "GET /api/state HTTP/1.1" 200 -
2026-08-04 13:23:53,878 INFO: Processing audio with duration 00:01.750
2026-08-04 13:23:53,927 INFO: 127.0.0.1 - "GET /api/state HTTP/1.1" 200 -
2026-08-04 13:23:55,426 INFO: 127.0.0.1 - "GET /api/state HTTP/1.1" 200 -
2026-08-04 13:23:55,926 INFO: 127.0.0.1 - "GET /api/state HTTP/1.1" 200 -
2026-08-04 13:23:56,387 INFO: Processing audio with duration 00:01.750
2026-08-04 13:23:57,425 INFO: 127.0.0.1 - "GET /api/state HTTP/1.1" 200 -
2026-08-04 13:23:57,925 INFO: 127.0.0.1 - "GET /api/state HTTP/1.1" 200 -
2026-08-04 13:23:58,858 INFO: Processing audio with duration 00:01.750
2026-08-04 13:23:59,841 INFO: 127.0.0.1 - "GET /api/state HTTP/1.1" 200 -
2026-08-04 13:23:59,919 INFO: 127.0.0.1 - "GET /api/state HTTP/1.1" 200 -
2026-08-04 13:24:01,648 INFO: Processing audio with duration 00:02.000
2026-08-04 13:24:01,841 INFO: 127.0.0.1 - "GET /api/state HTTP/1.1" 200 -
2026-08-04 13:24:01,843 INFO: 127.0.0.1 - "GET /api/state HTTP/1.1" 200 -
2026-08-04 13:24:01,845 INFO: 127.0.0.1 - "GET /api/state HTTP/1.1" 200 -
2026-08-04 13:24:01,848 INFO: 127.0.0.1 - "GET /api/state HTTP/1.1" 200 -
2026-08-04 13:24:01,922 INFO: 127.0.0.1 - "GET /api/state HTTP/1.1" 200 -
2026-08-04 13:24:03,841 INFO: 127.0.0.1 - "GET /api/state HTTP/1.1" 200 -
2026-08-04 13:24:03,926 INFO: 127.0.0.1 - "GET /api/state HTTP/1.1" 200 -
2026-08-04 13:24:04,401 INFO: Processing audio with duration 00:02.000
2026-08-04 13:24:05,840 INFO: 127.0.0.1 - "GET /api/state HTTP/1.1" 200 -
2026-08-04 13:24:05,927 INFO: 127.0.0.1 - "GET /api/state HTTP/1.1" 200 -
2026-08-04 13:24:06,924 INFO: Processing audio with duration 00:01.750
2026-08-04 13:24:07,840 INFO: 127.0.0.1 - "GET /api/state HTTP/1.1" 200 -
2026-08-04 13:24:07,923 INFO: 127.0.0.1 - "GET /api/state HTTP/1.1" 200 -
2026-08-04 13:24:09,744 INFO: Processing audio with duration 00:02.000
2026-08-04 13:24:09,840 INFO: 127.0.0.1 - "GET /api/state HTTP/1.1" 200 -
2026-08-04 13:24:09,924 INFO: 127.0.0.1 - "GET /api/state HTTP/1.1" 200 -
2026-08-04 13:24:11,840 INFO: 127.0.0.1 - "GET /api/state HTTP/1.1" 200 -
2026-08-04 13:24:11,925 INFO: 127.0.0.1 - "GET /api/state HTTP/1.1" 200 -
2026-08-04 13:24:12,268 INFO: Processing audio with duration 00:01.750
2026-08-04 13:24:13,837 INFO: 127.0.0.1 - "GET /api/state HTTP/1.1" 200 -
2026-08-04 13:24:13,928 INFO: 127.0.0.1 - "GET /api/state HTTP/1.1" 200 -
2026-08-04 13:24:15,099 INFO: Processing audio with duration 00:02.000
2026-08-04 13:24:15,840 INFO: 127.0.0.1 - "GET /api/state HTTP/1.1" 200 -
2026-08-04 13:24:15,923 INFO: 127.0.0.1 - "GET /api/state HTTP/1.1" 200 -
2026-08-04 13:24:17,789 INFO: Processing audio with duration 00:01.750
2026-08-04 13:24:17,839 INFO: 127.0.0.1 - "GET /api/state HTTP/1.1" 200 -
2026-08-04 13:24:17,923 INFO: 127.0.0.1 - "GET /api/state HTTP/1.1" 200 -
2026-08-04 13:24:19,836 INFO: 127.0.0.1 - "GET /api/state HTTP/1.1" 200 -
2026-08-04 13:24:19,925 INFO: 127.0.0.1 - "GET /api/state HTTP/1.1" 200 -
2026-08-04 13:24:21,841 INFO: 127.0.0.1 - "GET /api/state HTTP/1.1" 200 -
2026-08-04 13:24:21,922 INFO: 127.0.0.1 - "GET /api/state HTTP/1.1" 200 -
2026-08-04 13:24:22,203 INFO: Processing audio with duration 00:01.750
2026-08-04 13:24:23,839 INFO: 127.0.0.1 - "GET /api/state HTTP/1.1" 200 -
2026-08-04 13:24:23,924 INFO: 127.0.0.1 - "GET /api/state HTTP/1.1" 200 -
2026-08-04 13:24:24,755 INFO: Processing audio with duration 00:01.750
2026-08-04 13:24:25,841 INFO: 127.0.0.1 - "GET /api/state HTTP/1.1" 200 -
2026-08-04 13:24:25,924 INFO: 127.0.0.1 - "GET /api/state HTTP/1.1" 200 -
2026-08-04 13:24:27,529 INFO: Processing audio with duration 00:02.000
2026-08-04 13:24:27,848 INFO: 127.0.0.1 - "GET /api/state HTTP/1.1" 200 -
2026-08-04 13:24:27,924 INFO: 127.0.0.1 - "GET /api/state HTTP/1.1" 200 -
2026-08-04 13:24:29,841 INFO: 127.0.0.1 - "GET /api/state HTTP/1.1" 200 -
2026-08-04 13:24:29,922 INFO: 127.0.0.1 - "GET /api/state HTTP/1.1" 200 -
2026-08-04 13:24:30,154 INFO: Processing audio with duration 00:01.750
2026-08-04 13:24:31,840 INFO: 127.0.0.1 - "GET /api/state HTTP/1.1" 200 -
2026-08-04 13:24:31,922 INFO: 127.0.0.1 - "GET /api/state HTTP/1.1" 200 -
2026-08-04 13:24:32,937 INFO: Processing audio with duration 00:02.000
2026-08-04 13:24:33,839 INFO: 127.0.0.1 - "GET /api/state HTTP/1.1" 200 -
2026-08-04 13:24:33,923 INFO: 127.0.0.1 - "GET /api/state HTTP/1.1" 200 -
2026-08-04 13:24:35,428 INFO: Processing audio with duration 00:01.750
2026-08-04 13:24:35,837 INFO: 127.0.0.1 - "GET /api/state HTTP/1.1" 200 -
2026-08-04 13:24:35,922 INFO: 127.0.0.1 - "GET /api/state HTTP/1.1" 200 -
2026-08-04 13:24:37,837 INFO: 127.0.0.1 - "GET /api/state HTTP/1.1" 200 -
2026-08-04 13:24:37,920 INFO: 127.0.0.1 - "GET /api/state HTTP/1.1" 200 -
2026-08-04 13:24:38,234 INFO: Processing audio with duration 00:02.000
2026-08-04 13:24:39,837 INFO: 127.0.0.1 - "GET /api/state HTTP/1.1" 200 -
2026-08-04 13:24:39,921 INFO: 127.0.0.1 - "GET /api/state HTTP/1.1" 200 -
2026-08-04 13:24:40,757 INFO: Processing audio with duration 00:01.750
2026-08-04 13:24:41,849 INFO: 127.0.0.1 - "GET /api/state HTTP/1.1" 200 -
2026-08-04 13:24:41,930 INFO: 127.0.0.1 - "GET /api/state HTTP/1.1" 200 -
2026-08-04 13:24:43,610 INFO: Processing audio with duration 00:02.000
2026-08-04 13:24:43,837 INFO: 127.0.0.1 - "GET /api/state HTTP/1.1" 200 -
2026-08-04 13:24:43,919 INFO: 127.0.0.1 - "GET /api/state HTTP/1.1" 200 -
2026-08-04 13:24:45,839 INFO: 127.0.0.1 - "GET /api/state HTTP/1.1" 200 -
2026-08-04 13:24:45,923 INFO: 127.0.0.1 - "GET /api/state HTTP/1.1" 200 -
2026-08-04 13:24:46,166 INFO: Processing audio with duration 00:01.750
2026-08-04 13:24:47,837 INFO: 127.0.0.1 - "GET /api/state HTTP/1.1" 200 -
2026-08-04 13:24:47,919 INFO: 127.0.0.1 - "GET /api/state HTTP/1.1" 200 -
2026-08-04 13:24:49,838 INFO: 127.0.0.1 - "GET /api/state HTTP/1.1" 200 -
2026-08-04 13:24:49,922 INFO: 127.0.0.1 - "GET /api/state HTTP/1.1" 200 -
2026-08-04 13:24:50,801 INFO: Processing audio with duration 00:02.000
2026-08-04 13:24:51,836 INFO: 127.0.0.1 - "GET /api/state HTTP/1.1" 200 -
2026-08-04 13:24:51,921 INFO: 127.0.0.1 - "GET /api/state HTTP/1.1" 200 -
2026-08-04 13:24:53,332 INFO: Processing audio with duration 00:01.750
2026-08-04 13:24:53,835 INFO: 127.0.0.1 - "GET /api/state HTTP/1.1" 200 -
2026-08-04 13:24:53,918 INFO: 127.0.0.1 - "GET /api/state HTTP/1.1" 200 -
2026-08-04 13:24:55,848 INFO: 127.0.0.1 - "GET /api/state HTTP/1.1" 200 -
2026-08-04 13:24:55,918 INFO: 127.0.0.1 - "GET /api/state HTTP/1.1" 200 -
2026-08-04 13:24:56,142 INFO: Processing audio with duration 00:02.000
2026-08-04 13:24:57,848 INFO: 127.0.0.1 - "GET /api/state HTTP/1.1" 200 -
2026-08-04 13:24:57,919 INFO: 127.0.0.1 - "GET /api/state HTTP/1.1" 200 -
2026-08-04 13:24:58,927 INFO: Processing audio with duration 00:02.000
2026-08-04 13:24:59,923 INFO: 127.0.0.1 - "GET /api/state HTTP/1.1" 200 -
2026-08-04 13:25:01,797 INFO: Processing audio with duration 00:02.000
2026-08-04 13:25:01,841 INFO: 127.0.0.1 - "GET /api/state HTTP/1.1" 200 -
2026-08-04 13:25:01,843 INFO: 127.0.0.1 - "GET /api/state HTTP/1.1" 200 -
2026-08-04 13:25:01,844 INFO: 127.0.0.1 - "GET /api/state HTTP/1.1" 200 -
2026-08-04 13:25:01,847 INFO: 127.0.0.1 - "GET /api/state HTTP/1.1" 200 -
2026-08-04 13:25:01,918 INFO: 127.0.0.1 - "GET /api/state HTTP/1.1" 200 -
2026-08-04 13:25:03,918 INFO: 127.0.0.1 - "GET /api/state HTTP/1.1" 200 -
2026-08-04 13:25:04,788 INFO: Processing audio with duration 00:01.750
2026-08-04 13:25:05,917 INFO: 127.0.0.1 - "GET /api/state HTTP/1.1" 200 -
2026-08-04 13:25:07,499 INFO: Processing audio with duration 00:01.750
2026-08-04 13:25:07,918 INFO: 127.0.0.1 - "GET /api/state HTTP/1.1" 200 -
2026-08-04 13:25:09,927 INFO: 127.0.0.1 - "GET /api/state HTTP/1.1" 200 -
2026-08-04 13:25:10,041 INFO: Processing audio with duration 00:01.750
2026-08-04 13:25:11,917 INFO: 127.0.0.1 - "GET /api/state HTTP/1.1" 200 -
2026-08-04 13:25:12,936 INFO: Processing audio with duration 00:02.000
2026-08-04 13:25:13,930 INFO: 127.0.0.1 - "GET /api/state HTTP/1.1" 200 -
2026-08-04 13:25:15,739 INFO: Processing audio with duration 00:02.000
2026-08-04 13:25:15,915 INFO: 127.0.0.1 - "GET /api/state HTTP/1.1" 200 -
2026-08-04 13:25:17,932 INFO: 127.0.0.1 - "GET /api/state HTTP/1.1" 200 -
2026-08-04 13:25:18,294 INFO: Processing audio with duration 00:01.750
2026-08-04 13:25:19,921 INFO: 127.0.0.1 - "GET /api/state HTTP/1.1" 200 -
2026-08-04 13:25:21,068 INFO: Processing audio with duration 00:02.000
2026-08-04 13:25:21,933 INFO: 127.0.0.1 - "GET /api/state HTTP/1.1" 200 -
2026-08-04 13:25:23,851 INFO: Processing audio with duration 00:02.000
2026-08-04 13:25:23,917 INFO: 127.0.0.1 - "GET /api/state HTTP/1.1" 200 -
2026-08-04 13:25:25,931 INFO: 127.0.0.1 - "GET /api/state HTTP/1.1" 200 -
2026-08-04 13:25:26,419 INFO: Processing audio with duration 00:01.750
2026-08-04 13:25:27,932 INFO: 127.0.0.1 - "GET /api/state HTTP/1.1" 200 -
2026-08-04 13:25:28,966 INFO: Processing audio with duration 00:01.750
2026-08-04 13:25:29,918 INFO: 127.0.0.1 - "GET /api/state HTTP/1.1" 200 -
2026-08-04 13:25:31,539 INFO: Processing audio with duration 00:01.750
2026-08-04 13:25:31,918 INFO: 127.0.0.1 - "GET /api/state HTTP/1.1" 200 -
2026-08-04 13:25:33,931 INFO: 127.0.0.1 - "GET /api/state HTTP/1.1" 200 -
2026-08-04 13:25:34,063 INFO: Processing audio with duration 00:01.750
2026-08-04 13:25:35,930 INFO: 127.0.0.1 - "GET /api/state HTTP/1.1" 200 -
2026-08-04 13:25:36,655 INFO: Processing audio with duration 00:01.750
2026-08-04 13:25:37,930 INFO: 127.0.0.1 - "GET /api/state HTTP/1.1" 200 -
2026-08-04 13:25:39,649 INFO: Processing audio with duration 00:02.000
2026-08-04 13:25:39,930 INFO: 127.0.0.1 - "GET /api/state HTTP/1.1" 200 -
2026-08-04 13:25:41,929 INFO: 127.0.0.1 - "GET /api/state HTTP/1.1" 200 -
2026-08-04 13:25:42,499 INFO: Processing audio with duration 00:02.000
2026-08-04 13:25:43,929 INFO: 127.0.0.1 - "GET /api/state HTTP/1.1" 200 -
2026-08-04 13:25:45,333 INFO: Processing audio with duration 00:02.000
2026-08-04 13:25:45,928 INFO: 127.0.0.1 - "GET /api/state HTTP/1.1" 200 -
2026-08-04 13:25:47,968 INFO: Processing audio with duration 00:01.750
2026-08-04 13:25:47,968 INFO: 127.0.0.1 - "GET /api/state HTTP/1.1" 200 -
2026-08-04 13:25:49,928 INFO: 127.0.0.1 - "GET /api/state HTTP/1.1" 200 -
2026-08-04 13:25:50,539 INFO: Processing audio with duration 00:01.750
2026-08-04 13:25:51,929 INFO: 127.0.0.1 - "GET /api/state HTTP/1.1" 200 -
2026-08-04 13:25:53,326 INFO: Processing audio with duration 00:02.000
2026-08-04 13:25:53,929 INFO: 127.0.0.1 - "GET /api/state HTTP/1.1" 200 -
2026-08-04 13:25:55,927 INFO: 127.0.0.1 - "GET /api/state HTTP/1.1" 200 -
2026-08-04 13:25:56,154 INFO: Processing audio with duration 00:02.000
2026-08-04 13:25:57,928 INFO: 127.0.0.1 - "GET /api/state HTTP/1.1" 200 -
2026-08-04 13:25:59,036 INFO: Processing audio with duration 00:02.000
2026-08-04 13:25:59,926 INFO: 127.0.0.1 - "GET /api/state HTTP/1.1" 200 -
2026-08-04 13:26:01,845 INFO: 127.0.0.1 - "GET /api/state HTTP/1.1" 200 -
2026-08-04 13:26:01,849 INFO: 127.0.0.1 - "GET /api/state HTTP/1.1" 200 -
2026-08-04 13:26:01,853 INFO: 127.0.0.1 - "GET /api/state HTTP/1.1" 200 -
2026-08-04 13:26:01,856 INFO: 127.0.0.1 - "GET /api/state HTTP/1.1" 200 -
2026-08-04 13:26:01,926 INFO: 127.0.0.1 - "GET /api/state HTTP/1.1" 200 -
2026-08-04 13:26:03,925 INFO: 127.0.0.1 - "GET /api/state HTTP/1.1" 200 -
2026-08-04 13:26:05,775 INFO: Processing audio with duration 00:01.750
2026-08-04 13:26:05,925 INFO: 127.0.0.1 - "GET /api/state HTTP/1.1" 200 -
2026-08-04 13:26:07,927 INFO: 127.0.0.1 - "GET /api/state HTTP/1.1" 200 -
2026-08-04 13:26:08,679 INFO: Processing audio with duration 00:02.000
2026-08-04 13:26:09,926 INFO: 127.0.0.1 - "GET /api/state HTTP/1.1" 200 -
2026-08-04 13:26:11,219 INFO: Processing audio with duration 00:01.750
2026-08-04 13:26:11,926 INFO: 127.0.0.1 - "GET /api/state HTTP/1.1" 200 -
2026-08-04 13:26:13,925 INFO: 127.0.0.1 - "GET /api/state HTTP/1.1" 200 -
2026-08-04 13:26:15,927 INFO: 127.0.0.1 - "GET /api/state HTTP/1.1" 200 -
2026-08-04 13:26:16,072 INFO: Processing audio with duration 00:02.000
2026-08-04 13:26:17,926 INFO: 127.0.0.1 - "GET /api/state HTTP/1.1" 200 -
2026-08-04 13:26:18,879 INFO: Processing audio with duration 00:02.000
2026-08-04 13:26:19,917 INFO: 127.0.0.1 - "GET /api/state HTTP/1.1" 200 -
2026-08-04 13:26:21,397 INFO: Processing audio with duration 00:01.750
2026-08-04 13:26:21,923 INFO: 127.0.0.1 - "GET /api/state HTTP/1.1" 200 -
2026-08-04 13:26:23,859 INFO: Processing audio with duration 00:01.750
2026-08-04 13:26:23,923 INFO: 127.0.0.1 - "GET /api/state HTTP/1.1" 200 -
2026-08-04 13:26:25,926 INFO: 127.0.0.1 - "GET /api/state HTTP/1.1" 200 -
2026-08-04 13:26:26,659 INFO: Processing audio with duration 00:02.000
2026-08-04 13:26:27,923 INFO: 127.0.0.1 - "GET /api/state HTTP/1.1" 200 -
2026-08-04 13:26:29,147 INFO: Processing audio with duration 00:01.750
2026-08-04 13:26:29,922 INFO: 127.0.0.1 - "GET /api/state HTTP/1.1" 200 -
2026-08-04 13:26:31,929 INFO: Processing audio with duration 00:02.000
2026-08-04 13:26:31,929 INFO: 127.0.0.1 - "GET /api/state HTTP/1.1" 200 -
2026-08-04 13:26:33,922 INFO: 127.0.0.1 - "GET /api/state HTTP/1.1" 200 -
2026-08-04 13:26:34,722 INFO: Processing audio with duration 00:02.000
2026-08-04 13:26:35,924 INFO: 127.0.0.1 - "GET /api/state HTTP/1.1" 200 -
2026-08-04 13:26:37,473 INFO: Processing audio with duration 00:02.000
2026-08-04 13:26:37,923 INFO: 127.0.0.1 - "GET /api/state HTTP/1.1" 200 -
2026-08-04 13:26:39,922 INFO: 127.0.0.1 - "GET /api/state HTTP/1.1" 200 -
2026-08-04 13:26:40,259 INFO: Processing audio with duration 00:02.000
2026-08-04 13:26:41,923 INFO: 127.0.0.1 - "GET /api/state HTTP/1.1" 200 -
2026-08-04 13:26:42,759 INFO: Processing audio with duration 00:01.750
2026-08-04 13:26:43,921 INFO: 127.0.0.1 - "GET /api/state HTTP/1.1" 200 -
2026-08-04 13:26:45,276 INFO: Processing audio with duration 00:01.750
2026-08-04 13:26:45,921 INFO: 127.0.0.1 - "GET /api/state HTTP/1.1" 200 -
2026-08-04 13:26:47,770 INFO: Processing audio with duration 00:01.750
2026-08-04 13:26:47,922 INFO: 127.0.0.1 - "GET /api/state HTTP/1.1" 200 -
2026-08-04 13:26:49,920 INFO: 127.0.0.1 - "GET /api/state HTTP/1.1" 200 -
2026-08-04 13:26:50,549 INFO: Processing audio with duration 00:02.000
2026-08-04 13:26:51,921 INFO: 127.0.0.1 - "GET /api/state HTTP/1.1" 200 -
2026-08-04 13:26:53,049 INFO: Processing audio with duration 00:01.750
2026-08-04 13:26:53,919 INFO: 127.0.0.1 - "GET /api/state HTTP/1.1" 200 -
2026-08-04 13:26:55,863 INFO: Processing audio with duration 00:02.000
2026-08-04 13:26:55,920 INFO: 127.0.0.1 - "GET /api/state HTTP/1.1" 200 -
2026-08-04 13:26:57,920 INFO: 127.0.0.1 - "GET /api/state HTTP/1.1" 200 -
2026-08-04 13:26:58,635 INFO: Processing audio with duration 00:02.000
2026-08-04 13:26:59,919 INFO: 127.0.0.1 - "GET /api/state HTTP/1.1" 200 -
2026-08-04 13:27:01,435 INFO: Processing audio with duration 00:02.000
2026-08-04 13:27:01,837 INFO: 127.0.0.1 - "GET /api/state HTTP/1.1" 200 -
2026-08-04 13:27:01,837 INFO: 127.0.0.1 - "GET /api/state HTTP/1.1" 200 -
2026-08-04 13:27:01,842 INFO: 127.0.0.1 - "GET /api/state HTTP/1.1" 200 -
2026-08-04 13:27:01,842 INFO: 127.0.0.1 - "GET /api/state HTTP/1.1" 200 -
2026-08-04 13:27:01,919 INFO: 127.0.0.1 - "GET /api/state HTTP/1.1" 200 -
2026-08-04 13:27:03,918 INFO: 127.0.0.1 - "GET /api/state HTTP/1.1" 200 -
2026-08-04 13:27:04,073 INFO: Processing audio with duration 00:01.750
2026-08-04 13:27:05,924 INFO: 127.0.0.1 - "GET /api/state HTTP/1.1" 200 -
2026-08-04 13:27:06,643 INFO: Processing audio with duration 00:01.750
2026-08-04 13:27:07,918 INFO: 127.0.0.1 - "GET /api/state HTTP/1.1" 200 -
2026-08-04 13:27:09,575 INFO: Processing audio with duration 00:02.000
2026-08-04 13:27:09,920 INFO: 127.0.0.1 - "GET /api/state HTTP/1.1" 200 -
2026-08-04 13:27:11,917 INFO: 127.0.0.1 - "GET /api/state HTTP/1.1" 200 -
2026-08-04 13:27:12,323 INFO: Processing audio with duration 00:02.000
2026-08-04 13:27:13,917 INFO: 127.0.0.1 - "GET /api/state HTTP/1.1" 200 -
2026-08-04 13:27:15,078 INFO: Processing audio with duration 00:02.000
2026-08-04 13:27:15,918 INFO: 127.0.0.1 - "GET /api/state HTTP/1.1" 200 -
2026-08-04 13:27:17,598 INFO: Processing audio with duration 00:01.750
2026-08-04 13:27:17,920 INFO: 127.0.0.1 - "GET /api/state HTTP/1.1" 200 -
2026-08-04 13:27:19,932 INFO: 127.0.0.1 - "GET /api/state HTTP/1.1" 200 -
2026-08-04 13:27:20,125 INFO: Processing audio with duration 00:01.750
2026-08-04 13:27:21,916 INFO: 127.0.0.1 - "GET /api/state HTTP/1.1" 200 -
2026-08-04 13:27:23,917 INFO: 127.0.0.1 - "GET /api/state HTTP/1.1" 200 -
2026-08-04 13:27:25,064 INFO: Processing audio with duration 00:01.750
2026-08-04 13:27:25,916 INFO: 127.0.0.1 - "GET /api/state HTTP/1.1" 200 -
2026-08-04 13:27:27,883 INFO: Processing audio with duration 00:02.000
2026-08-04 13:27:27,915 INFO: 127.0.0.1 - "GET /api/state HTTP/1.1" 200 -
2026-08-04 13:27:29,933 INFO: 127.0.0.1 - "GET /api/state HTTP/1.1" 200 -
2026-08-04 13:27:30,564 INFO: Processing audio with duration 00:01.750
2026-08-04 13:27:31,933 INFO: 127.0.0.1 - "GET /api/state HTTP/1.1" 200 -
2026-08-04 13:27:33,377 INFO: Processing audio with duration 00:02.000
2026-08-04 13:27:33,915 INFO: 127.0.0.1 - "GET /api/state HTTP/1.1" 200 -
2026-08-04 13:27:35,896 INFO: Processing audio with duration 00:01.750
2026-08-04 13:27:35,930 INFO: 127.0.0.1 - "GET /api/state HTTP/1.1" 200 -
2026-08-04 13:27:37,933 INFO: 127.0.0.1 - "GET /api/state HTTP/1.1" 200 -
2026-08-04 13:27:38,673 INFO: Processing audio with duration 00:02.000
2026-08-04 13:27:39,932 INFO: 127.0.0.1 - "GET /api/state HTTP/1.1" 200 -
2026-08-04 13:27:41,513 INFO: Processing audio with duration 00:02.000
2026-08-04 13:27:41,921 INFO: 127.0.0.1 - "GET /api/state HTTP/1.1" 200 -
2026-08-04 13:27:43,932 INFO: 127.0.0.1 - "GET /api/state HTTP/1.1" 200 -
2026-08-04 13:27:44,157 INFO: Processing audio with duration 00:01.750
2026-08-04 13:27:45,931 INFO: 127.0.0.1 - "GET /api/state HTTP/1.1" 200 -
2026-08-04 13:27:46,995 INFO: Processing audio with duration 00:02.000
2026-08-04 13:27:47,930 INFO: 127.0.0.1 - "GET /api/state HTTP/1.1" 200 -
2026-08-04 13:27:49,545 INFO: Processing audio with duration 00:01.750
2026-08-04 13:27:49,919 INFO: 127.0.0.1 - "GET /api/state HTTP/1.1" 200 -
2026-08-04 13:27:51,930 INFO: 127.0.0.1 - "GET /api/state HTTP/1.1" 200 -
2026-08-04 13:27:52,130 INFO: Processing audio with duration 00:01.750
2026-08-04 13:27:53,928 INFO: 127.0.0.1 - "GET /api/state HTTP/1.1" 200 -
2026-08-04 13:27:54,753 INFO: Processing audio with duration 00:01.750
2026-08-04 13:27:55,930 INFO: 127.0.0.1 - "GET /api/state HTTP/1.1" 200 -
2026-08-04 13:27:57,928 INFO: 127.0.0.1 - "GET /api/state HTTP/1.1" 200 -
2026-08-04 13:27:59,693 INFO: Processing audio with duration 00:01.750
2026-08-04 13:27:59,928 INFO: 127.0.0.1 - "GET /api/state HTTP/1.1" 200 -
2026-08-04 13:28:01,844 INFO: 127.0.0.1 - "GET /api/state HTTP/1.1" 200 -
2026-08-04 13:28:01,849 INFO: 127.0.0.1 - "GET /api/state HTTP/1.1" 200 -
2026-08-04 13:28:01,849 INFO: 127.0.0.1 - "GET /api/state HTTP/1.1" 200 -
2026-08-04 13:28:01,849 INFO: 127.0.0.1 - "GET /api/state HTTP/1.1" 200 -
2026-08-04 13:28:01,930 INFO: 127.0.0.1 - "GET /api/state HTTP/1.1" 200 -
2026-08-04 13:28:02,631 INFO: Processing audio with duration 00:02.000
2026-08-04 13:28:03,931 INFO: 127.0.0.1 - "GET /api/state HTTP/1.1" 200 -
2026-08-04 13:28:05,433 INFO: Processing audio with duration 00:02.000
2026-08-04 13:28:05,928 INFO: 127.0.0.1 - "GET /api/state HTTP/1.1" 200 -
2026-08-04 13:28:07,931 INFO: 127.0.0.1 - "GET /api/state HTTP/1.1" 200 -
2026-08-04 13:28:08,213 INFO: Processing audio with duration 00:02.000
2026-08-04 13:28:09,926 INFO: 127.0.0.1 - "GET /api/state HTTP/1.1" 200 -
2026-08-04 13:28:11,009 INFO: Processing audio with duration 00:02.000
2026-08-04 13:28:11,926 INFO: 127.0.0.1 - "GET /api/state HTTP/1.1" 200 -
2026-08-04 13:28:13,793 INFO: Processing audio with duration 00:02.000
2026-08-04 13:28:13,926 INFO: 127.0.0.1 - "GET /api/state HTTP/1.1" 200 -
2026-08-04 13:28:15,928 INFO: 127.0.0.1 - "GET /api/state HTTP/1.1" 200 -
2026-08-04 13:28:16,569 INFO: Processing audio with duration 00:02.000
2026-08-04 13:28:17,926 INFO: 127.0.0.1 - "GET /api/state HTTP/1.1" 200 -
2026-08-04 13:28:19,147 INFO: Processing audio with duration 00:01.750
2026-08-04 13:28:19,934 INFO: 127.0.0.1 - "GET /api/state HTTP/1.1" 200 -
2026-08-04 13:28:21,641 INFO: Processing audio with duration 00:01.750
2026-08-04 13:28:21,925 INFO: 127.0.0.1 - "GET /api/state HTTP/1.1" 200 -
2026-08-04 13:28:23,926 INFO: 127.0.0.1 - "GET /api/state HTTP/1.1" 200 -
2026-08-04 13:28:24,154 INFO: Processing audio with duration 00:01.750
2026-08-04 13:28:25,925 INFO: 127.0.0.1 - "GET /api/state HTTP/1.1" 200 -
2026-08-04 13:28:26,674 INFO: Processing audio with duration 00:01.750
2026-08-04 13:28:27,926 INFO: 127.0.0.1 - "GET /api/state HTTP/1.1" 200 -
2026-08-04 13:28:29,202 INFO: Processing audio with duration 00:01.750
2026-08-04 13:28:29,929 INFO: 127.0.0.1 - "GET /api/state HTTP/1.1" 200 -
2026-08-04 13:28:31,772 INFO: Processing audio with duration 00:01.750
2026-08-04 13:28:31,920 INFO: 127.0.0.1 - "GET /api/state HTTP/1.1" 200 -
2026-08-04 13:28:33,927 INFO: 127.0.0.1 - "GET /api/state HTTP/1.1" 200 -
2026-08-04 13:28:34,670 INFO: Processing audio with duration 00:02.000
2026-08-04 13:28:35,927 INFO: 127.0.0.1 - "GET /api/state HTTP/1.1" 200 -
2026-08-04 13:28:37,932 INFO: 127.0.0.1 - "GET /api/state HTTP/1.1" 200 -
2026-08-04 13:28:39,918 INFO: 127.0.0.1 - "GET /api/state HTTP/1.1" 200 -
2026-08-04 13:28:41,262 INFO: Processing audio with duration 00:02.000
2026-08-04 13:28:41,926 INFO: 127.0.0.1 - "GET /api/state HTTP/1.1" 200 -
2026-08-04 13:28:43,928 INFO: 127.0.0.1 - "GET /api/state HTTP/1.1" 200 -
2026-08-04 13:28:45,559 INFO: Processing audio with duration 00:01.750
2026-08-04 13:28:45,929 INFO: 127.0.0.1 - "GET /api/state HTTP/1.1" 200 -
2026-08-04 13:28:47,920 INFO: 127.0.0.1 - "GET /api/state HTTP/1.1" 200 -
2026-08-04 13:28:48,094 INFO: Processing audio with duration 00:01.750
2026-08-04 13:28:49,925 INFO: 127.0.0.1 - "GET /api/state HTTP/1.1" 200 -
2026-08-04 13:28:51,925 INFO: 127.0.0.1 - "GET /api/state HTTP/1.1" 200 -
2026-08-04 13:28:52,900 INFO: Processing audio with duration 00:01.750
2026-08-04 13:28:53,922 INFO: 127.0.0.1 - "GET /api/state HTTP/1.1" 200 -
2026-08-04 13:28:55,927 INFO: 127.0.0.1 - "GET /api/state HTTP/1.1" 200 -
2026-08-04 13:28:57,924 INFO: 127.0.0.1 - "GET /api/state HTTP/1.1" 200 -
2026-08-04 13:28:59,424 INFO: Processing audio with duration 00:02.000
2026-08-04 13:28:59,926 INFO: 127.0.0.1 - "GET /api/state HTTP/1.1" 200 -
2026-08-04 13:29:01,839 INFO: 127.0.0.1 - "GET /api/state HTTP/1.1" 200 -
2026-08-04 13:29:01,840 INFO: 127.0.0.1 - "GET /api/state HTTP/1.1" 200 -
2026-08-04 13:29:01,841 INFO: 127.0.0.1 - "GET /api/state HTTP/1.1" 200 -
2026-08-04 13:29:01,842 INFO: 127.0.0.1 - "GET /api/state HTTP/1.1" 200 -
2026-08-04 13:29:01,918 INFO: 127.0.0.1 - "GET /api/state HTTP/1.1" 200 -
2026-08-04 13:29:02,211 INFO: Processing audio with duration 00:02.000
2026-08-04 13:29:03,927 INFO: 127.0.0.1 - "GET /api/state HTTP/1.1" 200 -
2026-08-04 13:29:05,050 INFO: Processing audio with duration 00:02.000
2026-08-04 13:29:05,922 INFO: 127.0.0.1 - "GET /api/state HTTP/1.1" 200 -
2026-08-04 13:29:07,544 INFO: Processing audio with duration 00:01.750
2026-08-04 13:29:07,921 INFO: 127.0.0.1 - "GET /api/state HTTP/1.1" 200 -
2026-08-04 13:29:09,921 INFO: 127.0.0.1 - "GET /api/state HTTP/1.1" 200 -
2026-08-04 13:29:10,281 INFO: Processing audio with duration 00:02.000
2026-08-04 13:29:11,924 INFO: 127.0.0.1 - "GET /api/state HTTP/1.1" 200 -
2026-08-04 13:29:13,924 INFO: 127.0.0.1 - "GET /api/state HTTP/1.1" 200 -
2026-08-04 13:29:14,719 INFO: Processing audio with duration 00:02.000
2026-08-04 13:29:15,924 INFO: 127.0.0.1 - "GET /api/state HTTP/1.1" 200 -
2026-08-04 13:29:17,918 INFO: 127.0.0.1 - "GET /api/state HTTP/1.1" 200 -
2026-08-04 13:29:19,354 INFO: Processing audio with duration 00:02.000
2026-08-04 13:29:19,921 INFO: 127.0.0.1 - "GET /api/state HTTP/1.1" 200 -
2026-08-04 13:29:21,918 INFO: 127.0.0.1 - "GET /api/state HTTP/1.1" 200 -
2026-08-04 13:29:22,145 INFO: Processing audio with duration 00:02.000
2026-08-04 13:29:23,917 INFO: 127.0.0.1 - "GET /api/state HTTP/1.1" 200 -
2026-08-04 13:29:24,904 INFO: Processing audio with duration 00:02.000
2026-08-04 13:29:25,920 INFO: 127.0.0.1 - "GET /api/state HTTP/1.1" 200 -
2026-08-04 13:29:27,666 INFO: Processing audio with duration 00:02.000
2026-08-04 13:29:27,916 INFO: 127.0.0.1 - "GET /api/state HTTP/1.1" 200 -
2026-08-04 13:29:29,916 INFO: 127.0.0.1 - "GET /api/state HTTP/1.1" 200 -
2026-08-04 13:29:30,194 INFO: Processing audio with duration 00:01.750
2026-08-04 13:29:31,916 INFO: 127.0.0.1 - "GET /api/state HTTP/1.1" 200 -
2026-08-04 13:29:32,678 INFO: Processing audio with duration 00:01.750
2026-08-04 13:29:33,917 INFO: 127.0.0.1 - "GET /api/state HTTP/1.1" 200 -
2026-08-04 13:29:35,474 INFO: Processing audio with duration 00:02.000
2026-08-04 13:29:35,915 INFO: 127.0.0.1 - "GET /api/state HTTP/1.1" 200 -
2026-08-04 13:29:37,932 INFO: 127.0.0.1 - "GET /api/state HTTP/1.1" 200 -
2026-08-04 13:29:37,984 INFO: Processing audio with duration 00:01.750
2026-08-04 13:29:39,932 INFO: 127.0.0.1 - "GET /api/state HTTP/1.1" 200 -
2026-08-04 13:29:40,734 INFO: Processing audio with duration 00:02.000
2026-08-04 13:29:41,915 INFO: 127.0.0.1 - "GET /api/state HTTP/1.1" 200 -
2026-08-04 13:29:43,504 INFO: Processing audio with duration 00:02.000
2026-08-04 13:29:43,931 INFO: 127.0.0.1 - "GET /api/state HTTP/1.1" 200 -
2026-08-04 13:29:45,930 INFO: 127.0.0.1 - "GET /api/state HTTP/1.1" 200 -
2026-08-04 13:29:46,014 INFO: Processing audio with duration 00:01.750
2026-08-04 13:29:47,931 INFO: 127.0.0.1 - "GET /api/state HTTP/1.1" 200 -
2026-08-04 13:29:48,516 INFO: Processing audio with duration 00:01.750
2026-08-04 13:29:49,930 INFO: 127.0.0.1 - "GET /api/state HTTP/1.1" 200 -
2026-08-04 13:29:51,930 INFO: 127.0.0.1 - "GET /api/state HTTP/1.1" 200 -
2026-08-04 13:29:53,514 INFO: Processing audio with duration 00:02.000
2026-08-04 13:29:53,929 INFO: 127.0.0.1 - "GET /api/state HTTP/1.1" 200 -
2026-08-04 13:29:55,930 INFO: 127.0.0.1 - "GET /api/state HTTP/1.1" 200 -
2026-08-04 13:29:56,097 INFO: Processing audio with duration 00:01.750
2026-08-04 13:29:57,930 INFO: 127.0.0.1 - "GET /api/state HTTP/1.1" 200 -
2026-08-04 13:29:58,613 INFO: Processing audio with duration 00:01.750
2026-08-04 13:29:59,929 INFO: 127.0.0.1 - "GET /api/state HTTP/1.1" 200 -
2026-08-04 13:30:01,215 INFO: Processing audio with duration 00:01.750
2026-08-04 13:30:01,928 INFO: 127.0.0.1 - "GET /api/state HTTP/1.1" 200 -
2026-08-04 13:30:03,930 INFO: 127.0.0.1 - "GET /api/state HTTP/1.1" 200 -
2026-08-04 13:30:04,032 INFO: Processing audio with duration 00:02.000
2026-08-04 13:30:05,928 INFO: 127.0.0.1 - "GET /api/state HTTP/1.1" 200 -
2026-08-04 13:30:07,930 INFO: 127.0.0.1 - "GET /api/state HTTP/1.1" 200 -
2026-08-04 13:30:08,234 INFO: Processing audio with duration 00:03.250
2026-08-04 13:30:09,917 INFO: 127.0.0.1 - "GET /api/state HTTP/1.1" 200 -
2026-08-04 13:30:11,925 INFO: 127.0.0.1 - "GET /api/state HTTP/1.1" 200 -
2026-08-04 13:30:13,427 INFO: Processing audio with duration 00:01.750
2026-08-04 13:30:13,927 INFO: 127.0.0.1 - "GET /api/state HTTP/1.1" 200 -
2026-08-04 13:30:15,928 INFO: 127.0.0.1 - "GET /api/state HTTP/1.1" 200 -
2026-08-04 13:30:16,251 INFO: Processing audio with duration 00:02.000
2026-08-04 13:30:17,927 INFO: 127.0.0.1 - "GET /api/state HTTP/1.1" 200 -
2026-08-04 13:30:19,138 INFO: Processing audio with duration 00:02.000
2026-08-04 13:30:19,926 INFO: 127.0.0.1 - "GET /api/state HTTP/1.1" 200 -
2026-08-04 13:30:21,917 INFO: Processing audio with duration 00:02.000
2026-08-04 13:30:21,918 INFO: 127.0.0.1 - "GET /api/state HTTP/1.1" 200 -
2026-08-04 13:30:23,928 INFO: 127.0.0.1 - "GET /api/state HTTP/1.1" 200 -
2026-08-04 13:30:24,414 INFO: Processing audio with duration 00:01.750
2026-08-04 13:30:25,925 INFO: 127.0.0.1 - "GET /api/state HTTP/1.1" 200 -
2026-08-04 13:30:27,192 INFO: Processing audio with duration 00:02.000
2026-08-04 13:30:27,925 INFO: 127.0.0.1 - "GET /api/state HTTP/1.1" 200 -
2026-08-04 13:30:29,934 INFO: Processing audio with duration 00:02.000
2026-08-04 13:30:29,934 INFO: 127.0.0.1 - "GET /api/state HTTP/1.1" 200 -
2026-08-04 13:30:31,919 INFO: 127.0.0.1 - "GET /api/state HTTP/1.1" 200 -
2026-08-04 13:30:32,725 INFO: Processing audio with duration 00:02.000
2026-08-04 13:30:33,925 INFO: 127.0.0.1 - "GET /api/state HTTP/1.1" 200 -
2026-08-04 13:30:35,464 INFO: Processing audio with duration 00:02.000
2026-08-04 13:30:35,924 INFO: 127.0.0.1 - "GET /api/state HTTP/1.1" 200 -
2026-08-04 13:30:37,925 INFO: 127.0.0.1 - "GET /api/state HTTP/1.1" 200 -
2026-08-04 13:30:38,002 INFO: Processing audio with duration 00:01.750
2026-08-04 13:30:39,924 INFO: 127.0.0.1 - "GET /api/state HTTP/1.1" 200 -
2026-08-04 13:30:40,504 INFO: Processing audio with duration 00:01.750
2026-08-04 13:30:41,924 INFO: 127.0.0.1 - "GET /api/state HTTP/1.1" 200 -
2026-08-04 13:30:43,047 INFO: Processing audio with duration 00:01.750
2026-08-04 13:30:43,924 INFO: 127.0.0.1 - "GET /api/state HTTP/1.1" 200 -
2026-08-04 13:30:45,827 INFO: Processing audio with duration 00:02.000
2026-08-04 13:30:45,924 INFO: 127.0.0.1 - "GET /api/state HTTP/1.1" 200 -
2026-08-04 13:30:47,924 INFO: 127.0.0.1 - "GET /api/state HTTP/1.1" 200 -
2026-08-04 13:30:48,594 INFO: Processing audio with duration 00:02.000
2026-08-04 13:30:51,115 INFO: Processing audio with duration 00:01.750
2026-08-04 13:30:53,825 INFO: Processing audio with duration 00:02.000
2026-08-04 13:30:56,499 INFO: Processing audio with duration 00:02.000
2026-08-04 13:30:59,184 INFO: Processing audio with duration 00:02.000
2026-08-04 13:31:01,620 INFO: Processing audio with duration 00:01.750
2026-08-04 13:31:04,070 INFO: Processing audio with duration 00:01.750
2026-08-04 13:31:06,738 INFO: Processing audio with duration 00:02.000
2026-08-04 13:31:09,174 INFO: Processing audio with duration 00:01.750
2026-08-04 13:31:13,379 INFO: Processing audio with duration 00:03.500
2026-08-04 13:31:17,400 INFO: Processing audio with duration 00:02.000
2026-08-04 13:31:20,091 INFO: Processing audio with duration 00:02.000
2026-08-04 13:31:22,824 INFO: Processing audio with duration 00:02.000
2026-08-04 13:31:25,543 INFO: Processing audio with duration 00:02.000
2026-08-04 13:31:29,535 INFO: Processing audio with duration 00:01.750
2026-08-04 13:31:32,015 INFO: Processing audio with duration 00:01.750
2026-08-04 13:31:34,441 INFO: Processing audio with duration 00:01.750
2026-08-04 13:31:38,754 INFO: Processing audio with duration 00:01.750
2026-08-04 13:31:41,239 INFO: Processing audio with duration 00:01.750
2026-08-04 13:31:43,945 INFO: Processing audio with duration 00:02.000
2026-08-04 13:31:46,404 INFO: Processing audio with duration 00:01.750
2026-08-04 13:31:48,844 INFO: Processing audio with duration 00:01.750
2026-08-04 13:31:51,524 INFO: Processing audio with duration 00:02.000
2026-08-04 13:31:53,984 INFO: Processing audio with duration 00:01.750
2026-08-04 13:31:56,644 INFO: Processing audio with duration 00:02.000
2026-08-04 13:31:59,040 INFO: Processing audio with duration 00:01.750
2026-08-04 13:32:01,476 INFO: Processing audio with duration 00:01.750
2026-08-04 13:32:03,928 INFO: Processing audio with duration 00:01.750
2026-08-04 13:32:06,374 INFO: Processing audio with duration 00:01.750
2026-08-04 13:32:08,839 INFO: Processing audio with duration 00:01.750
2026-08-04 13:32:11,269 INFO: Processing audio with duration 00:01.750
2026-08-04 13:32:13,734 INFO: Processing audio with duration 00:01.750
2026-08-04 13:32:16,204 INFO: Processing audio with duration 00:01.750
2026-08-04 13:32:20,314 INFO: Processing audio with duration 00:02.000
2026-08-04 13:32:24,314 INFO: Processing audio with duration 00:03.250
2026-08-04 13:32:26,766 INFO: Processing audio with duration 00:01.750
2026-08-04 13:32:29,217 INFO: Processing audio with duration 00:01.750
2026-08-04 13:32:31,937 INFO: Processing audio with duration 00:02.000
2026-08-04 13:32:34,375 INFO: Processing audio with duration 00:01.750
2026-08-04 13:32:36,831 INFO: Processing audio with duration 00:01.750
2026-08-04 13:32:39,280 INFO: Processing audio with duration 00:01.750
2026-08-04 13:32:41,705 INFO: Processing audio with duration 00:01.750
2026-08-04 13:32:44,186 INFO: Processing audio with duration 00:01.750
2026-08-04 13:32:48,423 INFO: Processing audio with duration 00:02.000
2026-08-04 13:32:50,868 INFO: Processing audio with duration 00:01.750
2026-08-04 13:32:53,348 INFO: Processing audio with duration 00:01.750
2026-08-04 13:32:57,441 INFO: Processing audio with duration 00:01.750
2026-08-04 13:32:59,898 INFO: Processing audio with duration 00:01.750
2026-08-04 13:33:02,351 INFO: Processing audio with duration 00:01.750
2026-08-04 13:33:04,794 INFO: Processing audio with duration 00:01.750
2026-08-04 13:33:07,538 INFO: Processing audio with duration 00:02.000
2026-08-04 13:33:09,983 INFO: Processing audio with duration 00:01.750
2026-08-04 13:33:12,441 INFO: Processing audio with duration 00:01.750
2026-08-04 13:33:14,914 INFO: Processing audio with duration 00:01.750
2026-08-04 13:33:17,371 INFO: Processing audio with duration 00:01.750
2026-08-04 13:33:21,980 INFO: Processing audio with duration 00:01.750
2026-08-04 13:33:24,718 INFO: Processing audio with duration 00:02.000
2026-08-04 13:33:27,168 INFO: Processing audio with duration 00:01.750
2026-08-04 13:33:29,891 INFO: Processing audio with duration 00:02.000
2026-08-04 13:33:32,328 INFO: Processing audio with duration 00:01.750
2026-08-04 13:33:34,798 INFO: Processing audio with duration 00:01.750
2026-08-04 13:33:39,208 INFO: Processing audio with duration 00:02.000
2026-08-04 13:33:41,922 INFO: Processing audio with duration 00:02.000
2026-08-04 13:33:44,347 INFO: Processing audio with duration 00:01.750
2026-08-04 13:33:46,789 INFO: Processing audio with duration 00:01.750
2026-08-04 13:33:49,279 INFO: Processing audio with duration 00:01.750
2026-08-04 13:33:50,537 ERROR: Error during audio capture
Traceback (most recent call last):
  File "C:\Users\kumar\roha-ai\app\microphone.py", line 71, in record_wake_audio
    block, overflowed = stream.read(block_size)
                        ^^^^^^^^^^^^^^^^^^^^^^^
  File "C:\Users\kumar\roha-ai\.venv\Lib\site-packages\sounddevice.py", line 1492, in read
    data, overflowed = _InputStreamBase._raw_read(self, frames)
                       ^^^^^^^^^^^^^^^^^^^^^^^^^^^^^^^^^^^^^^^^
  File "C:\Users\kumar\roha-ai\.venv\Lib\site-packages\sounddevice.py", line 1217, in _raw_read
    _check(err)
  File "C:\Users\kumar\roha-ai\.venv\Lib\site-packages\sounddevice.py", line 2836, in _check
    raise PortAudioError(errormsg, err, hosterror_info)
sounddevice.PortAudioError: Unanticipated host error [PaErrorCode -9999]: 'There is no driver installed on your system.' [MME error 6]
2026-08-04 13:33:50,590 INFO: Processing audio with duration 00:00.500
2026-08-04 13:33:55,739 INFO: Processing audio with duration 00:02.000
2026-08-04 13:33:58,137 INFO: Processing audio with duration 00:01.750
2026-08-04 13:34:00,564 INFO: Processing audio with duration 00:01.750
2026-08-04 13:34:02,932 INFO: Processing audio with duration 00:01.750
2026-08-04 15:04:44,534 INFO: Processing audio with duration 00:01.750
2026-08-04 15:04:47,569 INFO: Processing audio with duration 00:01.750
2026-08-04 15:04:50,260 INFO: Processing audio with duration 00:02.000
2026-08-04 15:04:52,677 INFO: Processing audio with duration 00:01.750
2026-08-04 15:04:55,096 INFO: Processing audio with duration 00:01.750
2026-08-04 15:04:57,493 INFO: Processing audio with duration 00:01.750
2026-08-04 15:05:00,148 INFO: Processing audio with duration 00:02.000
2026-08-04 15:05:02,830 INFO: Processing audio with duration 00:02.000
2026-08-04 15:05:05,234 INFO: Processing audio with duration 00:01.750
2026-08-04 15:05:07,853 INFO: Processing audio with duration 00:02.000
2026-08-04 15:05:10,266 INFO: Processing audio with duration 00:01.750
2026-08-04 15:05:12,660 INFO: Processing audio with duration 00:01.750
2026-08-04 15:05:15,024 INFO: Processing audio with duration 00:01.750
2026-08-04 15:05:17,668 INFO: Processing audio with duration 00:02.000
2026-08-04 15:05:20,063 INFO: Processing audio with duration 00:01.750
2026-08-04 15:05:22,425 INFO: Processing audio with duration 00:01.750
2026-08-04 15:05:24,803 INFO: Processing audio with duration 00:01.750
2026-08-04 15:05:27,168 INFO: Processing audio with duration 00:01.750
2026-08-04 15:05:29,774 INFO: Processing audio with duration 00:02.000
2026-08-04 15:05:32,189 INFO: Processing audio with duration 00:01.750
2026-08-04 15:05:34,564 INFO: Processing audio with duration 00:01.750
2026-08-04 15:05:36,929 INFO: Processing audio with duration 00:01.750
2026-08-04 15:05:39,286 INFO: Processing audio with duration 00:01.750
2026-08-04 15:05:41,655 INFO: Processing audio with duration 00:01.750
2026-08-04 15:05:44,266 INFO: Processing audio with duration 00:02.000
2026-08-04 15:05:46,715 INFO: Processing audio with duration 00:01.750
2026-08-04 15:05:49,086 INFO: Processing audio with duration 00:01.750
2026-08-04 15:05:51,470 INFO: Processing audio with duration 00:01.750
2026-08-04 15:05:54,099 INFO: Processing audio with duration 00:02.000
2026-08-04 15:05:56,759 INFO: Processing audio with duration 00:02.000
2026-08-04 15:05:59,175 INFO: Processing audio with duration 00:01.750
2026-08-04 15:06:01,558 INFO: Processing audio with duration 00:01.750
2026-08-04 15:06:03,932 INFO: Processing audio with duration 00:01.750
2026-08-04 15:06:06,308 INFO: Processing audio with duration 00:01.750
2026-08-04 15:06:08,685 INFO: Processing audio with duration 00:01.750
2026-08-04 15:06:11,308 INFO: Processing audio with duration 00:02.000
2026-08-04 15:06:13,958 INFO: Processing audio with duration 00:02.000
2026-08-04 15:06:16,368 INFO: Processing audio with duration 00:01.750
2026-08-04 15:06:18,749 INFO: Processing audio with duration 00:01.750
2026-08-04 15:06:21,115 INFO: Processing audio with duration 00:01.750
2026-08-04 15:06:23,489 INFO: Processing audio with duration 00:01.750
2026-08-04 15:06:25,846 INFO: Processing audio with duration 00:01.750
2026-08-04 15:06:28,220 INFO: Processing audio with duration 00:01.750
2026-08-04 15:06:30,840 INFO: Processing audio with duration 00:02.000
2026-08-04 15:06:33,228 INFO: Processing audio with duration 00:01.750
2026-08-04 15:06:35,597 INFO: Processing audio with duration 00:01.750
2026-08-04 15:06:37,982 INFO: Processing audio with duration 00:01.750
2026-08-04 15:06:40,359 INFO: Processing audio with duration 00:01.750
2026-08-04 15:06:43,000 INFO: Processing audio with duration 00:02.000
2026-08-04 15:06:45,657 INFO: Processing audio with duration 00:02.000
2026-08-04 15:06:48,302 INFO: Processing audio with duration 00:02.000
2026-08-04 15:06:50,707 INFO: Processing audio with duration 00:01.750
2026-08-04 15:06:53,080 INFO: Processing audio with duration 00:01.750
2026-08-04 15:06:55,439 INFO: Processing audio with duration 00:01.750
2026-08-04 15:06:57,804 INFO: Processing audio with duration 00:01.750
2026-08-04 15:07:00,168 INFO: Processing audio with duration 00:01.750
2026-08-04 15:07:02,551 INFO: Processing audio with duration 00:01.750
2026-08-04 15:07:04,908 INFO: Processing audio with duration 00:01.750
2026-08-04 15:07:07,278 INFO: Processing audio with duration 00:01.750
2026-08-04 15:07:09,640 INFO: Processing audio with duration 00:01.750
2026-08-04 15:07:12,038 INFO: Processing audio with duration 00:01.750
2026-08-04 15:07:14,662 INFO: Processing audio with duration 00:02.000
2026-08-04 15:07:17,053 INFO: Processing audio with duration 00:01.750
2026-08-04 15:07:19,674 INFO: Processing audio with duration 00:02.000
2026-08-04 15:07:22,333 INFO: Processing audio with duration 00:02.000
2026-08-04 15:07:24,969 INFO: Processing audio with duration 00:02.000
2026-08-04 15:07:27,361 INFO: Processing audio with duration 00:01.750
2026-08-04 15:07:29,720 INFO: Processing audio with duration 00:01.750
2026-08-04 15:07:32,332 INFO: Processing audio with duration 00:02.000
2026-08-04 15:07:34,717 INFO: Processing audio with duration 00:01.750
2026-08-04 15:07:37,112 INFO: Processing audio with duration 00:01.750
2026-08-04 15:07:39,477 INFO: Processing audio with duration 00:01.750
2026-08-04 15:07:42,093 INFO: Processing audio with duration 00:02.000
2026-08-04 15:07:44,481 INFO: Processing audio with duration 00:01.750
2026-08-04 15:07:46,859 INFO: Processing audio with duration 00:01.750
2026-08-04 15:07:49,488 INFO: Processing audio with duration 00:02.000
2026-08-04 15:07:51,884 INFO: Processing audio with duration 00:01.750
2026-08-04 15:07:54,264 INFO: Processing audio with duration 00:01.750
2026-08-04 15:07:56,626 INFO: Processing audio with duration 00:01.750
2026-08-04 15:07:59,253 INFO: Processing audio with duration 00:02.000
2026-08-04 15:08:01,707 INFO: Processing audio with duration 00:01.750
2026-08-04 15:08:04,324 INFO: Processing audio with duration 00:02.000
2026-08-04 15:08:06,716 INFO: Processing audio with duration 00:01.750
2026-08-04 15:08:09,084 INFO: Processing audio with duration 00:01.750
2026-08-04 15:08:11,694 INFO: Processing audio with duration 00:02.000
2026-08-04 15:08:14,092 INFO: Processing audio with duration 00:01.750
2026-08-04 15:08:16,536 INFO: Processing audio with duration 00:01.750
2026-08-04 15:08:18,926 INFO: Processing audio with duration 00:01.750
2026-08-04 15:08:21,546 INFO: Processing audio with duration 00:02.000
2026-08-04 15:08:23,942 INFO: Processing audio with duration 00:01.750
2026-08-04 15:08:26,590 INFO: Processing audio with duration 00:02.000
2026-08-04 15:08:29,075 INFO: Processing audio with duration 00:01.750
2026-08-04 15:08:31,704 INFO: Processing audio with duration 00:02.000
2026-08-04 15:08:34,133 INFO: Processing audio with duration 00:01.750
2026-08-04 15:08:36,496 INFO: Processing audio with duration 00:01.750
2026-08-04 15:08:38,863 INFO: Processing audio with duration 00:01.750
2026-08-04 15:08:41,224 INFO: Processing audio with duration 00:01.750
2026-08-04 15:08:43,590 INFO: Processing audio with duration 00:01.750
2026-08-04 15:08:45,958 INFO: Processing audio with duration 00:01.750
2026-08-04 15:08:48,443 INFO: Processing audio with duration 00:01.750
2026-08-04 15:08:50,880 INFO: Processing audio with duration 00:01.750
2026-08-04 15:08:53,520 INFO: Processing audio with duration 00:02.000
2026-08-04 15:08:55,924 INFO: Processing audio with duration 00:01.750
2026-08-04 15:08:58,565 INFO: Processing audio with duration 00:02.000
2026-08-04 15:09:02,058 INFO: Processing audio with duration 00:02.000
2026-08-04 15:09:05,401 INFO: Processing audio with duration 00:01.750
2026-08-04 15:09:07,811 INFO: Processing audio with duration 00:01.750
2026-08-04 15:09:10,340 INFO: Processing audio with duration 00:01.750
2026-08-04 15:09:12,755 INFO: Processing audio with duration 00:01.750
2026-08-04 15:09:15,170 INFO: Processing audio with duration 00:01.750
2026-08-04 15:09:17,820 INFO: Processing audio with duration 00:02.000
2026-08-04 15:09:20,230 INFO: Processing audio with duration 00:01.750
2026-08-04 15:09:22,865 INFO: Processing audio with duration 00:02.000
2026-08-04 15:09:25,950 INFO: Processing audio with duration 00:01.750
2026-08-04 15:09:28,382 INFO: Processing audio with duration 00:01.750
2026-08-04 15:09:30,805 INFO: Processing audio with duration 00:01.750
2026-08-04 15:09:33,458 INFO: Processing audio with duration 00:02.000
2026-08-04 15:09:36,149 INFO: Processing audio with duration 00:02.000
2026-08-04 15:09:38,944 INFO: Processing audio with duration 00:02.000
2026-08-04 15:09:41,394 INFO: Processing audio with duration 00:01.750
2026-08-04 15:09:43,787 INFO: Processing audio with duration 00:01.750
2026-08-04 15:09:46,430 INFO: Processing audio with duration 00:02.000
2026-08-04 15:09:49,229 INFO: Processing audio with duration 00:02.000
2026-08-04 15:09:51,930 INFO: Processing audio with duration 00:02.000
2026-08-04 15:09:54,597 INFO: Processing audio with duration 00:02.000
2026-08-04 15:09:57,027 INFO: Processing audio with duration 00:01.750
2026-08-04 15:09:59,679 INFO: Processing audio with duration 00:02.000
2026-08-04 15:10:02,099 INFO: Processing audio with duration 00:01.750
2026-08-04 15:10:04,491 INFO: Processing audio with duration 00:01.750
2026-08-04 15:10:07,149 INFO: Processing audio with duration 00:02.000
2026-08-04 15:10:09,818 INFO: Processing audio with duration 00:02.000
2026-08-04 15:10:12,535 INFO: Processing audio with duration 00:02.000
2026-08-04 15:10:15,007 INFO: Processing audio with duration 00:01.750
2026-08-04 15:10:17,664 INFO: Processing audio with duration 00:02.000
2026-08-04 15:10:20,068 INFO: Processing audio with duration 00:01.750
2026-08-04 15:10:22,434 INFO: Processing audio with duration 00:01.750
2026-08-04 15:10:25,064 INFO: Processing audio with duration 00:02.000
2026-08-04 15:10:27,481 INFO: Processing audio with duration 00:01.750
2026-08-04 15:10:29,868 INFO: Processing audio with duration 00:01.750
2026-08-04 15:10:32,246 INFO: Processing audio with duration 00:01.750
2026-08-04 15:10:34,872 INFO: Processing audio with duration 00:02.000
2026-08-04 15:10:37,314 INFO: Processing audio with duration 00:01.750
2026-08-04 15:10:39,688 INFO: Processing audio with duration 00:01.750
2026-08-04 15:10:42,088 INFO: Processing audio with duration 00:01.750
2026-08-04 15:10:44,473 INFO: Processing audio with duration 00:01.750
2026-08-04 15:10:46,897 INFO: Processing audio with duration 00:01.750
2026-08-04 15:10:49,528 INFO: Processing audio with duration 00:02.000
2026-08-04 15:10:52,178 INFO: Processing audio with duration 00:02.000
2026-08-04 15:10:54,598 INFO: Processing audio with duration 00:01.750
2026-08-04 15:10:56,978 INFO: Processing audio with duration 00:01.750
2026-08-04 15:10:59,367 INFO: Processing audio with duration 00:01.750
2026-08-04 15:11:01,735 INFO: Processing audio with duration 00:01.750
2026-08-04 15:11:04,357 INFO: Processing audio with duration 00:02.000
2026-08-04 15:11:06,991 INFO: Processing audio with duration 00:02.000
2026-08-04 15:11:09,388 INFO: Processing audio with duration 00:01.750
2026-08-04 15:11:11,752 INFO: Processing audio with duration 00:01.750
2026-08-04 15:11:14,120 INFO: Processing audio with duration 00:01.750
2026-08-04 15:11:16,491 INFO: Processing audio with duration 00:01.750
2026-08-04 15:11:18,853 INFO: Processing audio with duration 00:01.750
2026-08-04 15:11:21,219 INFO: Processing audio with duration 00:01.750
2026-08-04 15:11:23,850 INFO: Processing audio with duration 00:02.000
2026-08-04 15:11:26,251 INFO: Processing audio with duration 00:01.750
2026-08-04 15:11:28,641 INFO: Processing audio with duration 00:01.750
2026-08-04 15:11:31,016 INFO: Processing audio with duration 00:01.750
2026-08-04 15:11:33,409 INFO: Processing audio with duration 00:01.750
2026-08-04 15:11:35,786 INFO: Processing audio with duration 00:01.750
2026-08-04 15:11:38,166 INFO: Processing audio with duration 00:01.750
2026-08-04 15:11:40,533 INFO: Processing audio with duration 00:01.750
2026-08-04 15:11:42,893 INFO: Processing audio with duration 00:01.750
2026-08-04 15:11:45,247 INFO: Processing audio with duration 00:01.750
2026-08-04 15:11:47,623 INFO: Processing audio with duration 00:01.750
2026-08-04 15:11:50,254 INFO: Processing audio with duration 00:02.000
2026-08-04 15:11:52,666 INFO: Processing audio with duration 00:01.750
2026-08-04 15:11:55,298 INFO: Processing audio with duration 00:02.000
2026-08-04 15:11:57,681 INFO: Processing audio with duration 00:01.750
2026-08-04 15:12:00,044 INFO: Processing audio with duration 00:01.750
2026-08-04 15:12:02,408 INFO: Processing audio with duration 00:01.750
2026-08-04 15:12:04,778 INFO: Processing audio with duration 00:01.750
2026-08-04 15:12:07,424 INFO: Processing audio with duration 00:02.000
2026-08-04 15:12:09,820 INFO: Processing audio with duration 00:01.750
2026-08-04 15:12:12,186 INFO: Processing audio with duration 00:01.750
2026-08-04 15:12:14,551 INFO: Processing audio with duration 00:01.750
2026-08-04 15:12:17,186 INFO: Processing audio with duration 00:02.000
2026-08-04 15:12:19,577 INFO: Processing audio with duration 00:01.750
2026-08-04 15:12:22,201 INFO: Processing audio with duration 00:02.000
2026-08-04 15:12:24,847 INFO: Processing audio with duration 00:02.000
2026-08-04 15:12:27,240 INFO: Processing audio with duration 00:01.750
2026-08-04 15:12:29,604 INFO: Processing audio with duration 00:01.750
2026-08-04 15:12:32,234 INFO: Processing audio with duration 00:02.000
2026-08-04 15:12:34,869 INFO: Processing audio with duration 00:02.000
2026-08-04 15:12:37,256 INFO: Processing audio with duration 00:01.750
2026-08-04 15:12:39,630 INFO: Processing audio with duration 00:01.750
2026-08-04 15:12:42,240 INFO: Processing audio with duration 00:02.000
2026-08-04 15:12:44,878 INFO: Processing audio with duration 00:02.000
2026-08-04 15:12:47,277 INFO: Processing audio with duration 00:01.750
2026-08-04 15:12:49,891 INFO: Processing audio with duration 00:02.000
2026-08-04 15:12:52,570 INFO: Processing audio with duration 00:02.000
2026-08-04 15:12:55,031 INFO: Processing audio with duration 00:01.750
2026-08-04 15:12:57,399 INFO: Processing audio with duration 00:01.750
2026-08-04 15:13:00,013 INFO: Processing audio with duration 00:02.000
2026-08-04 15:13:02,409 INFO: Processing audio with duration 00:01.750
2026-08-04 15:13:04,795 INFO: Processing audio with duration 00:01.750
2026-08-04 15:13:07,166 INFO: Processing audio with duration 00:01.750
2026-08-04 15:13:09,804 INFO: Processing audio with duration 00:02.000
2026-08-04 15:13:12,224 INFO: Processing audio with duration 00:01.750
2026-08-04 15:13:14,611 INFO: Processing audio with duration 00:01.750
2026-08-04 15:13:16,973 INFO: Processing audio with duration 00:01.750
2026-08-04 15:13:19,355 INFO: Processing audio with duration 00:01.750
2026-08-04 15:13:21,732 INFO: Processing audio with duration 00:01.750
2026-08-04 15:13:24,110 INFO: Processing audio with duration 00:01.750
2026-08-04 15:13:26,729 INFO: Processing audio with duration 00:02.000
2026-08-04 15:13:29,121 INFO: Processing audio with duration 00:01.750
2026-08-04 15:13:31,748 INFO: Processing audio with duration 00:02.000
2026-08-04 15:13:34,165 INFO: Processing audio with duration 00:01.750
2026-08-04 15:13:36,518 INFO: Processing audio with duration 00:01.750
2026-08-04 15:13:38,889 INFO: Processing audio with duration 00:01.750
2026-08-04 15:13:41,500 INFO: Processing audio with duration 00:02.000
2026-08-04 15:13:43,915 INFO: Processing audio with duration 00:01.750
2026-08-04 15:13:46,321 INFO: Processing audio with duration 00:01.750
2026-08-04 15:13:48,934 INFO: Processing audio with duration 00:02.000
2026-08-04 15:13:51,331 INFO: Processing audio with duration 00:01.750
2026-08-04 15:13:53,707 INFO: Processing audio with duration 00:01.750
2026-08-04 15:13:56,068 INFO: Processing audio with duration 00:01.750
2026-08-04 15:13:58,434 INFO: Processing audio with duration 00:01.750
2026-08-04 15:14:00,812 INFO: Processing audio with duration 00:01.750
2026-08-04 15:14:03,199 INFO: Processing audio with duration 00:01.750
2026-08-04 15:14:05,811 INFO: Processing audio with duration 00:02.000
2026-08-04 15:14:08,233 INFO: Processing audio with duration 00:01.750
2026-08-04 15:14:10,603 INFO: Processing audio with duration 00:01.750
2026-08-04 15:14:12,974 INFO: Processing audio with duration 00:01.750
2026-08-04 15:14:15,335 INFO: Processing audio with duration 00:01.750
2026-08-04 15:14:17,697 INFO: Processing audio with duration 00:01.750
2026-08-04 15:14:20,083 INFO: Processing audio with duration 00:01.750
2026-08-04 15:14:22,442 INFO: Processing audio with duration 00:01.750
2026-08-04 15:14:24,821 INFO: Processing audio with duration 00:01.750
2026-08-04 15:14:27,193 INFO: Processing audio with duration 00:01.750
2026-08-04 15:14:29,819 INFO: Processing audio with duration 00:02.000
2026-08-04 15:14:32,258 INFO: Processing audio with duration 00:01.750
2026-08-04 15:14:34,881 INFO: Processing audio with duration 00:02.000
2026-08-04 15:14:37,302 INFO: Processing audio with duration 00:01.750
2026-08-04 15:14:39,689 INFO: Processing audio with duration 00:01.750
2026-08-04 15:14:42,072 INFO: Processing audio with duration 00:01.750
2026-08-04 15:14:44,704 INFO: Processing audio with duration 00:02.000
2026-08-04 15:14:47,377 INFO: Processing audio with duration 00:02.000
2026-08-04 15:14:49,798 INFO: Processing audio with duration 00:01.750
2026-08-04 15:14:52,177 INFO: Processing audio with duration 00:01.750
2026-08-04 15:14:54,809 INFO: Processing audio with duration 00:02.000
2026-08-04 15:14:57,217 INFO: Processing audio with duration 00:01.750
2026-08-04 15:14:59,828 INFO: Processing audio with duration 00:02.000
2026-08-04 15:15:02,483 INFO: Processing audio with duration 00:02.000
2026-08-04 15:15:05,157 INFO: Processing audio with duration 00:02.000
2026-08-04 15:15:07,839 INFO: Processing audio with duration 00:02.000
2026-08-04 15:15:10,486 INFO: Processing audio with duration 00:02.000
2026-08-04 15:15:12,895 INFO: Processing audio with duration 00:01.750
2026-08-04 15:15:15,267 INFO: Processing audio with duration 00:01.750
2026-08-04 15:15:17,645 INFO: Processing audio with duration 00:01.750
2026-08-04 15:15:20,008 INFO: Processing audio with duration 00:01.750
2026-08-04 15:15:22,369 INFO: Processing audio with duration 00:01.750
2026-08-04 15:15:24,737 INFO: Processing audio with duration 00:01.750
2026-08-04 15:15:27,350 INFO: Processing audio with duration 00:02.000
2026-08-04 15:15:29,759 INFO: Processing audio with duration 00:01.750
2026-08-04 15:15:32,418 INFO: Processing audio with duration 00:02.000
2026-08-04 15:15:34,817 INFO: Processing audio with duration 00:01.750
2026-08-04 15:15:37,185 INFO: Processing audio with duration 00:01.750
2026-08-04 15:15:39,806 INFO: Processing audio with duration 00:02.000
2026-08-04 15:15:42,237 INFO: Processing audio with duration 00:01.750
2026-08-04 15:15:44,593 INFO: Processing audio with duration 00:01.750
2026-08-04 15:15:47,221 INFO: Processing audio with duration 00:02.000
2026-08-04 15:15:49,860 INFO: Processing audio with duration 00:02.000
2026-08-04 15:15:52,260 INFO: Processing audio with duration 00:01.750
2026-08-04 15:15:54,634 INFO: Processing audio with duration 00:01.750
2026-08-04 15:15:57,023 INFO: Processing audio with duration 00:01.750
2026-08-04 15:15:59,640 INFO: Processing audio with duration 00:02.000
2026-08-04 15:16:02,048 INFO: Processing audio with duration 00:01.750
2026-08-04 15:16:04,407 INFO: Processing audio with duration 00:01.750
2026-08-04 15:16:06,774 INFO: Processing audio with duration 00:01.750
2026-08-04 15:16:09,148 INFO: Processing audio with duration 00:01.750
2026-08-04 15:16:11,785 INFO: Processing audio with duration 00:02.000
2026-08-04 15:16:14,185 INFO: Processing audio with duration 00:01.750
2026-08-04 15:16:16,811 INFO: Processing audio with duration 00:02.000
2026-08-04 15:16:19,464 INFO: Processing audio with duration 00:02.000
2026-08-04 15:16:22,127 INFO: Processing audio with duration 00:02.000
2026-08-04 15:16:24,530 INFO: Processing audio with duration 00:01.750
2026-08-04 15:16:26,889 INFO: Processing audio with duration 00:01.750
2026-08-04 15:16:29,509 INFO: Processing audio with duration 00:02.000
2026-08-04 15:16:31,923 INFO: Processing audio with duration 00:01.750
2026-08-04 15:16:34,295 INFO: Processing audio with duration 00:01.750
2026-08-04 15:16:36,665 INFO: Processing audio with duration 00:01.750
2026-08-04 15:16:39,028 INFO: Processing audio with duration 00:01.750
2026-08-04 15:16:41,383 INFO: Processing audio with duration 00:01.750
2026-08-04 15:16:43,759 INFO: Processing audio with duration 00:01.750
2026-08-04 15:16:46,125 INFO: Processing audio with duration 00:01.750
2026-08-04 15:16:48,493 INFO: Processing audio with duration 00:01.750
2026-08-04 15:16:50,878 INFO: Processing audio with duration 00:01.750
2026-08-04 15:16:53,259 INFO: Processing audio with duration 00:01.750
2026-08-04 15:16:55,877 INFO: Processing audio with duration 00:02.000
2026-08-04 15:16:58,307 INFO: Processing audio with duration 00:01.750
2026-08-04 15:17:00,695 INFO: Processing audio with duration 00:01.750
2026-08-04 15:17:03,065 INFO: Processing audio with duration 00:01.750
2026-08-04 15:17:05,430 INFO: Processing audio with duration 00:01.750
2026-08-04 15:17:07,785 INFO: Processing audio with duration 00:01.750
2026-08-04 15:17:10,163 INFO: Processing audio with duration 00:01.750
2026-08-04 15:17:12,540 INFO: Processing audio with duration 00:01.750
2026-08-04 15:17:15,167 INFO: Processing audio with duration 00:02.000
2026-08-04 15:17:17,858 INFO: Processing audio with duration 00:02.000
2026-08-04 15:17:20,270 INFO: Processing audio with duration 00:01.750
2026-08-04 15:17:22,637 INFO: Processing audio with duration 00:01.750
2026-08-04 15:17:25,017 INFO: Processing audio with duration 00:01.750
2026-08-04 15:17:27,392 INFO: Processing audio with duration 00:01.750
2026-08-04 15:17:29,774 INFO: Processing audio with duration 00:01.750
2026-08-04 15:17:32,160 INFO: Processing audio with duration 00:01.750
2026-08-04 15:17:34,537 INFO: Processing audio with duration 00:01.750
2026-08-04 15:17:36,902 INFO: Processing audio with duration 00:01.750
2026-08-04 15:17:39,519 INFO: Processing audio with duration 00:02.000
2026-08-04 15:17:41,954 INFO: Processing audio with duration 00:01.750
2026-08-04 15:17:44,323 INFO: Processing audio with duration 00:01.750
2026-08-04 15:17:46,944 INFO: Processing audio with duration 00:02.000
2026-08-04 15:17:49,343 INFO: Processing audio with duration 00:01.750
2026-08-04 15:17:51,947 INFO: Processing audio with duration 00:02.000
2026-08-04 15:17:54,350 INFO: Processing audio with duration 00:01.750
2026-08-04 15:17:56,712 INFO: Processing audio with duration 00:01.750
2026-08-04 15:17:59,069 INFO: Processing audio with duration 00:01.750
2026-08-04 15:18:01,436 INFO: Processing audio with duration 00:01.750
2026-08-04 15:18:04,082 INFO: Processing audio with duration 00:02.000
2026-08-04 15:18:06,481 INFO: Processing audio with duration 00:01.750
2026-08-04 15:18:08,874 INFO: Processing audio with duration 00:01.750
2026-08-04 15:18:11,248 INFO: Processing audio with duration 00:01.750
2026-08-04 15:18:13,619 INFO: Processing audio with duration 00:01.750
2026-08-04 15:18:15,988 INFO: Processing audio with duration 00:01.750
2026-08-04 15:18:18,341 INFO: Processing audio with duration 00:01.750
2026-08-04 15:18:20,958 INFO: Processing audio with duration 00:02.000
2026-08-04 15:18:23,355 INFO: Processing audio with duration 00:01.750
2026-08-04 15:18:25,730 INFO: Processing audio with duration 00:01.750
2026-08-04 15:18:28,126 INFO: Processing audio with duration 00:01.750
2026-08-04 15:18:30,505 INFO: Processing audio with duration 00:01.750
2026-08-04 15:18:32,902 INFO: Processing audio with duration 00:01.750
2026-08-04 15:18:35,279 INFO: Processing audio with duration 00:01.750
2026-08-04 15:18:37,636 INFO: Processing audio with duration 00:01.750
2026-08-04 15:18:40,252 INFO: Processing audio with duration 00:02.000
2026-08-04 15:18:42,655 INFO: Processing audio with duration 00:01.750
2026-08-04 15:18:45,018 INFO: Processing audio with duration 00:01.750
2026-08-04 15:18:47,648 INFO: Processing audio with duration 00:02.000
2026-08-04 15:18:50,304 INFO: Processing audio with duration 00:02.000
2026-08-04 15:18:52,703 INFO: Processing audio with duration 00:01.750
2026-08-04 15:18:55,325 INFO: Processing audio with duration 00:02.000
2026-08-04 15:18:58,014 INFO: Processing audio with duration 00:02.000
2026-08-04 15:19:00,682 INFO: Processing audio with duration 00:02.000
2026-08-04 15:19:03,088 INFO: Processing audio with duration 00:01.750
2026-08-04 15:19:05,452 INFO: Processing audio with duration 00:01.750
2026-08-04 15:19:07,821 INFO: Processing audio with duration 00:01.750
2026-08-04 15:19:10,177 INFO: Processing audio with duration 00:01.750
2026-08-04 15:19:12,807 INFO: Processing audio with duration 00:02.000
2026-08-04 15:19:15,197 INFO: Processing audio with duration 00:01.750
2026-08-04 15:19:17,570 INFO: Processing audio with duration 00:01.750
2026-08-04 15:19:20,199 INFO: Processing audio with duration 00:02.000
2026-08-04 15:19:22,861 INFO: Processing audio with duration 00:02.000
2026-08-04 15:19:25,255 INFO: Processing audio with duration 00:01.750
2026-08-04 15:19:27,888 INFO: Processing audio with duration 00:02.000
2026-08-04 15:19:30,561 INFO: Processing audio with duration 00:02.000
2026-08-04 15:19:33,205 INFO: Processing audio with duration 00:02.000
2026-08-04 15:19:35,875 INFO: Processing audio with duration 00:02.000
2026-08-04 15:19:38,275 INFO: Processing audio with duration 00:01.750
2026-08-04 15:19:40,646 INFO: Processing audio with duration 00:01.750
2026-08-04 15:19:43,018 INFO: Processing audio with duration 00:01.750
2026-08-04 15:19:45,394 INFO: Processing audio with duration 00:01.750
2026-08-04 15:19:47,787 INFO: Processing audio with duration 00:01.750
2026-08-04 15:19:50,153 INFO: Processing audio with duration 00:01.750
2026-08-04 15:19:52,520 INFO: Processing audio with duration 00:01.750
2026-08-04 15:19:55,132 INFO: Processing audio with duration 00:02.000
2026-08-04 15:19:57,784 INFO: Processing audio with duration 00:02.000
2026-08-04 15:20:00,181 INFO: Processing audio with duration 00:01.750
2026-08-04 15:20:02,571 INFO: Processing audio with duration 00:01.750
2026-08-04 15:20:04,935 INFO: Processing audio with duration 00:01.750
2026-08-04 15:20:07,298 INFO: Processing audio with duration 00:01.750
2026-08-04 15:20:09,672 INFO: Processing audio with duration 00:01.750
2026-08-04 15:20:12,314 INFO: Processing audio with duration 00:02.000
2026-08-04 15:20:14,963 INFO: Processing audio with duration 00:02.000
2026-08-04 15:20:17,369 INFO: Processing audio with duration 00:01.750
2026-08-04 15:20:19,739 INFO: Processing audio with duration 00:01.750
2026-08-04 15:20:22,092 INFO: Processing audio with duration 00:01.750
2026-08-04 15:20:24,462 INFO: Processing audio with duration 00:01.750
2026-08-04 15:20:26,826 INFO: Processing audio with duration 00:01.750
2026-08-04 15:20:29,180 INFO: Processing audio with duration 00:01.750
2026-08-04 15:20:31,788 INFO: Processing audio with duration 00:02.000
2026-08-04 15:20:34,184 INFO: Processing audio with duration 00:01.750
2026-08-04 15:20:36,553 INFO: Processing audio with duration 00:01.750
2026-08-04 15:20:38,926 INFO: Processing audio with duration 00:01.750
2026-08-04 15:20:41,568 INFO: Processing audio with duration 00:02.000
2026-08-04 15:20:43,980 INFO: Processing audio with duration 00:01.750
2026-08-04 15:20:46,358 INFO: Processing audio with duration 00:01.750
2026-08-04 15:20:48,971 INFO: Processing audio with duration 00:02.000
2026-08-04 15:20:51,634 INFO: Processing audio with duration 00:02.000
2026-08-04 15:20:54,039 INFO: Processing audio with duration 00:01.750
2026-08-04 15:20:56,667 INFO: Processing audio with duration 00:02.000
2026-08-04 15:20:59,088 INFO: Processing audio with duration 00:01.750
2026-08-04 15:21:01,487 INFO: Processing audio with duration 00:01.750
2026-08-04 15:21:03,849 INFO: Processing audio with duration 00:01.750
2026-08-04 15:21:06,218 INFO: Processing audio with duration 00:01.750
2026-08-04 15:21:08,858 INFO: Processing audio with duration 00:02.000
2026-08-04 15:21:11,252 INFO: Processing audio with duration 00:01.750
2026-08-04 15:21:13,627 INFO: Processing audio with duration 00:01.750
2026-08-04 15:21:16,240 INFO: Processing audio with duration 00:02.000
2026-08-04 15:21:18,647 INFO: Processing audio with duration 00:01.750
2026-08-04 15:21:20,998 INFO: Processing audio with duration 00:01.750
2026-08-04 15:21:23,379 INFO: Processing audio with duration 00:01.750
2026-08-04 15:21:25,741 INFO: Processing audio with duration 00:01.750
2026-08-04 15:21:28,108 INFO: Processing audio with duration 00:01.750
2026-08-04 15:21:30,475 INFO: Processing audio with duration 00:01.750
2026-08-04 15:21:32,845 INFO: Processing audio with duration 00:01.750
2026-08-04 15:21:35,199 INFO: Processing audio with duration 00:01.750
2026-08-04 15:21:37,560 INFO: Processing audio with duration 00:01.750
2026-08-04 15:21:39,931 INFO: Processing audio with duration 00:01.750
2026-08-04 15:21:42,567 INFO: Processing audio with duration 00:02.000
2026-08-04 15:21:44,953 INFO: Processing audio with duration 00:01.750
2026-08-04 15:21:47,321 INFO: Processing audio with duration 00:01.750
2026-08-04 15:21:49,715 INFO: Processing audio with duration 00:01.750
2026-08-04 15:21:52,079 INFO: Processing audio with duration 00:01.750
2026-08-04 15:21:54,454 INFO: Processing audio with duration 00:01.750
2026-08-04 15:21:56,825 INFO: Processing audio with duration 00:01.750
2026-08-04 15:21:59,449 INFO: Processing audio with duration 00:02.000
2026-08-04 15:22:01,837 INFO: Processing audio with duration 00:01.750
2026-08-04 15:22:04,194 INFO: Processing audio with duration 00:01.750
2026-08-04 15:22:06,806 INFO: Processing audio with duration 00:02.000
2026-08-04 15:22:09,454 INFO: Processing audio with duration 00:02.000
2026-08-04 15:22:11,856 INFO: Processing audio with duration 00:01.750
2026-08-04 15:22:14,244 INFO: Processing audio with duration 00:01.750
2026-08-04 15:22:16,620 INFO: Processing audio with duration 00:01.750
2026-08-04 15:22:18,979 INFO: Processing audio with duration 00:01.750
2026-08-04 15:22:21,371 INFO: Processing audio with duration 00:01.750
2026-08-04 15:22:23,738 INFO: Processing audio with duration 00:01.750
2026-08-04 15:22:26,109 INFO: Processing audio with duration 00:01.750
2026-08-04 15:22:28,483 INFO: Processing audio with duration 00:01.750
2026-08-04 15:22:30,859 INFO: Processing audio with duration 00:01.750
2026-08-04 15:22:33,493 INFO: Processing audio with duration 00:02.000
2026-08-04 15:22:35,904 INFO: Processing audio with duration 00:01.750
2026-08-04 15:22:38,293 INFO: Processing audio with duration 00:01.750
2026-08-04 15:22:40,675 INFO: Processing audio with duration 00:01.750
2026-08-04 15:22:43,054 INFO: Processing audio with duration 00:01.750
2026-08-04 15:22:45,413 INFO: Processing audio with duration 00:01.750
2026-08-04 15:22:48,055 INFO: Processing audio with duration 00:02.000
2026-08-04 15:22:50,713 INFO: Processing audio with duration 00:02.000
2026-08-04 15:22:53,127 INFO: Processing audio with duration 00:01.750
2026-08-04 15:22:55,735 INFO: Processing audio with duration 00:02.000
2026-08-04 15:22:58,143 INFO: Processing audio with duration 00:01.750
2026-08-04 15:23:00,769 INFO: Processing audio with duration 00:02.000
2026-08-04 15:23:03,409 INFO: Processing audio with duration 00:02.000
2026-08-04 15:23:06,083 INFO: Processing audio with duration 00:02.000
2026-08-04 15:23:08,491 INFO: Processing audio with duration 00:01.750
2026-08-04 15:23:10,886 INFO: Processing audio with duration 00:01.750
2026-08-04 15:23:13,262 INFO: Processing audio with duration 00:01.750
2026-08-04 15:23:15,646 INFO: Processing audio with duration 00:01.750
2026-08-04 15:23:18,024 INFO: Processing audio with duration 00:01.750
2026-08-04 15:23:20,394 INFO: Processing audio with duration 00:01.750
2026-08-04 15:23:23,031 INFO: Processing audio with duration 00:02.000
2026-08-04 15:23:25,447 INFO: Processing audio with duration 00:01.750
2026-08-04 15:23:27,825 INFO: Processing audio with duration 00:01.750
2026-08-04 15:23:30,189 INFO: Processing audio with duration 00:01.750
2026-08-04 15:23:32,575 INFO: Processing audio with duration 00:01.750
2026-08-04 15:23:34,964 INFO: Processing audio with duration 00:01.750
2026-08-04 15:23:37,337 INFO: Processing audio with duration 00:01.750
2026-08-04 15:23:39,704 INFO: Processing audio with duration 00:01.750
2026-08-04 15:23:42,069 INFO: Processing audio with duration 00:01.750
2026-08-04 15:23:44,456 INFO: Processing audio with duration 00:01.750
2026-08-04 15:23:47,093 INFO: Processing audio with duration 00:02.000
2026-08-04 15:23:49,512 INFO: Processing audio with duration 00:01.750
2026-08-04 15:23:51,889 INFO: Processing audio with duration 00:01.750
2026-08-04 15:23:54,519 INFO: Processing audio with duration 00:02.000
2026-08-04 15:23:57,206 INFO: Processing audio with duration 00:02.000
2026-08-04 15:23:59,626 INFO: Processing audio with duration 00:01.750
2026-08-04 15:24:01,992 INFO: Processing audio with duration 00:01.750
2026-08-04 15:24:04,359 INFO: Processing audio with duration 00:01.750
2026-08-04 15:24:06,728 INFO: Processing audio with duration 00:01.750
2026-08-04 15:24:09,092 INFO: Processing audio with duration 00:01.750
2026-08-04 15:24:11,481 INFO: Processing audio with duration 00:01.750
2026-08-04 15:24:14,099 INFO: Processing audio with duration 00:02.000
2026-08-04 15:24:16,508 INFO: Processing audio with duration 00:01.750
2026-08-04 15:24:19,146 INFO: Processing audio with duration 00:02.000
2026-08-04 15:24:21,597 INFO: Processing audio with duration 00:01.750
2026-08-04 15:24:24,221 INFO: Processing audio with duration 00:02.000
2026-08-04 15:24:26,648 INFO: Processing audio with duration 00:01.750
2026-08-04 15:24:29,018 INFO: Processing audio with duration 00:01.750
2026-08-04 15:24:31,629 INFO: Processing audio with duration 00:02.000
2026-08-04 15:24:34,297 INFO: Processing audio with duration 00:02.000
2026-08-04 15:24:36,696 INFO: Processing audio with duration 00:01.750
2026-08-04 15:24:39,068 INFO: Processing audio with duration 00:01.750
2026-08-04 15:24:41,435 INFO: Processing audio with duration 00:01.750
2026-08-04 15:24:43,808 INFO: Processing audio with duration 00:01.750
2026-08-04 15:24:46,173 INFO: Processing audio with duration 00:01.750
2026-08-04 15:24:48,803 INFO: Processing audio with duration 00:02.000
2026-08-04 15:24:51,486 INFO: Processing audio with duration 00:02.000
2026-08-04 15:24:53,883 INFO: Processing audio with duration 00:01.750
2026-08-04 15:24:56,493 INFO: Processing audio with duration 00:02.000
2026-08-04 15:24:58,890 INFO: Processing audio with duration 00:01.750
2026-08-04 15:25:01,267 INFO: Processing audio with duration 00:01.750
2026-08-04 15:25:03,898 INFO: Processing audio with duration 00:02.000
2026-08-04 15:25:06,313 INFO: Processing audio with duration 00:01.750
2026-08-04 15:25:08,942 INFO: Processing audio with duration 00:02.000
2026-08-04 15:25:11,592 INFO: Processing audio with duration 00:02.000
2026-08-04 15:25:14,006 INFO: Processing audio with duration 00:01.750
2026-08-04 15:25:16,638 INFO: Processing audio with duration 00:02.000
2026-08-04 15:25:19,043 INFO: Processing audio with duration 00:01.750
2026-08-04 15:25:21,424 INFO: Processing audio with duration 00:01.750
2026-08-04 15:25:23,789 INFO: Processing audio with duration 00:01.750
2026-08-04 15:25:26,399 INFO: Processing audio with duration 00:02.000
2026-08-04 15:25:29,067 INFO: Processing audio with duration 00:02.000
2026-08-04 15:25:31,484 INFO: Processing audio with duration 00:01.750
2026-08-04 15:25:34,115 INFO: Processing audio with duration 00:02.000
2026-08-04 15:25:36,529 INFO: Processing audio with duration 00:01.750
2026-08-04 15:25:38,895 INFO: Processing audio with duration 00:01.750
2026-08-04 15:25:41,276 INFO: Processing audio with duration 00:01.750
2026-08-04 15:25:43,641 INFO: Processing audio with duration 00:01.750
2026-08-04 15:25:46,272 INFO: Processing audio with duration 00:02.000
2026-08-04 15:25:48,665 INFO: Processing audio with duration 00:01.750
2026-08-04 15:25:51,043 INFO: Processing audio with duration 00:01.750
2026-08-04 15:25:53,416 INFO: Processing audio with duration 00:01.750
2026-08-04 15:25:56,049 INFO: Processing audio with duration 00:02.000
2026-08-04 15:25:58,464 INFO: Processing audio with duration 00:01.750
2026-08-04 15:26:00,839 INFO: Processing audio with duration 00:01.750
2026-08-04 15:26:03,464 INFO: Processing audio with duration 00:02.000
2026-08-04 15:26:05,877 INFO: Processing audio with duration 00:01.750
2026-08-04 15:26:08,250 INFO: Processing audio with duration 00:01.750
2026-08-04 15:26:10,620 INFO: Processing audio with duration 00:01.750
2026-08-04 15:26:13,225 INFO: Processing audio with duration 00:02.000
2026-08-04 15:26:15,868 INFO: Processing audio with duration 00:02.000
2026-08-04 15:26:18,270 INFO: Processing audio with duration 00:01.750
2026-08-04 15:26:20,895 INFO: Processing audio with duration 00:02.000
2026-08-04 15:26:23,305 INFO: Processing audio with duration 00:01.750
2026-08-04 15:26:25,684 INFO: Processing audio with duration 00:01.750
2026-08-04 15:26:28,048 INFO: Processing audio with duration 00:01.750
2026-08-04 15:26:30,419 INFO: Processing audio with duration 00:01.750
2026-08-04 15:26:33,036 INFO: Processing audio with duration 00:02.000
2026-08-04 15:26:35,451 INFO: Processing audio with duration 00:01.750
2026-08-04 15:26:37,822 INFO: Processing audio with duration 00:01.750
2026-08-04 15:26:40,188 INFO: Processing audio with duration 00:01.750
2026-08-04 15:26:42,565 INFO: Processing audio with duration 00:01.750
2026-08-04 15:26:44,952 INFO: Processing audio with duration 00:01.750
2026-08-04 15:26:47,325 INFO: Processing audio with duration 00:01.750
2026-08-04 15:26:49,709 INFO: Processing audio with duration 00:01.750
2026-08-04 15:26:52,079 INFO: Processing audio with duration 00:01.750
2026-08-04 15:26:54,701 INFO: Processing audio with duration 00:02.000
2026-08-04 15:26:57,348 INFO: Processing audio with duration 00:02.000
2026-08-04 15:26:59,998 INFO: Processing audio with duration 00:02.000
2026-08-04 15:27:02,641 INFO: Processing audio with duration 00:02.000
2026-08-04 15:27:05,037 INFO: Processing audio with duration 00:01.750
2026-08-04 15:27:07,403 INFO: Processing audio with duration 00:01.750
2026-08-04 15:27:09,777 INFO: Processing audio with duration 00:01.750
2026-08-04 15:27:12,146 INFO: Processing audio with duration 00:01.750
2026-08-04 15:27:14,750 INFO: Processing audio with duration 00:02.000
2026-08-04 15:27:17,156 INFO: Processing audio with duration 00:01.750
2026-08-04 15:27:19,523 INFO: Processing audio with duration 00:01.750
2026-08-04 15:27:21,899 INFO: Processing audio with duration 00:01.750
2026-08-04 15:27:24,519 INFO: Processing audio with duration 00:02.000
2026-08-04 15:27:26,909 INFO: Processing audio with duration 00:01.750
2026-08-04 15:27:29,286 INFO: Processing audio with duration 00:01.750
2026-08-04 15:27:31,895 INFO: Processing audio with duration 00:02.000
2026-08-04 15:27:34,293 INFO: Processing audio with duration 00:01.750
2026-08-04 15:27:36,668 INFO: Processing audio with duration 00:01.750
2026-08-04 15:27:39,042 INFO: Processing audio with duration 00:01.750
2026-08-04 15:27:41,423 INFO: Processing audio with duration 00:01.750
2026-08-04 15:27:43,805 INFO: Processing audio with duration 00:01.750
2026-08-04 15:27:46,424 INFO: Processing audio with duration 00:02.000
2026-08-04 15:27:48,831 INFO: Processing audio with duration 00:01.750
2026-08-04 15:27:51,227 INFO: Processing audio with duration 00:01.750
2026-08-04 15:27:53,594 INFO: Processing audio with duration 00:01.750
2026-08-04 15:27:55,962 INFO: Processing audio with duration 00:01.750
2026-08-04 15:27:58,583 INFO: Processing audio with duration 00:02.000
2026-08-04 15:28:00,985 INFO: Processing audio with duration 00:01.750
2026-08-04 15:28:03,357 INFO: Processing audio with duration 00:01.750
2026-08-04 15:28:05,715 INFO: Processing audio with duration 00:01.750
2026-08-04 15:28:08,367 INFO: Processing audio with duration 00:02.000
2026-08-04 15:28:10,812 INFO: Processing audio with duration 00:01.750
2026-08-04 15:28:13,189 INFO: Processing audio with duration 00:01.750
2026-08-04 15:28:15,553 INFO: Processing audio with duration 00:01.750
2026-08-04 15:28:17,927 INFO: Processing audio with duration 00:01.750
2026-08-04 15:28:20,548 INFO: Processing audio with duration 00:02.000
2026-08-04 15:28:23,190 INFO: Processing audio with duration 00:02.000
2026-08-04 15:28:25,611 INFO: Processing audio with duration 00:01.750
2026-08-04 15:28:27,972 INFO: Processing audio with duration 00:01.750
2026-08-04 15:28:30,337 INFO: Processing audio with duration 00:01.750
2026-08-04 15:28:32,706 INFO: Processing audio with duration 00:01.750
2026-08-04 15:28:35,328 INFO: Processing audio with duration 00:02.000
2026-08-04 15:28:37,733 INFO: Processing audio with duration 00:01.750
2026-08-04 15:28:40,134 INFO: Processing audio with duration 00:01.750
2026-08-04 15:28:42,769 INFO: Processing audio with duration 00:02.000
2026-08-04 15:28:45,182 INFO: Processing audio with duration 00:01.750
2026-08-04 15:28:47,808 INFO: Processing audio with duration 00:02.000
2026-08-04 15:28:50,208 INFO: Processing audio with duration 00:01.750
2026-08-04 15:28:52,583 INFO: Processing audio with duration 00:01.750
2026-08-04 15:28:55,195 INFO: Processing audio with duration 00:02.000
2026-08-04 15:28:57,583 INFO: Processing audio with duration 00:01.750
2026-08-04 15:28:59,957 INFO: Processing audio with duration 00:01.750
2026-08-04 15:29:02,340 INFO: Processing audio with duration 00:01.750
2026-08-04 15:29:04,701 INFO: Processing audio with duration 00:01.750
2026-08-04 15:29:07,346 INFO: Processing audio with duration 00:02.000
2026-08-04 15:29:09,761 INFO: Processing audio with duration 00:01.750
2026-08-04 15:29:12,135 INFO: Processing audio with duration 00:01.750
2026-08-04 15:29:14,499 INFO: Processing audio with duration 00:01.750
2026-08-04 15:29:16,878 INFO: Processing audio with duration 00:01.750
2026-08-04 15:29:19,256 INFO: Processing audio with duration 00:01.750
2026-08-04 15:29:21,616 INFO: Processing audio with duration 00:01.750
2026-08-04 15:29:23,984 INFO: Processing audio with duration 00:01.750
2026-08-04 15:29:26,362 INFO: Processing audio with duration 00:01.750
2026-08-04 15:29:28,731 INFO: Processing audio with duration 00:01.750
2026-08-04 15:29:31,104 INFO: Processing audio with duration 00:01.750
2026-08-04 15:29:33,474 INFO: Processing audio with duration 00:01.750
2026-08-04 15:29:35,858 INFO: Processing audio with duration 00:01.750
2026-08-04 15:29:38,476 INFO: Processing audio with duration 00:02.000
2026-08-04 15:29:40,873 INFO: Processing audio with duration 00:01.750
2026-08-04 15:29:43,258 INFO: Processing audio with duration 00:01.750
2026-08-04 15:29:45,867 INFO: Processing audio with duration 00:02.000
2026-08-04 15:29:48,282 INFO: Processing audio with duration 00:01.750
2026-08-04 15:29:50,645 INFO: Processing audio with duration 00:01.750
2026-08-04 15:29:53,016 INFO: Processing audio with duration 00:01.750
2026-08-04 15:29:55,386 INFO: Processing audio with duration 00:01.750
2026-08-04 15:29:57,989 INFO: Processing audio with duration 00:02.000
2026-08-04 15:30:00,630 INFO: Processing audio with duration 00:02.000
2026-08-04 15:30:03,026 INFO: Processing audio with duration 00:01.750
2026-08-04 15:30:05,399 INFO: Processing audio with duration 00:01.750
2026-08-04 15:30:07,764 INFO: Processing audio with duration 00:01.750
2026-08-04 15:30:10,144 INFO: Processing audio with duration 00:01.750
2026-08-04 15:30:12,537 INFO: Processing audio with duration 00:01.750
2026-08-04 15:30:14,928 INFO: Processing audio with duration 00:01.750
2026-08-04 15:30:17,548 INFO: Processing audio with duration 00:02.000
2026-08-04 15:30:19,961 INFO: Processing audio with duration 00:01.750
2026-08-04 15:30:22,577 INFO: Processing audio with duration 00:02.000
2026-08-04 15:30:24,984 INFO: Processing audio with duration 00:01.750
2026-08-04 15:30:27,357 INFO: Processing audio with duration 00:01.750
2026-08-04 15:30:29,735 INFO: Processing audio with duration 00:01.750
2026-08-04 15:30:32,099 INFO: Processing audio with duration 00:01.750
2026-08-04 15:30:34,465 INFO: Processing audio with duration 00:01.750
2026-08-04 15:30:36,849 INFO: Processing audio with duration 00:01.750
2026-08-04 15:30:39,224 INFO: Processing audio with duration 00:01.750
2026-08-04 15:30:41,597 INFO: Processing audio with duration 00:01.750
2026-08-04 15:30:43,957 INFO: Processing audio with duration 00:01.750
2026-08-04 15:30:46,325 INFO: Processing audio with duration 00:01.750
2026-08-04 15:30:48,697 INFO: Processing audio with duration 00:01.750
2026-08-04 15:30:51,073 INFO: Processing audio with duration 00:01.750
2026-08-04 15:30:53,694 INFO: Processing audio with duration 00:02.000
2026-08-04 15:30:56,097 INFO: Processing audio with duration 00:01.750
2026-08-04 15:30:58,477 INFO: Processing audio with duration 00:01.750
2026-08-04 15:31:00,885 INFO: Processing audio with duration 00:01.750
2026-08-04 15:31:03,502 INFO: Processing audio with duration 00:02.000
2026-08-04 15:31:05,916 INFO: Processing audio with duration 00:01.750
2026-08-04 15:31:08,294 INFO: Processing audio with duration 00:01.750
2026-08-04 15:31:10,659 INFO: Processing audio with duration 00:01.750
2026-08-04 15:31:13,021 INFO: Processing audio with duration 00:01.750
2026-08-04 15:31:15,399 INFO: Processing audio with duration 00:01.750
2026-08-04 15:31:17,773 INFO: Processing audio with duration 00:01.750
2026-08-04 15:31:20,136 INFO: Processing audio with duration 00:01.750
2026-08-04 15:31:22,509 INFO: Processing audio with duration 00:01.750
2026-08-04 15:31:25,116 INFO: Processing audio with duration 00:02.000
2026-08-04 15:31:27,514 INFO: Processing audio with duration 00:01.750
2026-08-04 15:31:29,873 INFO: Processing audio with duration 00:01.750
2026-08-04 15:31:32,497 INFO: Processing audio with duration 00:02.000
2026-08-04 15:31:35,143 INFO: Processing audio with duration 00:02.000
2026-08-04 15:31:37,804 INFO: Processing audio with duration 00:02.000
2026-08-04 15:31:40,207 INFO: Processing audio with duration 00:01.750
2026-08-04 15:31:42,820 INFO: Processing audio with duration 00:02.000
2026-08-04 15:31:45,228 INFO: Processing audio with duration 00:01.750
2026-08-04 15:31:47,596 INFO: Processing audio with duration 00:01.750
2026-08-04 15:31:49,971 INFO: Processing audio with duration 00:01.750
2026-08-04 15:31:52,336 INFO: Processing audio with duration 00:01.750
2026-08-04 15:31:54,704 INFO: Processing audio with duration 00:01.750
2026-08-04 15:31:57,103 INFO: Processing audio with duration 00:01.750
2026-08-04 15:31:59,730 INFO: Processing audio with duration 00:02.000
2026-08-04 15:32:02,136 INFO: Processing audio with duration 00:01.750
2026-08-04 15:32:04,491 INFO: Processing audio with duration 00:01.750
2026-08-04 15:32:06,863 INFO: Processing audio with duration 00:01.750
2026-08-04 15:32:09,225 INFO: Processing audio with duration 00:01.750
2026-08-04 15:32:11,611 INFO: Processing audio with duration 00:01.750
2026-08-04 15:32:14,228 INFO: Processing audio with duration 00:02.000
2026-08-04 15:32:16,636 INFO: Processing audio with duration 00:01.750
2026-08-04 15:32:19,001 INFO: Processing audio with duration 00:01.750
2026-08-04 15:32:21,369 INFO: Processing audio with duration 00:01.750
2026-08-04 15:32:23,727 INFO: Processing audio with duration 00:01.750
2026-08-04 15:32:26,338 INFO: Processing audio with duration 00:02.000
2026-08-04 15:32:28,776 INFO: Processing audio with duration 00:01.750
2026-08-04 15:32:31,389 INFO: Processing audio with duration 00:02.000
2026-08-04 15:32:34,050 INFO: Processing audio with duration 00:02.000
2026-08-04 15:32:36,460 INFO: Processing audio with duration 00:01.750
2026-08-04 15:32:38,847 INFO: Processing audio with duration 00:01.750
2026-08-04 15:32:41,210 INFO: Processing audio with duration 00:01.750
2026-08-04 15:32:43,835 INFO: Processing audio with duration 00:02.000
2026-08-04 15:32:46,234 INFO: Processing audio with duration 00:01.750
2026-08-04 15:32:48,608 INFO: Processing audio with duration 00:01.750
2026-08-04 15:32:51,248 INFO: Processing audio with duration 00:02.000
2026-08-04 15:32:53,649 INFO: Processing audio with duration 00:01.750
2026-08-04 15:32:56,012 INFO: Processing audio with duration 00:01.750
2026-08-04 15:32:58,369 INFO: Processing audio with duration 00:01.750
2026-08-04 15:33:00,990 INFO: Processing audio with duration 00:02.000
2026-08-04 15:33:03,398 INFO: Processing audio with duration 00:01.750
2026-08-04 15:33:06,005 INFO: Processing audio with duration 00:02.000
2026-08-04 15:33:08,432 INFO: Processing audio with duration 00:01.750
2026-08-04 15:33:10,796 INFO: Processing audio with duration 00:01.750
2026-08-04 15:33:13,174 INFO: Processing audio with duration 00:01.750
2026-08-04 15:33:15,547 INFO: Processing audio with duration 00:01.750
2026-08-04 15:33:17,958 INFO: Processing audio with duration 00:01.750
2026-08-04 15:33:20,329 INFO: Processing audio with duration 00:01.750
2026-08-04 15:33:22,952 INFO: Processing audio with duration 00:02.000
2026-08-04 15:33:25,355 INFO: Processing audio with duration 00:01.750
2026-08-04 15:33:27,726 INFO: Processing audio with duration 00:01.750
2026-08-04 15:33:30,097 INFO: Processing audio with duration 00:01.750
2026-08-04 15:33:32,706 INFO: Processing audio with duration 00:02.000
2026-08-04 15:33:35,126 INFO: Processing audio with duration 00:01.750
2026-08-04 15:33:37,755 INFO: Processing audio with duration 00:02.000
2026-08-04 15:33:40,396 INFO: Processing audio with duration 00:02.000
2026-08-04 15:33:42,856 INFO: Processing audio with duration 00:01.750
2026-08-04 15:33:45,220 INFO: Processing audio with duration 00:01.750
2026-08-04 15:33:47,602 INFO: Processing audio with duration 00:01.750
2026-08-04 15:33:49,978 INFO: Processing audio with duration 00:01.750
2026-08-04 15:33:52,621 INFO: Processing audio with duration 00:02.000
2026-08-04 15:33:55,023 INFO: Processing audio with duration 00:01.750
2026-08-04 15:33:57,392 INFO: Processing audio with duration 00:01.750
2026-08-04 15:33:59,749 INFO: Processing audio with duration 00:01.750
2026-08-04 15:34:02,370 INFO: Processing audio with duration 00:02.000
2026-08-04 15:34:04,786 INFO: Processing audio with duration 00:01.750
2026-08-04 15:34:07,180 INFO: Processing audio with duration 00:01.750
2026-08-04 15:34:09,568 INFO: Processing audio with duration 00:01.750
2026-08-04 15:34:12,184 INFO: Processing audio with duration 00:02.000
2026-08-04 15:34:14,590 INFO: Processing audio with duration 00:01.750
2026-08-04 15:34:16,984 INFO: Processing audio with duration 00:01.750
2026-08-04 15:34:19,362 INFO: Processing audio with duration 00:01.750
2026-08-04 15:34:21,723 INFO: Processing audio with duration 00:01.750
2026-08-04 15:34:24,089 INFO: Processing audio with duration 00:01.750
2026-08-04 15:34:26,446 INFO: Processing audio with duration 00:01.750
2026-08-04 15:34:28,816 INFO: Processing audio with duration 00:01.750
2026-08-04 15:34:31,228 INFO: Processing audio with duration 00:01.750
2026-08-04 15:34:33,604 INFO: Processing audio with duration 00:01.750
2026-08-04 15:34:36,225 INFO: Processing audio with duration 00:02.000
2026-08-04 15:34:38,624 INFO: Processing audio with duration 00:01.750
2026-08-04 15:34:40,982 INFO: Processing audio with duration 00:01.750
2026-08-04 15:34:43,600 INFO: Processing audio with duration 00:02.000
2026-08-04 15:34:46,003 INFO: Processing audio with duration 00:01.750
2026-08-04 15:34:48,635 INFO: Processing audio with duration 00:02.000
2026-08-04 15:34:51,345 INFO: Processing audio with duration 00:02.000
2026-08-04 15:34:54,011 INFO: Processing audio with duration 00:02.000
2026-08-04 15:34:56,429 INFO: Processing audio with duration 00:01.750
2026-08-04 15:34:58,789 INFO: Processing audio with duration 00:01.750
2026-08-04 15:35:01,394 INFO: Processing audio with duration 00:02.000
2026-08-04 15:35:03,815 INFO: Processing audio with duration 00:01.750
2026-08-04 15:35:06,185 INFO: Processing audio with duration 00:01.750
2026-08-04 15:35:08,556 INFO: Processing audio with duration 00:01.750
2026-08-04 15:35:10,928 INFO: Processing audio with duration 00:01.750
2026-08-04 15:35:13,296 INFO: Processing audio with duration 00:01.750
2026-08-04 15:35:15,667 INFO: Processing audio with duration 00:01.750
2026-08-04 15:35:18,023 INFO: Processing audio with duration 00:01.750
2026-08-04 15:35:20,392 INFO: Processing audio with duration 00:01.750
2026-08-04 15:35:22,748 INFO: Processing audio with duration 00:01.750
2026-08-04 15:35:25,364 INFO: Processing audio with duration 00:02.000
2026-08-04 15:35:27,781 INFO: Processing audio with duration 00:01.750
2026-08-04 15:35:30,155 INFO: Processing audio with duration 00:01.750
2026-08-04 15:35:32,777 INFO: Processing audio with duration 00:02.000
2026-08-04 15:35:35,429 INFO: Processing audio with duration 00:02.000
2026-08-04 15:35:37,861 INFO: Processing audio with duration 00:01.750
2026-08-04 15:35:40,231 INFO: Processing audio with duration 00:01.750
2026-08-04 15:35:42,851 INFO: Processing audio with duration 00:02.000
2026-08-04 15:35:45,259 INFO: Processing audio with duration 00:01.750
2026-08-04 15:35:47,644 INFO: Processing audio with duration 00:01.750
2026-08-04 15:35:50,021 INFO: Processing audio with duration 00:01.750
2026-08-04 15:35:52,638 INFO: Processing audio with duration 00:02.000
2026-08-04 15:35:55,052 INFO: Processing audio with duration 00:01.750
2026-08-04 15:35:57,431 INFO: Processing audio with duration 00:01.750
2026-08-04 15:36:00,059 INFO: Processing audio with duration 00:02.000
2026-08-04 15:36:02,447 INFO: Processing audio with duration 00:01.750
2026-08-04 15:36:04,825 INFO: Processing audio with duration 00:01.750
2026-08-04 15:36:07,195 INFO: Processing audio with duration 00:01.750
2026-08-04 15:36:09,548 INFO: Processing audio with duration 00:01.750
2026-08-04 15:36:11,920 INFO: Processing audio with duration 00:01.750
2026-08-04 15:36:14,289 INFO: Processing audio with duration 00:01.750
2026-08-04 15:36:16,676 INFO: Processing audio with duration 00:01.750
2026-08-04 15:36:19,035 INFO: Processing audio with duration 00:01.750
2026-08-04 15:36:21,416 INFO: Processing audio with duration 00:01.750
2026-08-04 15:36:23,780 INFO: Processing audio with duration 00:01.750
2026-08-04 15:36:26,152 INFO: Processing audio with duration 00:01.750
2026-08-04 15:36:28,519 INFO: Processing audio with duration 00:01.750
2026-08-04 15:36:30,910 INFO: Processing audio with duration 00:01.750
2026-08-04 15:36:33,282 INFO: Processing audio with duration 00:01.750
2026-08-04 15:36:35,664 INFO: Processing audio with duration 00:01.750
2026-08-04 15:36:38,033 INFO: Processing audio with duration 00:01.750
2026-08-04 15:36:40,404 INFO: Processing audio with duration 00:01.750
2026-08-04 15:36:42,770 INFO: Processing audio with duration 00:01.750
2026-08-04 15:36:45,135 INFO: Processing audio with duration 00:01.750
2026-08-04 15:36:47,749 INFO: Processing audio with duration 00:02.000
2026-08-04 15:36:50,162 INFO: Processing audio with duration 00:01.750
2026-08-04 15:36:52,785 INFO: Processing audio with duration 00:02.000
2026-08-04 15:36:55,436 INFO: Processing audio with duration 00:02.000
2026-08-04 15:36:57,845 INFO: Processing audio with duration 00:01.750
2026-08-04 15:37:00,224 INFO: Processing audio with duration 00:01.750
2026-08-04 15:37:02,856 INFO: Processing audio with duration 00:02.000
2026-08-04 15:37:05,248 INFO: Processing audio with duration 00:01.750
2026-08-04 15:37:07,625 INFO: Processing audio with duration 00:01.750
2026-08-04 15:37:10,030 INFO: Processing audio with duration 00:01.750
2026-08-04 15:37:12,703 INFO: Processing audio with duration 00:02.000
2026-08-04 15:37:15,165 INFO: Processing audio with duration 00:01.750
2026-08-04 15:37:17,606 INFO: Processing audio with duration 00:01.750
2026-08-04 15:37:20,023 INFO: Processing audio with duration 00:01.750
2026-08-04 15:37:22,428 INFO: Processing audio with duration 00:01.750
2026-08-04 15:37:24,846 INFO: Processing audio with duration 00:01.750
2026-08-04 15:37:27,266 INFO: Processing audio with duration 00:01.750
2026-08-04 15:37:29,678 INFO: Processing audio with duration 00:01.750
2026-08-04 15:37:32,344 INFO: Processing audio with duration 00:02.000
2026-08-04 15:37:35,063 INFO: Processing audio with duration 00:02.000
2026-08-04 15:37:37,513 INFO: Processing audio with duration 00:01.750
2026-08-04 15:37:39,958 INFO: Processing audio with duration 00:01.750
2026-08-04 15:37:42,666 INFO: Processing audio with duration 00:02.000
2026-08-04 15:37:45,372 INFO: Processing audio with duration 00:02.000
2026-08-04 15:37:48,072 INFO: Processing audio with duration 00:02.000
2026-08-04 15:37:50,811 INFO: Processing audio with duration 00:02.000
2026-08-04 15:37:53,258 INFO: Processing audio with duration 00:01.750
2026-08-04 15:37:55,628 INFO: Processing audio with duration 00:01.750
2026-08-04 15:37:58,269 INFO: Processing audio with duration 00:02.000
2026-08-04 15:38:00,922 INFO: Processing audio with duration 00:02.000
2026-08-04 15:38:03,338 INFO: Processing audio with duration 00:01.750
2026-08-04 15:38:05,721 INFO: Processing audio with duration 00:01.750
2026-08-04 15:38:08,098 INFO: Processing audio with duration 00:01.750
2026-08-04 15:38:10,496 INFO: Processing audio with duration 00:01.750
2026-08-04 15:38:12,864 INFO: Processing audio with duration 00:01.750
2026-08-04 15:38:15,228 INFO: Processing audio with duration 00:01.750
2026-08-04 15:38:17,585 INFO: Processing audio with duration 00:01.750
2026-08-04 15:38:19,967 INFO: Processing audio with duration 00:01.750
2026-08-04 15:38:22,593 INFO: Processing audio with duration 00:02.000
2026-08-04 15:38:25,072 INFO: Processing audio with duration 00:01.750
2026-08-04 15:38:27,727 INFO: Processing audio with duration 00:02.000
2026-08-04 15:38:30,159 INFO: Processing audio with duration 00:01.750
2026-08-04 15:38:32,526 INFO: Processing audio with duration 00:01.750
2026-08-04 15:38:35,156 INFO: Processing audio with duration 00:02.000
2026-08-04 15:38:37,626 INFO: Processing audio with duration 00:01.750
2026-08-04 15:38:40,027 INFO: Processing audio with duration 00:01.750
2026-08-04 15:38:42,408 INFO: Processing audio with duration 00:01.750
2026-08-04 15:38:45,051 INFO: Processing audio with duration 00:02.000
2026-08-04 15:38:47,423 INFO: Processing audio with duration 00:01.750
2026-08-04 15:38:50,053 INFO: Processing audio with duration 00:02.000
2026-08-04 15:38:52,680 INFO: Processing audio with duration 00:02.000
2026-08-04 15:38:55,112 INFO: Processing audio with duration 00:01.750
2026-08-04 15:38:57,785 INFO: Processing audio with duration 00:02.000
2026-08-04 15:39:00,459 INFO: Processing audio with duration 00:02.000
2026-08-04 15:39:02,989 INFO: Processing audio with duration 00:01.750
2026-08-04 15:39:05,523 INFO: Processing audio with duration 00:01.750
2026-08-04 15:39:08,240 INFO: Processing audio with duration 00:02.000
2026-08-04 15:39:11,010 INFO: Processing audio with duration 00:02.000
2026-08-04 15:39:13,489 INFO: Processing audio with duration 00:01.750
2026-08-04 15:39:15,931 INFO: Processing audio with duration 00:01.750
2026-08-04 15:39:18,691 INFO: Processing audio with duration 00:02.000
2026-08-04 15:39:21,120 INFO: Processing audio with duration 00:01.750
2026-08-04 15:39:23,854 INFO: Processing audio with duration 00:02.000
2026-08-04 15:39:26,288 INFO: Processing audio with duration 00:01.750
2026-08-04 15:39:28,747 INFO: Processing audio with duration 00:01.750
2026-08-04 15:39:33,108 INFO: Processing audio with duration 00:01.750
2026-08-04 15:39:35,818 INFO: Processing audio with duration 00:02.000
2026-08-04 15:39:38,262 INFO: Processing audio with duration 00:01.750
2026-08-04 15:39:40,701 INFO: Processing audio with duration 00:01.750
2026-08-04 15:39:43,143 INFO: Processing audio with duration 00:01.750
2026-08-04 15:39:45,634 INFO: Processing audio with duration 00:01.750
2026-08-04 15:39:48,283 INFO: Processing audio with duration 00:02.000
2026-08-04 15:39:50,754 INFO: Processing audio with duration 00:01.750
2026-08-04 15:39:53,216 INFO: Processing audio with duration 00:01.750
2026-08-04 15:39:55,963 INFO: Processing audio with duration 00:02.000
2026-08-04 15:39:58,682 INFO: Processing audio with duration 00:02.000
2026-08-04 15:40:01,403 INFO: Processing audio with duration 00:02.000
2026-08-04 15:40:04,101 INFO: Processing audio with duration 00:02.000
2026-08-04 15:40:06,814 INFO: Processing audio with duration 00:02.000
2026-08-04 15:40:09,231 INFO: Processing audio with duration 00:01.750
2026-08-04 15:40:12,430 INFO: Processing audio with duration 00:02.500
2026-08-04 15:40:15,667 INFO: Processing audio with duration 00:02.500
2026-08-04 15:40:19,713 INFO: Processing audio with duration 00:03.250
2026-08-04 15:40:27,508 INFO: Processing audio with duration 00:02.000
2026-08-04 15:40:30,022 INFO: Processing audio with duration 00:01.750
2026-08-04 15:40:32,778 INFO: Processing audio with duration 00:02.000
2026-08-04 15:40:35,527 INFO: Processing audio with duration 00:02.000
2026-08-04 15:40:37,961 INFO: Processing audio with duration 00:01.750
2026-08-04 15:40:40,677 INFO: Processing audio with duration 00:02.000
2026-08-04 15:40:43,127 INFO: Processing audio with duration 00:01.750
2026-08-04 15:40:45,609 INFO: Processing audio with duration 00:01.750
2026-08-04 15:40:48,073 INFO: Processing audio with duration 00:01.750
2026-08-04 15:40:50,796 INFO: Processing audio with duration 00:02.000
2026-08-04 15:40:53,309 INFO: Processing audio with duration 00:01.750
2026-08-04 15:40:55,968 INFO: Processing audio with duration 00:02.000
2026-08-04 15:40:58,641 INFO: Processing audio with duration 00:02.000
2026-08-04 15:41:01,164 INFO: Processing audio with duration 00:01.750
2026-08-04 15:41:03,896 INFO: Processing audio with duration 00:02.000
2026-08-04 15:41:06,470 INFO: Processing audio with duration 00:01.750
2026-08-04 15:41:08,991 INFO: Processing audio with duration 00:01.750
2026-08-04 15:41:11,723 INFO: Processing audio with duration 00:02.000
2026-08-04 15:41:14,540 INFO: Processing audio with duration 00:02.000
2026-08-04 15:41:16,956 INFO: Processing audio with duration 00:01.750
2026-08-04 15:41:19,454 INFO: Processing audio with duration 00:01.750
2026-08-04 15:41:22,155 INFO: Processing audio with duration 00:02.000
2026-08-04 15:41:24,610 INFO: Processing audio with duration 00:01.750
2026-08-04 15:41:27,290 INFO: Processing audio with duration 00:02.000
2026-08-04 15:41:31,255 INFO: Processing audio with duration 00:03.250
2026-08-04 15:41:33,753 INFO: Processing audio with duration 00:01.750
2026-08-04 15:41:38,433 INFO: Processing audio with duration 00:01.750
2026-08-04 15:41:41,175 INFO: Processing audio with duration 00:01.750
2026-08-04 15:41:43,904 INFO: Processing audio with duration 00:01.750
2026-08-04 15:41:46,690 INFO: Processing audio with duration 00:02.000
2026-08-04 15:41:49,468 INFO: Processing audio with duration 00:02.000
2026-08-04 15:41:51,928 INFO: Processing audio with duration 00:01.750
2026-08-04 15:41:54,681 INFO: Processing audio with duration 00:02.000
2026-08-04 15:41:57,141 INFO: Processing audio with duration 00:01.750
2026-08-04 15:42:01,386 INFO: Processing audio with duration 00:03.500
2026-08-04 15:42:06,877 INFO: Processing audio with duration 00:02.000
2026-08-04 15:42:09,433 INFO: Processing audio with duration 00:01.750
2026-08-04 15:42:11,949 INFO: Processing audio with duration 00:01.750
2026-08-04 15:42:14,665 INFO: Processing audio with duration 00:02.000
2026-08-04 15:42:17,259 INFO: Processing audio with duration 00:01.750
2026-08-04 15:42:19,731 INFO: Processing audio with duration 00:01.750
2026-08-04 15:42:22,201 INFO: Processing audio with duration 00:01.750
2026-08-04 15:42:24,703 INFO: Processing audio with duration 00:01.750
2026-08-04 15:42:27,179 INFO: Processing audio with duration 00:01.750
2026-08-04 15:42:29,619 INFO: Processing audio with duration 00:01.750
2026-08-04 15:42:32,363 INFO: Processing audio with duration 00:02.000
2026-08-04 15:42:34,866 INFO: Processing audio with duration 00:01.750
2026-08-04 15:42:37,569 INFO: Processing audio with duration 00:02.000
2026-08-04 15:42:40,049 INFO: Processing audio with duration 00:01.750
2026-08-04 15:42:42,574 INFO: Processing audio with duration 00:01.750
2026-08-04 15:42:45,091 INFO: Processing audio with duration 00:01.750
2026-08-04 15:42:47,609 INFO: Processing audio with duration 00:01.750
2026-08-04 15:42:50,119 INFO: Processing audio with duration 00:01.750
2026-08-04 15:42:52,639 INFO: Processing audio with duration 00:01.750
2026-08-04 15:42:55,137 INFO: Processing audio with duration 00:01.750
2026-08-04 15:42:57,659 INFO: Processing audio with duration 00:01.750
2026-08-04 15:43:00,529 INFO: Processing audio with duration 00:02.000
2026-08-04 15:43:02,961 INFO: Processing audio with duration 00:01.750
2026-08-04 15:43:05,369 INFO: Processing audio with duration 00:01.750
2026-08-04 15:43:08,083 INFO: Processing audio with duration 00:02.000
2026-08-04 15:43:10,529 INFO: Processing audio with duration 00:01.750
2026-08-04 15:43:12,945 INFO: Processing audio with duration 00:01.750
2026-08-04 15:43:15,399 INFO: Processing audio with duration 00:01.750
2026-08-04 15:43:17,896 INFO: Processing audio with duration 00:01.750
2026-08-04 15:43:20,339 INFO: Processing audio with duration 00:01.750
2026-08-04 15:43:24,319 INFO: Processing audio with duration 00:02.000
2026-08-04 15:43:27,031 INFO: Processing audio with duration 00:02.000
2026-08-04 15:43:29,489 INFO: Processing audio with duration 00:01.750
2026-08-04 15:43:31,932 INFO: Processing audio with duration 00:01.750
2026-08-04 15:43:34,371 INFO: Processing audio with duration 00:01.750
2026-08-04 15:43:36,819 INFO: Processing audio with duration 00:01.750
2026-08-04 15:43:39,297 INFO: Processing audio with duration 00:01.750
2026-08-04 15:43:41,994 INFO: Processing audio with duration 00:02.000
2026-08-04 15:43:44,684 INFO: Processing audio with duration 00:02.000
2026-08-04 15:43:47,131 INFO: Processing audio with duration 00:01.750
2026-08-04 15:43:49,819 INFO: Processing audio with duration 00:02.000
2026-08-04 15:43:52,277 INFO: Processing audio with duration 00:01.750
2026-08-04 15:43:54,964 INFO: Processing audio with duration 00:02.000
2026-08-04 15:43:57,399 INFO: Processing audio with duration 00:01.750
2026-08-04 15:43:59,849 INFO: Processing audio with duration 00:01.750
2026-08-04 15:44:02,562 INFO: Processing audio with duration 00:02.000
2026-08-04 15:44:04,994 INFO: Processing audio with duration 00:01.750
2026-08-04 15:44:07,518 INFO: Processing audio with duration 00:01.750
2026-08-04 15:44:10,256 INFO: Processing audio with duration 00:02.000
2026-08-04 15:44:12,813 INFO: Processing audio with duration 00:01.750
2026-08-04 15:44:15,322 INFO: Processing audio with duration 00:01.750
2026-08-04 15:44:18,135 INFO: Processing audio with duration 00:02.000
2026-08-04 15:44:21,040 INFO: Processing audio with duration 00:02.000
2026-08-04 15:44:23,569 INFO: Processing audio with duration 00:01.750
2026-08-04 15:44:26,399 INFO: Processing audio with duration 00:02.000
2026-08-04 15:44:29,103 INFO: Processing audio with duration 00:02.000
2026-08-04 15:44:31,604 INFO: Processing audio with duration 00:01.750
2026-08-04 15:44:34,059 INFO: Processing audio with duration 00:01.750
2026-08-04 15:44:36,781 INFO: Processing audio with duration 00:02.000
2026-08-04 15:44:39,529 INFO: Processing audio with duration 00:02.000
2026-08-04 15:44:42,060 INFO: Processing audio with duration 00:01.750
2026-08-04 15:44:44,569 INFO: Processing audio with duration 00:01.750
2026-08-04 15:44:47,489 INFO: Processing audio with duration 00:02.000
2026-08-04 15:44:50,261 INFO: Processing audio with duration 00:02.000
2026-08-04 15:44:53,019 INFO: Processing audio with duration 00:02.000
2026-08-04 15:44:55,519 INFO: Processing audio with duration 00:01.750
2026-08-04 15:44:58,211 INFO: Processing audio with duration 00:02.000
2026-08-04 15:45:00,689 INFO: Processing audio with duration 00:01.750
2026-08-04 15:45:03,155 INFO: Processing audio with duration 00:01.750
2026-08-04 15:45:05,596 INFO: Processing audio with duration 00:01.750
2026-08-04 15:45:08,039 INFO: Processing audio with duration 00:01.750
2026-08-04 15:45:10,523 INFO: Processing audio with duration 00:01.750
2026-08-04 15:45:13,221 INFO: Processing audio with duration 00:02.000
2026-08-04 15:45:15,961 INFO: Processing audio with duration 00:02.000
2026-08-04 15:45:18,399 INFO: Processing audio with duration 00:01.750
2026-08-04 15:45:20,869 INFO: Processing audio with duration 00:01.750
2026-08-04 15:45:24,819 INFO: Processing audio with duration 00:01.750
2026-08-04 15:45:27,282 INFO: Processing audio with duration 00:01.750
2026-08-04 15:45:29,729 INFO: Processing audio with duration 00:01.750
2026-08-04 15:45:32,508 INFO: Processing audio with duration 00:02.000
2026-08-04 15:45:35,269 INFO: Processing audio with duration 00:02.000
2026-08-04 15:45:37,740 INFO: Processing audio with duration 00:01.750
2026-08-04 15:45:40,464 INFO: Processing audio with duration 00:02.000
2026-08-04 15:45:43,187 INFO: Processing audio with duration 00:02.000
2026-08-04 15:45:45,841 INFO: Processing audio with duration 00:02.000
2026-08-04 15:45:48,305 INFO: Processing audio with duration 00:01.750
2026-08-04 15:45:50,797 INFO: Processing audio with duration 00:01.750
2026-08-04 15:45:53,231 INFO: Processing audio with duration 00:01.750
2026-08-04 15:45:55,721 INFO: Processing audio with duration 00:01.750
2026-08-04 15:45:58,461 INFO: Processing audio with duration 00:02.000
2026-08-04 15:46:00,923 INFO: Processing audio with duration 00:01.750
2026-08-04 15:46:03,643 INFO: Processing audio with duration 00:02.000
2026-08-04 15:46:06,391 INFO: Processing audio with duration 00:02.000
2026-08-04 15:46:08,852 INFO: Processing audio with duration 00:01.750
2026-08-04 15:46:11,331 INFO: Processing audio with duration 00:01.750
2026-08-04 15:46:13,811 INFO: Processing audio with duration 00:01.750
2026-08-04 15:46:18,201 INFO: Processing audio with duration 00:02.000
2026-08-04 15:46:20,671 INFO: Processing audio with duration 00:01.750
2026-08-04 15:46:23,105 INFO: Processing audio with duration 00:01.750
2026-08-04 15:46:25,562 INFO: Processing audio with duration 00:01.750
2026-08-04 15:46:28,044 INFO: Processing audio with duration 00:01.750
2026-08-04 15:46:30,540 INFO: Processing audio with duration 00:01.750
2026-08-04 15:46:32,949 INFO: Processing audio with duration 00:01.750
2026-08-04 15:46:37,535 INFO: Processing audio with duration 00:02.000
2026-08-04 15:46:40,036 INFO: Processing audio with duration 00:01.750
2026-08-04 15:46:42,533 INFO: Processing audio with duration 00:01.750
2026-08-04 15:46:44,977 INFO: Processing audio with duration 00:01.750
2026-08-04 15:46:47,847 INFO: Processing audio with duration 00:02.000
2026-08-04 15:46:50,385 INFO: Processing audio with duration 00:01.750
2026-08-04 15:46:52,947 INFO: Processing audio with duration 00:01.750
2026-08-04 15:46:55,448 INFO: Processing audio with duration 00:01.750
2026-08-04 15:46:57,925 INFO: Processing audio with duration 00:01.750
2026-08-04 15:47:00,598 INFO: Processing audio with duration 00:02.000
2026-08-04 15:47:04,905 INFO: Processing audio with duration 00:02.000
2026-08-04 15:47:07,413 INFO: Processing audio with duration 00:01.750
2026-08-04 15:47:09,940 INFO: Processing audio with duration 00:01.750
2026-08-04 15:47:12,625 INFO: Processing audio with duration 00:02.000
2026-08-04 15:47:17,041 INFO: Processing audio with duration 00:01.750
2026-08-04 15:47:20,883 INFO: Processing audio with duration 00:01.750
2026-08-04 15:47:23,385 INFO: Processing audio with duration 00:01.750
2026-08-04 15:47:25,835 INFO: Processing audio with duration 00:01.750
2026-08-04 15:47:28,238 INFO: Processing audio with duration 00:01.750
2026-08-04 15:47:30,945 INFO: Processing audio with duration 00:02.000
2026-08-04 15:47:33,708 INFO: Processing audio with duration 00:02.000
2026-08-04 15:47:36,173 INFO: Processing audio with duration 00:01.750
2026-08-04 15:47:38,870 INFO: Processing audio with duration 00:02.000
2026-08-04 15:47:41,375 INFO: Processing audio with duration 00:01.750
2026-08-04 15:47:43,865 INFO: Processing audio with duration 00:01.750
2026-08-04 15:47:46,345 INFO: Processing audio with duration 00:01.750
2026-08-04 15:47:49,045 INFO: Processing audio with duration 00:02.000
2026-08-04 15:47:51,447 INFO: Processing audio with duration 00:01.750
2026-08-04 15:47:53,903 INFO: Processing audio with duration 00:01.750
2026-08-04 15:47:56,395 INFO: Processing audio with duration 00:01.750
2026-08-04 15:47:59,115 INFO: Processing audio with duration 00:02.000
2026-08-04 15:48:01,865 INFO: Processing audio with duration 00:02.000
2026-08-04 15:48:04,305 INFO: Processing audio with duration 00:01.750
2026-08-04 15:48:06,763 INFO: Processing audio with duration 00:01.750
2026-08-04 15:48:09,265 INFO: Processing audio with duration 00:01.750
2026-08-04 15:48:11,760 INFO: Processing audio with duration 00:01.750
2026-08-04 15:48:14,232 INFO: Processing audio with duration 00:01.750
2026-08-04 15:48:16,746 INFO: Processing audio with duration 00:01.750
2026-08-04 15:48:20,862 INFO: Processing audio with duration 00:01.750
2026-08-04 15:48:23,325 INFO: Processing audio with duration 00:01.750
2026-08-04 15:48:27,691 INFO: Processing audio with duration 00:02.000
2026-08-04 15:48:30,395 INFO: Processing audio with duration 00:02.000
2026-08-04 15:48:32,850 INFO: Processing audio with duration 00:01.750
2026-08-04 15:48:35,335 INFO: Processing audio with duration 00:01.750
2026-08-04 15:48:38,042 INFO: Processing audio with duration 00:02.000
2026-08-04 15:48:40,515 INFO: Processing audio with duration 00:01.750
2026-08-04 15:48:42,962 INFO: Processing audio with duration 00:01.750
2026-08-04 15:48:45,715 INFO: Processing audio with duration 00:02.000
2026-08-04 15:48:48,459 INFO: Processing audio with duration 00:02.000
2026-08-04 15:48:50,940 INFO: Processing audio with duration 00:01.750
2026-08-04 15:48:53,418 INFO: Processing audio with duration 00:01.750
2026-08-04 15:48:56,339 INFO: Processing audio with duration 00:02.000
2026-08-04 15:48:58,931 INFO: Processing audio with duration 00:01.750
2026-08-04 15:49:03,525 INFO: Processing audio with duration 00:02.000
2026-08-04 15:49:06,096 INFO: Processing audio with duration 00:01.750
2026-08-04 15:49:08,684 INFO: Processing audio with duration 00:01.750
2026-08-04 15:49:11,215 INFO: Processing audio with duration 00:01.750
2026-08-04 15:49:13,999 INFO: Processing audio with duration 00:02.000
2026-08-04 15:49:16,895 INFO: Processing audio with duration 00:02.000
2026-08-04 15:49:19,787 INFO: Processing audio with duration 00:02.000
2026-08-04 15:49:22,505 INFO: Processing audio with duration 00:02.000
2026-08-04 15:49:24,954 INFO: Processing audio with duration 00:01.750
2026-08-04 15:49:30,650 INFO: Processing audio with duration 00:03.000
2026-08-04 15:49:33,125 INFO: Processing audio with duration 00:01.750
2026-08-04 15:49:35,605 INFO: Processing audio with duration 00:01.750
2026-08-04 15:49:38,085 INFO: Processing audio with duration 00:01.750
2026-08-04 15:49:40,527 INFO: Processing audio with duration 00:01.750
2026-08-04 15:49:42,980 INFO: Processing audio with duration 00:01.750
2026-08-04 15:49:45,720 INFO: Processing audio with duration 00:02.000
2026-08-04 15:49:48,175 INFO: Processing audio with duration 00:01.750
2026-08-04 15:49:50,913 INFO: Processing audio with duration 00:02.000
2026-08-04 15:49:53,366 INFO: Processing audio with duration 00:01.750
2026-08-04 15:49:56,086 INFO: Processing audio with duration 00:02.000
2026-08-04 15:50:01,783 INFO: Processing audio with duration 00:03.500
2026-08-04 15:50:08,781 INFO: Processing audio with duration 00:02.000
2026-08-04 15:50:11,481 INFO: Processing audio with duration 00:02.000
2026-08-04 15:50:15,766 INFO: Processing audio with duration 00:02.000
2026-08-04 15:50:20,066 INFO: Processing audio with duration 00:01.750
2026-08-04 15:50:23,928 INFO: Processing audio with duration 00:01.750
2026-08-04 15:50:26,477 INFO: Processing audio with duration 00:01.750
2026-08-04 15:50:32,376 INFO: Processing audio with duration 00:03.500
2026-08-04 15:50:36,614 INFO: Processing audio with duration 00:02.500
2026-08-04 15:50:40,376 INFO: Processing audio with duration 00:01.750
2026-08-04 15:50:44,633 INFO: Processing audio with duration 00:02.000
2026-08-04 15:50:47,362 INFO: Processing audio with duration 00:02.000
2026-08-04 15:50:49,844 INFO: Processing audio with duration 00:01.750
2026-08-04 15:50:52,333 INFO: Processing audio with duration 00:01.750
2026-08-04 15:50:54,794 INFO: Processing audio with duration 00:01.750
2026-08-04 15:50:57,523 INFO: Processing audio with duration 00:02.000
2026-08-04 15:50:59,988 INFO: Processing audio with duration 00:01.750
2026-08-04 15:51:04,286 INFO: Processing audio with duration 00:02.000
2026-08-04 15:51:06,748 INFO: Processing audio with duration 00:01.750
2026-08-04 15:51:09,208 INFO: Processing audio with duration 00:01.750
2026-08-04 15:51:11,936 INFO: Processing audio with duration 00:02.000
2026-08-04 15:51:14,646 INFO: Processing audio with duration 00:02.000
2026-08-04 15:51:17,349 INFO: Processing audio with duration 00:02.000
2026-08-04 15:51:20,067 INFO: Processing audio with duration 00:02.000
2026-08-04 15:51:22,557 INFO: Processing audio with duration 00:01.750
2026-08-04 15:51:24,980 INFO: Processing audio with duration 00:01.750
2026-08-04 15:51:27,535 INFO: Processing audio with duration 00:01.750
2026-08-04 15:51:30,007 INFO: Processing audio with duration 00:01.750
2026-08-04 15:51:32,467 INFO: Processing audio with duration 00:01.750
2026-08-04 15:51:35,157 INFO: Processing audio with duration 00:02.000
2026-08-04 15:51:37,565 INFO: Processing audio with duration 00:01.750
2026-08-04 15:51:40,011 INFO: Processing audio with duration 00:01.750
2026-08-04 15:51:42,466 INFO: Processing audio with duration 00:01.750
2026-08-04 15:51:49,027 INFO: Processing audio with duration 00:01.750
2026-08-04 15:51:51,741 INFO: Processing audio with duration 00:02.000
2026-08-04 15:51:54,237 INFO: Processing audio with duration 00:01.750
2026-08-04 15:51:58,772 INFO: Processing audio with duration 00:01.750
2026-08-04 15:52:01,206 INFO: Processing audio with duration 00:01.750
2026-08-04 15:52:03,789 INFO: Processing audio with duration 00:01.750
2026-08-04 15:52:08,967 INFO: Processing audio with duration 00:01.750
2026-08-04 15:52:11,459 INFO: Processing audio with duration 00:01.750
2026-08-04 15:52:13,972 INFO: Processing audio with duration 00:01.750
2026-08-04 15:52:16,628 INFO: Processing audio with duration 00:01.750
2026-08-04 15:52:19,506 INFO: Processing audio with duration 00:01.750
2026-08-04 15:52:22,021 INFO: Processing audio with duration 00:01.750
2026-08-04 15:52:24,521 INFO: Processing audio with duration 00:01.750
2026-08-04 15:52:27,232 INFO: Processing audio with duration 00:02.000
2026-08-04 15:52:29,723 INFO: Processing audio with duration 00:01.750
2026-08-04 15:52:32,191 INFO: Processing audio with duration 00:01.750
2026-08-04 15:52:34,737 INFO: Processing audio with duration 00:01.750
2026-08-04 15:52:37,231 INFO: Processing audio with duration 00:01.750
2026-08-04 15:52:39,667 INFO: Processing audio with duration 00:01.750
2026-08-04 15:52:42,147 INFO: Processing audio with duration 00:01.750
2026-08-04 15:52:44,694 INFO: Processing audio with duration 00:01.750
2026-08-04 15:52:47,160 INFO: Processing audio with duration 00:01.750
2026-08-04 15:52:49,621 INFO: Processing audio with duration 00:01.750
2026-08-04 15:52:54,072 INFO: Processing audio with duration 00:02.000
2026-08-04 15:52:56,535 INFO: Processing audio with duration 00:01.750
2026-08-04 15:52:59,291 INFO: Processing audio with duration 00:02.000
2026-08-04 15:53:02,000 INFO: Processing audio with duration 00:02.000
2026-08-04 15:53:04,482 INFO: Processing audio with duration 00:01.750
2026-08-04 15:53:07,130 INFO: Processing audio with duration 00:02.000
2026-08-04 15:53:09,572 INFO: Processing audio with duration 00:01.750
2026-08-04 15:53:12,019 INFO: Processing audio with duration 00:01.750
2026-08-04 15:53:14,461 INFO: Processing audio with duration 00:01.750
2026-08-04 15:53:16,926 INFO: Processing audio with duration 00:01.750
2026-08-04 15:53:19,611 INFO: Processing audio with duration 00:02.000
2026-08-04 15:53:22,068 INFO: Processing audio with duration 00:01.750
2026-08-04 15:53:24,536 INFO: Processing audio with duration 00:01.750
2026-08-04 15:53:27,001 INFO: Processing audio with duration 00:01.750
2026-08-04 15:53:29,720 INFO: Processing audio with duration 00:02.000
2026-08-04 15:53:32,228 INFO: Processing audio with duration 00:01.750
2026-08-04 15:53:34,939 INFO: Processing audio with duration 00:02.000
2026-08-04 15:53:37,586 INFO: Processing audio with duration 00:02.000
2026-08-04 15:53:40,277 INFO: Processing audio with duration 00:02.000
2026-08-04 15:53:42,777 INFO: Processing audio with duration 00:01.750
2026-08-04 15:53:45,487 INFO: Processing audio with duration 00:02.000
2026-08-04 15:53:48,202 INFO: Processing audio with duration 00:02.000
2026-08-04 15:53:50,671 INFO: Processing audio with duration 00:01.750
2026-08-04 15:53:53,377 INFO: Processing audio with duration 00:02.000
2026-08-04 15:53:57,387 INFO: Processing audio with duration 00:01.750
2026-08-04 15:53:59,784 INFO: Processing audio with duration 00:01.750
2026-08-04 15:54:02,228 INFO: Processing audio with duration 00:01.750
2026-08-04 15:54:04,934 INFO: Processing audio with duration 00:02.000
2026-08-04 15:54:07,441 INFO: Processing audio with duration 00:01.750
2026-08-04 15:54:10,177 INFO: Processing audio with duration 00:02.000
2026-08-04 15:54:12,911 INFO: Processing audio with duration 00:02.000
2026-08-04 15:54:15,677 INFO: Processing audio with duration 00:02.000
2026-08-04 15:54:18,094 INFO: Processing audio with duration 00:01.750
2026-08-04 15:54:20,817 INFO: Processing audio with duration 00:02.000
2026-08-04 15:54:23,501 INFO: Processing audio with duration 00:02.000
2026-08-04 15:54:25,943 INFO: Processing audio with duration 00:01.750
2026-08-04 15:54:30,465 INFO: Processing audio with duration 00:02.000
2026-08-04 15:54:32,941 INFO: Processing audio with duration 00:01.750
2026-08-04 15:54:35,402 INFO: Processing audio with duration 00:01.750
2026-08-04 15:54:38,091 INFO: Processing audio with duration 00:02.000
2026-08-04 15:54:40,521 INFO: Processing audio with duration 00:01.750
2026-08-04 15:54:46,044 INFO: Processing audio with duration 00:02.000
2026-08-04 15:54:48,455 INFO: Processing audio with duration 00:01.750
2026-08-04 15:54:50,931 INFO: Processing audio with duration 00:01.750
2026-08-04 15:54:53,655 INFO: Processing audio with duration 00:02.000
2026-08-04 15:54:56,390 INFO: Processing audio with duration 00:02.000
2026-08-04 15:54:58,868 INFO: Processing audio with duration 00:01.750
2026-08-04 15:55:01,311 INFO: Processing audio with duration 00:01.750
2026-08-04 15:55:03,770 INFO: Processing audio with duration 00:01.750
2026-08-04 15:55:07,897 INFO: Processing audio with duration 00:01.750
2026-08-04 15:55:10,364 INFO: Processing audio with duration 00:01.750
2026-08-04 15:55:14,351 INFO: Processing audio with duration 00:01.750
2026-08-04 15:55:17,082 INFO: Processing audio with duration 00:02.000
2026-08-04 15:55:19,783 INFO: Processing audio with duration 00:02.000
2026-08-04 15:55:22,269 INFO: Processing audio with duration 00:01.750
2026-08-04 15:55:26,211 INFO: Processing audio with duration 00:01.750
2026-08-04 15:55:28,698 INFO: Processing audio with duration 00:01.750
2026-08-04 15:55:31,386 INFO: Processing audio with duration 00:02.000
2026-08-04 15:55:33,832 INFO: Processing audio with duration 00:01.750
2026-08-04 15:55:36,289 INFO: Processing audio with duration 00:01.750
2026-08-04 15:55:38,730 INFO: Processing audio with duration 00:01.750
2026-08-04 15:55:42,712 INFO: Processing audio with duration 00:01.750
2026-08-04 15:55:45,406 INFO: Processing audio with duration 00:02.000
2026-08-04 15:55:48,101 INFO: Processing audio with duration 00:02.000
2026-08-04 15:55:50,599 INFO: Processing audio with duration 00:01.750
2026-08-04 15:55:53,066 INFO: Processing audio with duration 00:01.750
2026-08-04 15:55:57,176 INFO: Processing audio with duration 00:01.750
2026-08-04 15:55:59,647 INFO: Processing audio with duration 00:01.750
2026-08-04 15:56:02,374 INFO: Processing audio with duration 00:02.000
2026-08-04 15:56:04,835 INFO: Processing audio with duration 00:01.750
2026-08-04 15:56:07,350 INFO: Processing audio with duration 00:01.750
2026-08-04 15:56:09,871 INFO: Processing audio with duration 00:01.750
2026-08-04 15:56:12,574 INFO: Processing audio with duration 00:02.000
2026-08-04 15:56:15,018 INFO: Processing audio with duration 00:01.750
2026-08-04 15:56:17,476 INFO: Processing audio with duration 00:01.750
2026-08-04 15:56:19,961 INFO: Processing audio with duration 00:01.750
2026-08-04 15:56:24,263 INFO: Processing audio with duration 00:02.000
2026-08-04 15:56:26,766 INFO: Processing audio with duration 00:01.750
2026-08-04 15:56:29,192 INFO: Processing audio with duration 00:01.750
2026-08-04 15:56:31,701 INFO: Processing audio with duration 00:01.750
2026-08-04 15:56:34,186 INFO: Processing audio with duration 00:01.750
2026-08-04 15:56:38,186 INFO: Processing audio with duration 00:01.750
2026-08-04 15:56:42,571 INFO: Processing audio with duration 00:02.000
2026-08-04 15:56:44,984 INFO: Processing audio with duration 00:01.750
2026-08-04 15:56:47,461 INFO: Processing audio with duration 00:01.750
2026-08-04 15:56:49,925 INFO: Processing audio with duration 00:01.750
2026-08-04 15:56:52,401 INFO: Processing audio with duration 00:01.750
2026-08-04 15:56:54,851 INFO: Processing audio with duration 00:01.750
2026-08-04 15:56:57,562 INFO: Processing audio with duration 00:02.000
2026-08-04 15:57:00,000 INFO: Processing audio with duration 00:01.750
2026-08-04 15:57:02,508 INFO: Processing audio with duration 00:01.750
2026-08-04 15:57:04,931 INFO: Processing audio with duration 00:01.750
2026-08-04 15:57:07,384 INFO: Processing audio with duration 00:01.750
2026-08-04 15:57:09,829 INFO: Processing audio with duration 00:01.750
2026-08-04 15:57:12,242 INFO: Processing audio with duration 00:01.750
2026-08-04 15:57:14,728 INFO: Processing audio with duration 00:01.750
2026-08-04 15:57:17,174 INFO: Processing audio with duration 00:01.750
2026-08-04 15:57:19,631 INFO: Processing audio with duration 00:01.750
2026-08-04 15:57:22,051 INFO: Processing audio with duration 00:01.750
2026-08-04 15:57:24,736 INFO: Processing audio with duration 00:02.000
2026-08-04 15:57:27,158 INFO: Processing audio with duration 00:01.750
2026-08-04 15:57:31,542 INFO: Processing audio with duration 00:01.750
2026-08-04 15:57:34,245 INFO: Processing audio with duration 00:02.000
2026-08-04 15:57:36,695 INFO: Processing audio with duration 00:01.750
2026-08-04 15:57:41,042 INFO: Processing audio with duration 00:01.750
2026-08-04 15:57:43,489 INFO: Processing audio with duration 00:01.750
2026-08-04 15:57:46,206 INFO: Processing audio with duration 00:02.000
2026-08-04 15:57:48,652 INFO: Processing audio with duration 00:01.750
2026-08-04 15:57:51,103 INFO: Processing audio with duration 00:01.750
2026-08-04 15:57:53,544 INFO: Processing audio with duration 00:01.750
2026-08-04 15:57:56,239 INFO: Processing audio with duration 00:02.000
2026-08-04 15:57:58,682 INFO: Processing audio with duration 00:01.750
2026-08-04 15:58:02,724 INFO: Processing audio with duration 00:01.750
2026-08-04 15:58:05,122 INFO: Processing audio with duration 00:01.750
2026-08-04 15:58:07,587 INFO: Processing audio with duration 00:01.750
2026-08-04 15:58:11,471 INFO: Processing audio with duration 00:01.750
2026-08-04 15:58:14,211 INFO: Processing audio with duration 00:02.000
2026-08-04 15:58:16,662 INFO: Processing audio with duration 00:01.750
2026-08-04 15:58:19,370 INFO: Processing audio with duration 00:02.000
2026-08-04 15:58:22,047 INFO: Processing audio with duration 00:02.000
2026-08-04 15:58:24,492 INFO: Processing audio with duration 00:01.750
2026-08-04 15:58:27,025 INFO: Processing audio with duration 00:01.750
2026-08-04 15:58:29,532 INFO: Processing audio with duration 00:01.750
2026-08-04 15:58:32,263 INFO: Processing audio with duration 00:02.000
2026-08-04 15:58:35,006 INFO: Processing audio with duration 00:02.000
2026-08-04 15:58:37,650 INFO: Processing audio with duration 00:02.000
2026-08-04 15:58:40,368 INFO: Processing audio with duration 00:02.000
2026-08-04 15:58:42,853 INFO: Processing audio with duration 00:01.750
2026-08-04 15:58:45,332 INFO: Processing audio with duration 00:01.750
2026-08-04 15:58:48,062 INFO: Processing audio with duration 00:02.000
2026-08-04 15:58:50,816 INFO: Processing audio with duration 00:02.000
2026-08-04 15:58:53,869 INFO: Processing audio with duration 00:02.000
2026-08-04 15:58:57,142 INFO: Processing audio with duration 00:02.000
2026-08-04 15:59:00,941 INFO: Processing audio with duration 00:02.000
2026-08-04 15:59:04,470 INFO: Processing audio with duration 00:01.750
2026-08-04 15:59:07,223 INFO: Processing audio with duration 00:01.750
2026-08-04 15:59:14,198 INFO: Processing audio with duration 00:03.500
2026-08-04 15:59:22,845 INFO: Processing audio with duration 00:01.750
2026-08-04 15:59:25,361 INFO: Processing audio with duration 00:01.750
2026-08-04 15:59:27,891 INFO: Processing audio with duration 00:01.750
2026-08-04 15:59:32,312 INFO: Processing audio with duration 00:01.750
2026-08-04 15:59:34,783 INFO: Processing audio with duration 00:01.750
2026-08-04 15:59:37,963 INFO: Processing audio with duration 00:02.000
2026-08-04 15:59:40,407 INFO: Processing audio with duration 00:01.750
2026-08-04 15:59:43,093 INFO: Processing audio with duration 00:02.000
2026-08-04 15:59:45,814 INFO: Processing audio with duration 00:02.000
2026-08-04 15:59:48,513 INFO: Processing audio with duration 00:02.000
2026-08-04 15:59:50,974 INFO: Processing audio with duration 00:01.750
2026-08-04 15:59:53,394 INFO: Processing audio with duration 00:01.750
2026-08-04 15:59:56,098 INFO: Processing audio with duration 00:02.000
2026-08-04 15:59:58,815 INFO: Processing audio with duration 00:02.000
2026-08-04 16:00:01,548 INFO: Processing audio with duration 00:02.000
2026-08-04 16:00:04,253 INFO: Processing audio with duration 00:02.000
2026-08-04 16:00:08,503 INFO: Processing audio with duration 00:02.000
2026-08-04 16:00:10,957 INFO: Processing audio with duration 00:01.750
2026-08-04 16:00:13,443 INFO: Processing audio with duration 00:01.750
2026-08-04 16:00:15,918 INFO: Processing audio with duration 00:01.750
2026-08-04 16:00:18,393 INFO: Processing audio with duration 00:01.750
2026-08-04 16:00:20,853 INFO: Processing audio with duration 00:01.750
2026-08-04 16:00:23,332 INFO: Processing audio with duration 00:01.750
2026-08-04 16:00:26,063 INFO: Processing audio with duration 00:02.000
2026-08-04 16:00:28,542 INFO: Processing audio with duration 00:01.750
2026-08-04 16:00:31,002 INFO: Processing audio with duration 00:01.750
2026-08-04 16:00:33,742 INFO: Processing audio with duration 00:02.000
2026-08-04 16:00:36,220 INFO: Processing audio with duration 00:01.750
2026-08-04 16:00:39,037 INFO: Processing audio with duration 00:02.000
2026-08-04 16:00:44,122 INFO: Processing audio with duration 00:02.000
2026-08-04 16:00:46,576 INFO: Processing audio with duration 00:01.750
2026-08-04 16:00:49,047 INFO: Processing audio with duration 00:01.750
2026-08-04 16:00:51,536 INFO: Processing audio with duration 00:01.750
2026-08-04 16:00:54,013 INFO: Processing audio with duration 00:01.750
2026-08-04 16:00:56,479 INFO: Processing audio with duration 00:01.750
2026-08-04 16:00:59,213 INFO: Processing audio with duration 00:02.000
2026-08-04 16:01:01,898 INFO: Processing audio with duration 00:02.000
2026-08-04 16:01:04,644 INFO: Processing audio with duration 00:02.000
2026-08-04 16:01:07,086 INFO: Processing audio with duration 00:01.750
2026-08-04 16:01:09,585 INFO: Processing audio with duration 00:01.750
2026-08-04 16:01:12,037 INFO: Processing audio with duration 00:01.750
2026-08-04 16:01:14,507 INFO: Processing audio with duration 00:01.750
2026-08-04 16:01:16,937 INFO: Processing audio with duration 00:01.750
2026-08-04 16:01:19,643 INFO: Processing audio with duration 00:02.000
2026-08-04 16:01:22,073 INFO: Processing audio with duration 00:01.750
2026-08-04 16:01:26,266 INFO: Processing audio with duration 00:01.750
2026-08-04 16:01:28,970 INFO: Processing audio with duration 00:02.000
2026-08-04 16:01:31,430 INFO: Processing audio with duration 00:01.750
2026-08-04 16:01:34,126 INFO: Processing audio with duration 00:02.000
2026-08-04 16:01:36,577 INFO: Processing audio with duration 00:01.750
2026-08-04 16:01:39,047 INFO: Processing audio with duration 00:01.750
2026-08-04 16:01:41,750 INFO: Processing audio with duration 00:02.000
2026-08-04 16:01:44,195 INFO: Processing audio with duration 00:01.750
2026-08-04 16:01:46,947 INFO: Processing audio with duration 00:02.000
2026-08-04 16:01:49,518 INFO: Processing audio with duration 00:01.750
2026-08-04 16:01:52,214 INFO: Processing audio with duration 00:02.000
2026-08-04 16:01:54,684 INFO: Processing audio with duration 00:01.750
2026-08-04 16:01:57,127 INFO: Processing audio with duration 00:01.750
2026-08-04 16:01:59,869 INFO: Processing audio with duration 00:02.000
2026-08-04 16:02:02,357 INFO: Processing audio with duration 00:01.750
2026-08-04 16:02:05,054 INFO: Processing audio with duration 00:02.000
2026-08-04 16:02:07,524 INFO: Processing audio with duration 00:01.750
2026-08-04 16:02:09,960 INFO: Processing audio with duration 00:01.750
2026-08-04 16:02:12,643 INFO: Processing audio with duration 00:02.000
2026-08-04 16:02:16,773 INFO: Processing audio with duration 00:01.750
2026-08-04 16:02:19,223 INFO: Processing audio with duration 00:01.750
2026-08-04 16:02:21,956 INFO: Processing audio with duration 00:02.000
2026-08-04 16:02:24,676 INFO: Processing audio with duration 00:02.000
2026-08-04 16:02:27,147 INFO: Processing audio with duration 00:01.750
2026-08-04 16:02:29,582 INFO: Processing audio with duration 00:01.750
2026-08-04 16:02:31,993 INFO: Processing audio with duration 00:01.750
2026-08-04 16:02:34,795 INFO: Processing audio with duration 00:02.000
2026-08-04 16:02:37,317 INFO: Processing audio with duration 00:01.750
2026-08-04 16:02:40,034 INFO: Processing audio with duration 00:02.000
2026-08-04 16:02:42,792 INFO: Processing audio with duration 00:02.000
2026-08-04 16:02:45,299 INFO: Processing audio with duration 00:01.750
2026-08-04 16:02:47,856 INFO: Processing audio with duration 00:01.750
2026-08-04 16:02:50,647 INFO: Processing audio with duration 00:02.000
2026-08-04 16:02:53,278 INFO: Processing audio with duration 00:01.750
2026-08-04 16:02:55,977 INFO: Processing audio with duration 00:01.750
2026-08-04 16:03:00,759 INFO: Processing audio with duration 00:02.000
2026-08-04 16:03:03,602 INFO: Processing audio with duration 00:01.750
2026-08-04 16:03:08,303 INFO: Processing audio with duration 00:01.750
2026-08-04 16:03:11,287 INFO: Processing audio with duration 00:02.000
2026-08-04 16:03:14,217 INFO: Processing audio with duration 00:02.000
2026-08-04 16:03:16,899 INFO: Processing audio with duration 00:01.750
2026-08-04 16:03:19,589 INFO: Processing audio with duration 00:01.750
2026-08-04 16:03:24,111 INFO: Processing audio with duration 00:01.750
2026-08-04 16:03:26,901 INFO: Processing audio with duration 00:02.000
2026-08-04 16:03:29,600 INFO: Processing audio with duration 00:01.750
2026-08-04 16:03:32,338 INFO: Processing audio with duration 00:01.750
2026-08-04 16:03:37,300 INFO: Processing audio with duration 00:01.750
2026-08-04 16:03:42,521 INFO: Processing audio with duration 00:02.000
2026-08-04 16:03:45,247 INFO: Processing audio with duration 00:01.750
2026-08-04 16:03:48,017 INFO: Processing audio with duration 00:01.750
2026-08-04 16:03:50,772 INFO: Processing audio with duration 00:01.750
2026-08-04 16:03:53,701 INFO: Processing audio with duration 00:02.000
2026-08-04 16:03:56,435 INFO: Processing audio with duration 00:01.750
2026-08-04 16:03:59,253 INFO: Processing audio with duration 00:01.750
2026-08-04 16:04:02,227 INFO: Processing audio with duration 00:02.000
2026-08-04 16:04:04,743 INFO: Processing audio with duration 00:01.750
2026-08-04 16:04:07,197 INFO: Processing audio with duration 00:01.750
2026-08-04 16:04:09,907 INFO: Processing audio with duration 00:02.000
2026-08-04 16:04:12,352 INFO: Processing audio with duration 00:01.750
2026-08-04 16:04:15,058 INFO: Processing audio with duration 00:02.000
2026-08-04 16:04:17,747 INFO: Processing audio with duration 00:02.000
2026-08-04 16:04:20,462 INFO: Processing audio with duration 00:02.000
2026-08-04 16:04:22,884 INFO: Processing audio with duration 00:01.750
2026-08-04 16:04:25,324 INFO: Processing audio with duration 00:01.750
2026-08-04 16:04:27,767 INFO: Processing audio with duration 00:01.750
2026-08-04 16:04:30,542 INFO: Processing audio with duration 00:02.000
2026-08-04 16:04:33,226 INFO: Processing audio with duration 00:02.000
2026-08-04 16:04:35,717 INFO: Processing audio with duration 00:01.750
2026-08-04 16:04:38,176 INFO: Processing audio with duration 00:01.750
2026-08-04 16:04:40,628 INFO: Processing audio with duration 00:01.750
2026-08-04 16:04:43,375 INFO: Processing audio with duration 00:02.000
2026-08-04 16:04:46,177 INFO: Processing audio with duration 00:02.000
2026-08-04 16:04:48,793 INFO: Processing audio with duration 00:01.750
2026-08-04 16:04:51,339 INFO: Processing audio with duration 00:01.750
2026-08-04 16:04:53,862 INFO: Processing audio with duration 00:01.750
2026-08-04 16:04:56,681 INFO: Processing audio with duration 00:02.000
2026-08-04 16:04:59,536 INFO: Processing audio with duration 00:02.000
2026-08-04 16:05:02,413 INFO: Processing audio with duration 00:02.000
2026-08-04 16:05:05,309 INFO: Processing audio with duration 00:02.000
2026-08-04 16:05:08,321 INFO: Processing audio with duration 00:02.000
2026-08-04 16:05:11,291 INFO: Processing audio with duration 00:02.000
2026-08-04 16:05:14,240 INFO: Processing audio with duration 00:02.000
2026-08-04 16:05:17,205 INFO: Processing audio with duration 00:02.000
2026-08-04 16:05:19,892 INFO: Processing audio with duration 00:01.750
2026-08-04 16:05:22,607 INFO: Processing audio with duration 00:01.750
2026-08-04 16:05:25,297 INFO: Processing audio with duration 00:01.750
2026-08-04 16:05:29,999 INFO: Processing audio with duration 00:01.750
2026-08-04 16:05:32,691 INFO: Processing audio with duration 00:01.750
2026-08-04 16:05:37,392 INFO: Processing audio with duration 00:01.750
2026-08-04 16:05:40,086 INFO: Processing audio with duration 00:02.000
2026-08-04 16:05:42,797 INFO: Processing audio with duration 00:02.000
2026-08-04 16:05:45,479 INFO: Processing audio with duration 00:02.000
2026-08-04 16:05:47,922 INFO: Processing audio with duration 00:01.750
2026-08-04 16:05:50,372 INFO: Processing audio with duration 00:01.750
2026-08-04 16:05:52,817 INFO: Processing audio with duration 00:01.750
2026-08-04 16:05:58,299 INFO: Processing audio with duration 00:02.000
2026-08-04 16:06:01,121 INFO: Processing audio with duration 00:01.750
2026-08-04 16:06:04,252 INFO: Processing audio with duration 00:02.000
2026-08-04 16:06:07,313 INFO: Processing audio with duration 00:02.000
2026-08-04 16:06:10,379 INFO: Processing audio with duration 00:02.000
2026-08-04 16:06:13,338 INFO: Processing audio with duration 00:02.000
2026-08-04 16:06:16,291 INFO: Processing audio with duration 00:02.000
2026-08-04 16:06:19,263 INFO: Processing audio with duration 00:02.000
2026-08-04 16:06:22,280 INFO: Processing audio with duration 00:02.000
2026-08-04 16:06:24,998 INFO: Processing audio with duration 00:01.750
2026-08-04 16:06:27,824 INFO: Processing audio with duration 00:01.750
2026-08-04 16:06:30,758 INFO: Processing audio with duration 00:01.750
2026-08-04 16:06:33,892 INFO: Processing audio with duration 00:02.000
2026-08-04 16:06:36,813 INFO: Processing audio with duration 00:01.750
2026-08-04 16:06:39,648 INFO: Processing audio with duration 00:01.750
2026-08-04 16:06:42,784 INFO: Processing audio with duration 00:02.000
2026-08-04 16:06:45,905 INFO: Processing audio with duration 00:02.000
2026-08-04 16:06:48,720 INFO: Processing audio with duration 00:01.750
2026-08-04 16:06:51,832 INFO: Processing audio with duration 00:02.000
2026-08-04 16:06:54,764 INFO: Processing audio with duration 00:02.000
2026-08-04 16:06:57,768 INFO: Processing audio with duration 00:02.000
2026-08-04 16:07:00,791 INFO: Processing audio with duration 00:02.000
2026-08-04 16:07:03,494 INFO: Processing audio with duration 00:01.750
2026-08-04 16:07:06,588 INFO: Processing audio with duration 00:02.000
2026-08-04 16:07:09,315 INFO: Processing audio with duration 00:01.750
2026-08-04 16:07:14,744 INFO: Processing audio with duration 00:02.000
2026-08-04 16:07:17,736 INFO: Processing audio with duration 00:02.000
2026-08-04 16:07:20,423 INFO: Processing audio with duration 00:01.750
2026-08-04 16:07:23,404 INFO: Processing audio with duration 00:02.000
2026-08-04 16:07:26,427 INFO: Processing audio with duration 00:02.000
2026-08-04 16:07:29,352 INFO: Processing audio with duration 00:02.000
2026-08-04 16:07:32,075 INFO: Processing audio with duration 00:01.750
2026-08-04 16:07:35,017 INFO: Processing audio with duration 00:02.000
2026-08-04 16:07:37,780 INFO: Processing audio with duration 00:01.750
2026-08-04 16:07:40,765 INFO: Processing audio with duration 00:02.000
2026-08-04 16:07:43,491 INFO: Processing audio with duration 00:01.750
2026-08-04 16:07:46,399 INFO: Processing audio with duration 00:02.000
2026-08-04 16:07:49,627 INFO: Processing audio with duration 00:02.250
2026-08-04 16:07:52,329 INFO: Processing audio with duration 00:01.750
2026-08-04 16:07:55,082 INFO: Processing audio with duration 00:01.750
2026-08-04 16:07:57,759 INFO: Processing audio with duration 00:01.750
2026-08-04 16:08:00,482 INFO: Processing audio with duration 00:01.750
2026-08-04 16:08:03,257 INFO: Processing audio with duration 00:01.750
2026-08-04 16:08:06,228 INFO: Processing audio with duration 00:02.000
2026-08-04 16:08:08,919 INFO: Processing audio with duration 00:01.750
2026-08-04 16:08:11,664 INFO: Processing audio with duration 00:01.750
2026-08-04 16:08:14,315 INFO: Processing audio with duration 00:01.750
2026-08-04 16:08:17,223 INFO: Processing audio with duration 00:02.000
2026-08-04 16:08:20,276 INFO: Processing audio with duration 00:02.000
2026-08-04 16:08:23,264 INFO: Processing audio with duration 00:02.000
2026-08-04 16:08:26,279 INFO: Processing audio with duration 00:02.000
2026-08-04 16:08:29,209 INFO: Processing audio with duration 00:02.000
2026-08-04 16:08:32,248 INFO: Processing audio with duration 00:02.000
2026-08-04 16:08:35,232 INFO: Processing audio with duration 00:02.000
2026-08-04 16:08:38,257 INFO: Processing audio with duration 00:02.000
2026-08-04 16:08:41,482 INFO: Processing audio with duration 00:02.000
2026-08-04 16:08:44,511 INFO: Processing audio with duration 00:02.000
2026-08-04 16:08:47,562 INFO: Processing audio with duration 00:02.000
2026-08-04 16:08:50,379 INFO: Processing audio with duration 00:01.750
2026-08-04 16:08:53,201 INFO: Processing audio with duration 00:01.750
2026-08-04 16:08:56,030 INFO: Processing audio with duration 00:01.750
2026-08-04 16:09:01,003 INFO: Processing audio with duration 00:01.750
2026-08-04 16:09:03,733 INFO: Processing audio with duration 00:01.750
2026-08-04 16:09:06,536 INFO: Processing audio with duration 00:01.750
2026-08-04 16:09:09,515 INFO: Processing audio with duration 00:02.000
2026-08-04 16:09:12,196 INFO: Processing audio with duration 00:01.750
2026-08-04 16:09:17,937 INFO: Processing audio with duration 00:02.000
2026-08-04 16:09:20,879 INFO: Processing audio with duration 00:02.000
2026-08-04 16:09:25,622 INFO: Processing audio with duration 00:02.000
2026-08-04 16:09:28,587 INFO: Processing audio with duration 00:02.000
2026-08-04 16:09:31,754 INFO: Processing audio with duration 00:02.000
2026-08-04 16:09:34,694 INFO: Processing audio with duration 00:02.000
2026-08-04 16:09:37,664 INFO: Processing audio with duration 00:02.000
2026-08-04 16:09:40,478 INFO: Processing audio with duration 00:01.750
2026-08-04 16:09:43,578 INFO: Processing audio with duration 00:01.750
2026-08-04 16:09:46,927 INFO: Processing audio with duration 00:02.000
2026-08-04 16:09:50,641 INFO: Processing audio with duration 00:02.000
2026-08-04 16:09:54,102 INFO: Processing audio with duration 00:02.000
2026-08-04 16:09:57,085 INFO: Processing audio with duration 00:01.750
2026-08-04 16:09:59,842 INFO: Processing audio with duration 00:01.750
2026-08-04 16:10:02,575 INFO: Processing audio with duration 00:01.750
2026-08-04 16:10:07,749 INFO: Processing audio with duration 00:02.000
2026-08-04 16:10:10,725 INFO: Processing audio with duration 00:02.000
2026-08-04 16:10:13,707 INFO: Processing audio with duration 00:02.000
2026-08-04 16:10:16,238 INFO: Processing audio with duration 00:01.750
2026-08-04 16:10:18,941 INFO: Processing audio with duration 00:02.000
2026-08-04 16:10:21,383 INFO: Processing audio with duration 00:01.750
2026-08-04 16:10:23,867 INFO: Processing audio with duration 00:01.750
2026-08-04 16:10:28,287 INFO: Processing audio with duration 00:01.750
2026-08-04 16:10:30,717 INFO: Processing audio with duration 00:01.750
2026-08-04 16:10:33,170 INFO: Processing audio with duration 00:01.750
2026-08-04 16:10:35,689 INFO: Processing audio with duration 00:01.750
2026-08-04 16:10:39,631 INFO: Processing audio with duration 00:01.750
2026-08-04 16:10:42,367 INFO: Processing audio with duration 00:02.000
2026-08-04 16:10:45,117 INFO: Processing audio with duration 00:02.000
2026-08-04 16:10:47,617 INFO: Processing audio with duration 00:01.750
2026-08-04 16:10:50,351 INFO: Processing audio with duration 00:02.000
2026-08-04 16:10:53,047 INFO: Processing audio with duration 00:02.000
2026-08-04 16:10:57,079 INFO: Processing audio with duration 00:03.250
2026-08-04 16:10:59,557 INFO: Processing audio with duration 00:01.750
2026-08-04 16:11:03,892 INFO: Processing audio with duration 00:02.000
2026-08-04 16:11:06,337 INFO: Processing audio with duration 00:01.750
2026-08-04 16:11:09,010 INFO: Processing audio with duration 00:02.000
2026-08-04 16:11:11,489 INFO: Processing audio with duration 00:01.750
2026-08-04 16:11:14,253 INFO: Processing audio with duration 00:02.000
2026-08-04 16:11:17,041 INFO: Processing audio with duration 00:02.000
2026-08-04 16:11:19,764 INFO: Processing audio with duration 00:02.000
2026-08-04 16:11:22,589 INFO: Processing audio with duration 00:02.000
2026-08-04 16:11:25,173 INFO: Processing audio with duration 00:01.750
2026-08-04 16:11:27,798 INFO: Processing audio with duration 00:01.750
2026-08-04 16:11:30,481 INFO: Processing audio with duration 00:01.750
2026-08-04 16:11:33,294 INFO: Processing audio with duration 00:01.750
2026-08-04 16:11:36,247 INFO: Processing audio with duration 00:02.000
2026-08-04 16:11:39,224 INFO: Processing audio with duration 00:02.000
2026-08-04 16:11:41,932 INFO: Processing audio with duration 00:01.750
2026-08-04 16:11:44,607 INFO: Processing audio with duration 00:01.750
2026-08-04 16:11:49,315 INFO: Processing audio with duration 00:02.000
2026-08-04 16:11:52,255 INFO: Processing audio with duration 00:02.000
2026-08-04 16:11:54,989 INFO: Processing audio with duration 00:01.750
2026-08-04 16:11:58,079 INFO: Processing audio with duration 00:02.000
2026-08-04 16:12:02,662 INFO: Processing audio with duration 00:01.750
2026-08-04 16:12:05,370 INFO: Processing audio with duration 00:01.750
2026-08-04 16:12:08,405 INFO: Processing audio with duration 00:02.000
2026-08-04 16:12:11,127 INFO: Processing audio with duration 00:01.750
2026-08-04 16:12:14,180 INFO: Processing audio with duration 00:02.000
2026-08-04 16:12:17,187 INFO: Processing audio with duration 00:02.000
2026-08-04 16:12:20,142 INFO: Processing audio with duration 00:02.000
2026-08-04 16:12:23,062 INFO: Processing audio with duration 00:02.000
2026-08-04 16:12:26,011 INFO: Processing audio with duration 00:02.000
2026-08-04 16:12:28,781 INFO: Processing audio with duration 00:01.750
2026-08-04 16:12:34,017 INFO: Processing audio with duration 00:02.000
2026-08-04 16:12:36,781 INFO: Processing audio with duration 00:01.750
2026-08-04 16:12:39,513 INFO: Processing audio with duration 00:01.750
2026-08-04 16:12:42,264 INFO: Processing audio with duration 00:01.750
2026-08-04 16:12:47,093 INFO: Processing audio with duration 00:02.000
2026-08-04 16:12:49,813 INFO: Processing audio with duration 00:01.750
2026-08-04 16:12:52,499 INFO: Processing audio with duration 00:01.750
2026-08-04 16:12:55,203 INFO: Processing audio with duration 00:01.750
2026-08-04 16:12:57,950 INFO: Processing audio with duration 00:01.750
2026-08-04 16:13:00,857 INFO: Processing audio with duration 00:01.750
2026-08-04 16:13:03,582 INFO: Processing audio with duration 00:01.750
2026-08-04 16:13:06,690 INFO: Processing audio with duration 00:02.000
2026-08-04 16:13:09,686 INFO: Processing audio with duration 00:02.000
2026-08-04 16:13:12,711 INFO: Processing audio with duration 00:02.000
2026-08-04 16:13:15,696 INFO: Processing audio with duration 00:02.000
2026-08-04 16:13:18,702 INFO: Processing audio with duration 00:02.000
2026-08-04 16:13:21,463 INFO: Processing audio with duration 00:01.750
2026-08-04 16:13:24,483 INFO: Processing audio with duration 00:02.000
2026-08-04 16:13:27,162 INFO: Processing audio with duration 00:01.750
2026-08-04 16:13:29,853 INFO: Processing audio with duration 00:01.750
2026-08-04 16:13:32,556 INFO: Processing audio with duration 00:01.750
2026-08-04 16:13:35,218 INFO: Processing audio with duration 00:01.750
2026-08-04 16:13:38,175 INFO: Processing audio with duration 00:02.000
2026-08-04 16:13:41,169 INFO: Processing audio with duration 00:02.000
2026-08-04 16:13:43,905 INFO: Processing audio with duration 00:01.750
2026-08-04 16:13:46,887 INFO: Processing audio with duration 00:02.000
2026-08-04 16:13:49,600 INFO: Processing audio with duration 00:01.750
2026-08-04 16:13:52,542 INFO: Processing audio with duration 00:02.000
2026-08-04 16:13:55,531 INFO: Processing audio with duration 00:02.000
2026-08-04 16:13:58,287 INFO: Processing audio with duration 00:01.750
2026-08-04 16:14:00,982 INFO: Processing audio with duration 00:01.750
2026-08-04 16:14:03,962 INFO: Processing audio with duration 00:02.000
2026-08-04 16:14:06,944 INFO: Processing audio with duration 00:02.000
2026-08-04 16:14:09,647 INFO: Processing audio with duration 00:01.750
2026-08-04 16:14:12,665 INFO: Processing audio with duration 00:02.000
2026-08-04 16:14:15,731 INFO: Processing audio with duration 00:02.000
2026-08-04 16:14:18,962 INFO: Processing audio with duration 00:02.000
2026-08-04 16:14:21,953 INFO: Processing audio with duration 00:02.000
2026-08-04 16:14:24,893 INFO: Processing audio with duration 00:02.000
2026-08-04 16:14:27,581 INFO: Processing audio with duration 00:01.750
2026-08-04 16:14:30,297 INFO: Processing audio with duration 00:01.750
2026-08-04 16:14:33,270 INFO: Processing audio with duration 00:02.000
2026-08-04 16:14:36,234 INFO: Processing audio with duration 00:02.000
2026-08-04 16:14:42,720 INFO: Processing audio with duration 00:02.000
2026-08-04 16:14:45,616 INFO: Processing audio with duration 00:02.000
2026-08-04 16:14:48,322 INFO: Processing audio with duration 00:01.750
2026-08-04 16:14:51,318 INFO: Processing audio with duration 00:02.000
2026-08-04 16:14:53,983 INFO: Processing audio with duration 00:01.750
2026-08-04 16:14:56,960 INFO: Processing audio with duration 00:02.000
2026-08-04 16:14:59,645 INFO: Processing audio with duration 00:01.750
2026-08-04 16:15:04,663 INFO: Processing audio with duration 00:01.750
2026-08-04 16:15:07,330 INFO: Processing audio with duration 00:01.750
2026-08-04 16:15:10,326 INFO: Processing audio with duration 00:02.000
2026-08-04 16:15:13,268 INFO: Processing audio with duration 00:02.000
2026-08-04 16:15:16,003 INFO: Processing audio with duration 00:01.750
2026-08-04 16:15:18,985 INFO: Processing audio with duration 00:02.000
2026-08-04 16:15:21,674 INFO: Processing audio with duration 00:01.750
2026-08-04 16:15:24,345 INFO: Processing audio with duration 00:01.750
2026-08-04 16:15:27,307 INFO: Processing audio with duration 00:02.000
2026-08-04 16:15:30,046 INFO: Processing audio with duration 00:01.750
2026-08-04 16:15:32,980 INFO: Processing audio with duration 00:02.000
2026-08-04 16:15:35,930 INFO: Processing audio with duration 00:02.000
2026-08-04 16:15:38,577 INFO: Processing audio with duration 00:01.750
2026-08-04 16:15:41,504 INFO: Processing audio with duration 00:02.000
2026-08-04 16:15:44,185 INFO: Processing audio with duration 00:01.750
2026-08-04 16:15:46,879 INFO: Processing audio with duration 00:01.750
2026-08-04 16:15:49,780 INFO: Processing audio with duration 00:02.000
2026-08-04 16:15:54,403 INFO: Processing audio with duration 00:01.750
2026-08-04 16:15:57,295 INFO: Processing audio with duration 00:02.000
2026-08-04 16:16:00,210 INFO: Processing audio with duration 00:02.000
2026-08-04 16:16:02,915 INFO: Processing audio with duration 00:01.750
2026-08-04 16:16:05,764 INFO: Processing audio with duration 00:01.750
2026-08-04 16:16:09,114 INFO: Processing audio with duration 00:02.000
2026-08-04 16:16:12,610 INFO: Processing audio with duration 00:02.000
2026-08-04 16:16:16,107 INFO: Processing audio with duration 00:02.000
2026-08-04 16:16:19,838 INFO: Processing audio with duration 00:02.000
2026-08-04 16:16:22,797 INFO: Processing audio with duration 00:01.750
2026-08-04 16:16:25,546 INFO: Processing audio with duration 00:01.750
2026-08-04 16:16:28,550 INFO: Processing audio with duration 00:02.000
2026-08-04 16:16:31,517 INFO: Processing audio with duration 00:01.750
2026-08-04 16:16:34,505 INFO: Processing audio with duration 00:02.000
2026-08-04 16:16:37,246 INFO: Processing audio with duration 00:02.000
2026-08-04 16:16:39,784 INFO: Processing audio with duration 00:01.750
2026-08-04 16:16:42,264 INFO: Processing audio with duration 00:01.750
2026-08-04 16:16:44,988 INFO: Processing audio with duration 00:02.000
2026-08-04 16:16:47,761 INFO: Processing audio with duration 00:02.000
2026-08-04 16:16:50,508 INFO: Processing audio with duration 00:02.000
2026-08-04 16:16:53,018 INFO: Processing audio with duration 00:01.750
2026-08-04 16:16:55,500 INFO: Processing audio with duration 00:01.750
2026-08-04 16:16:58,213 INFO: Processing audio with duration 00:02.000
2026-08-04 16:17:00,706 INFO: Processing audio with duration 00:01.750
2026-08-04 16:17:03,161 INFO: Processing audio with duration 00:01.750
2026-08-04 16:17:05,924 INFO: Processing audio with duration 00:02.000
2026-08-04 16:17:08,638 INFO: Processing audio with duration 00:02.000
2026-08-04 16:17:11,145 INFO: Processing audio with duration 00:01.750
2026-08-04 16:17:13,590 INFO: Processing audio with duration 00:01.750
2026-08-04 16:17:16,343 INFO: Processing audio with duration 00:02.000
2026-08-04 16:17:18,868 INFO: Processing audio with duration 00:01.750
2026-08-04 16:17:21,368 INFO: Processing audio with duration 00:01.750
2026-08-04 16:17:24,115 INFO: Processing audio with duration 00:02.000
2026-08-04 16:17:26,846 INFO: Processing audio with duration 00:02.000
2026-08-04 16:17:29,545 INFO: Processing audio with duration 00:02.000
2026-08-04 16:17:32,083 INFO: Processing audio with duration 00:01.750
2026-08-04 16:17:34,818 INFO: Processing audio with duration 00:02.000
2026-08-04 16:17:37,308 INFO: Processing audio with duration 00:01.750
2026-08-04 16:17:39,778 INFO: Processing audio with duration 00:01.750
2026-08-04 16:17:42,260 INFO: Processing audio with duration 00:01.750
2026-08-04 16:17:44,748 INFO: Processing audio with duration 00:01.750
2026-08-04 16:17:47,208 INFO: Processing audio with duration 00:01.750
2026-08-04 16:17:49,673 INFO: Processing audio with duration 00:01.750
2026-08-04 16:17:52,434 INFO: Processing audio with duration 00:02.000
2026-08-04 16:17:55,158 INFO: Processing audio with duration 00:02.000
2026-08-04 16:17:57,642 INFO: Processing audio with duration 00:01.750
2026-08-04 16:18:01,880 INFO: Processing audio with duration 00:02.000
2026-08-04 16:18:04,379 INFO: Processing audio with duration 00:01.750
2026-08-04 16:18:05,078 INFO: Imported existing <module 'comtypes.gen' from 'C:\\Users\\kumar\\roha-ai\\.venv\\Lib\\site-packages\\comtypes\\gen\\__init__.py'>
2026-08-04 16:18:05,078 INFO: Using writeable comtypes cache directory: 'C:\Users\kumar\roha-ai\.venv\Lib\site-packages\comtypes\gen'
2026-08-04 16:18:05,192 INFO: TTS engine ready on worker thread
2026-08-04 16:18:05,193 INFO: TTS worker loop starting
2026-08-04 16:18:05,241 INFO: TTS initialized
2026-08-04 16:18:06,948 INFO: Processing audio with duration 00:01.750
2026-08-04 16:18:08,228 INFO: Starting Roha web app at http://127.0.0.1:8000
2026-08-04 16:18:08,348 INFO: 127.0.0.1 - "GET / HTTP/1.1" 200 -
2026-08-04 16:18:08,373 INFO: 127.0.0.1 - "GET /api/state HTTP/1.1" 200 -
2026-08-04 16:18:08,410 INFO: 127.0.0.1 - "GET /favicon.ico HTTP/1.1" 404 -
2026-08-04 16:18:09,444 INFO: Processing audio with duration 00:01.750
2026-08-04 16:18:10,452 INFO: 127.0.0.1 - "GET /api/state HTTP/1.1" 200 -
2026-08-04 16:18:12,178 INFO: Processing audio with duration 00:02.000
2026-08-04 16:18:12,386 INFO: 127.0.0.1 - "GET /api/state HTTP/1.1" 200 -
2026-08-04 16:18:12,475 INFO: 127.0.0.1 - "POST /api/reset HTTP/1.1" 200 -
2026-08-04 16:18:12,478 INFO: 127.0.0.1 - "GET /api/state HTTP/1.1" 200 -
2026-08-04 16:18:14,375 INFO: 127.0.0.1 - "GET /api/state HTTP/1.1" 200 -
2026-08-04 16:18:14,685 INFO: Processing audio with duration 00:01.750
2026-08-04 16:18:16,390 INFO: 127.0.0.1 - "GET /api/state HTTP/1.1" 200 -
2026-08-04 16:18:17,149 INFO: Processing audio with duration 00:01.750
2026-08-04 16:18:18,388 INFO: 127.0.0.1 - "GET /api/state HTTP/1.1" 200 -
2026-08-04 16:18:20,373 INFO: 127.0.0.1 - "GET /api/state HTTP/1.1" 200 -
2026-08-04 16:18:21,357 INFO: Processing audio with duration 00:02.000
2026-08-04 16:18:22,389 INFO: 127.0.0.1 - "GET /api/state HTTP/1.1" 200 -
2026-08-04 16:18:24,105 INFO: Processing audio with duration 00:02.000
2026-08-04 16:18:24,374 INFO: 127.0.0.1 - "GET /api/state HTTP/1.1" 200 -
2026-08-04 16:18:26,373 INFO: 127.0.0.1 - "GET /api/state HTTP/1.1" 200 -
2026-08-04 16:18:26,582 INFO: Processing audio with duration 00:01.750
2026-08-04 16:18:28,845 INFO: 127.0.0.1 - "GET /api/state HTTP/1.1" 200 -
2026-08-04 16:18:29,291 INFO: Processing audio with duration 00:02.000
2026-08-04 16:18:30,837 INFO: 127.0.0.1 - "GET /api/state HTTP/1.1" 200 -
2026-08-04 16:18:31,749 INFO: Processing audio with duration 00:01.750
2026-08-04 16:18:32,832 INFO: 127.0.0.1 - "GET /api/state HTTP/1.1" 200 -
2026-08-04 16:18:34,217 INFO: Processing audio with duration 00:01.750
2026-08-04 16:18:34,836 INFO: 127.0.0.1 - "GET /api/state HTTP/1.1" 200 -
2026-08-04 16:18:36,839 INFO: 127.0.0.1 - "GET /api/state HTTP/1.1" 200 -
2026-08-04 16:18:36,923 INFO: Processing audio with duration 00:02.000
2026-08-04 16:18:38,843 INFO: 127.0.0.1 - "GET /api/state HTTP/1.1" 200 -
2026-08-04 16:18:39,663 INFO: Processing audio with duration 00:02.000
2026-08-04 16:18:40,837 INFO: 127.0.0.1 - "GET /api/state HTTP/1.1" 200 -
2026-08-04 16:18:42,836 INFO: 127.0.0.1 - "GET /api/state HTTP/1.1" 200 -
2026-08-04 16:18:43,687 INFO: Processing audio with duration 00:01.750
2026-08-04 16:18:44,838 INFO: 127.0.0.1 - "GET /api/state HTTP/1.1" 200 -
2026-08-04 16:18:46,147 INFO: Processing audio with duration 00:01.750
2026-08-04 16:18:46,835 INFO: 127.0.0.1 - "GET /api/state HTTP/1.1" 200 -
2026-08-04 16:18:48,836 INFO: 127.0.0.1 - "GET /api/state HTTP/1.1" 200 -
2026-08-04 16:18:50,353 INFO: Processing audio with duration 00:02.000
2026-08-04 16:18:50,837 INFO: 127.0.0.1 - "GET /api/state HTTP/1.1" 200 -
2026-08-04 16:18:52,836 INFO: 127.0.0.1 - "GET /api/state HTTP/1.1" 200 -
2026-08-04 16:18:52,972 INFO: Processing audio with duration 00:01.750
2026-08-04 16:18:54,837 INFO: 127.0.0.1 - "GET /api/state HTTP/1.1" 200 -
2026-08-04 16:18:55,492 INFO: Processing audio with duration 00:01.750
2026-08-04 16:18:56,836 INFO: 127.0.0.1 - "GET /api/state HTTP/1.1" 200 -
2026-08-04 16:18:58,272 INFO: Processing audio with duration 00:02.000
2026-08-04 16:18:58,835 INFO: 127.0.0.1 - "GET /api/state HTTP/1.1" 200 -
2026-08-04 16:19:00,785 INFO: Processing audio with duration 00:01.750
2026-08-04 16:19:00,835 INFO: 127.0.0.1 - "GET /api/state HTTP/1.1" 200 -
2026-08-04 16:19:02,836 INFO: 127.0.0.1 - "GET /api/state HTTP/1.1" 200 -
2026-08-04 16:19:03,507 INFO: Processing audio with duration 00:02.000
2026-08-04 16:19:04,836 INFO: 127.0.0.1 - "GET /api/state HTTP/1.1" 200 -
2026-08-04 16:19:06,262 INFO: Processing audio with duration 00:02.000
2026-08-04 16:19:06,850 INFO: 127.0.0.1 - "GET /api/state HTTP/1.1" 200 -
2026-08-04 16:19:08,722 INFO: Processing audio with duration 00:01.750
2026-08-04 16:19:08,834 INFO: 127.0.0.1 - "GET /api/state HTTP/1.1" 200 -
2026-08-04 16:19:10,834 INFO: 127.0.0.1 - "GET /api/state HTTP/1.1" 200 -
2026-08-04 16:19:11,426 INFO: Processing audio with duration 00:02.000
2026-08-04 16:19:12,834 INFO: 127.0.0.1 - "GET /api/state HTTP/1.1" 200 -
2026-08-04 16:19:14,158 INFO: Processing audio with duration 00:02.000
2026-08-04 16:19:14,402 INFO: 127.0.0.1 - "GET /api/state HTTP/1.1" 200 -
2026-08-04 16:19:16,372 INFO: 127.0.0.1 - "GET /api/state HTTP/1.1" 200 -
2026-08-04 16:19:16,880 INFO: Processing audio with duration 00:02.000
2026-08-04 16:19:18,385 INFO: 127.0.0.1 - "GET /api/state HTTP/1.1" 200 -
2026-08-04 16:19:19,392 INFO: Processing audio with duration 00:01.750
2026-08-04 16:19:20,383 INFO: 127.0.0.1 - "GET /api/state HTTP/1.1" 200 -
2026-08-04 16:19:21,878 INFO: Processing audio with duration 00:01.750
2026-08-04 16:19:24,749 INFO: Processing audio with duration 00:02.000
2026-08-04 16:19:26,962 INFO: HTTP Request: POST http://127.0.0.1:11434/api/chat "HTTP/1.1 200 OK"
2026-08-04 16:19:26,962 INFO: Model call latency: 6.38s (attempt 1)
2026-08-04 16:19:26,982 INFO: 127.0.0.1 - "POST /api/chat HTTP/1.1" 200 -
2026-08-04 16:19:26,982 INFO: 127.0.0.1 - "GET /api/state HTTP/1.1" 200 -
2026-08-04 16:19:26,985 INFO: 127.0.0.1 - "GET /api/state HTTP/1.1" 200 -
2026-08-04 16:19:26,988 INFO: 127.0.0.1 - "GET /api/state HTTP/1.1" 200 -
2026-08-04 16:19:26,991 INFO: 127.0.0.1 - "GET /api/state HTTP/1.1" 200 -
2026-08-04 16:19:28,383 INFO: 127.0.0.1 - "GET /api/state HTTP/1.1" 200 -
2026-08-04 16:19:29,672 INFO: Processing audio with duration 00:03.500
2026-08-04 16:19:30,382 INFO: 127.0.0.1 - "GET /api/state HTTP/1.1" 200 -
2026-08-04 16:19:32,381 INFO: 127.0.0.1 - "GET /api/state HTTP/1.1" 200 -
2026-08-04 16:19:33,514 INFO: Processing audio with duration 00:02.000
2026-08-04 16:19:34,381 INFO: 127.0.0.1 - "GET /api/state HTTP/1.1" 200 -
2026-08-04 16:19:36,272 INFO: Processing audio with duration 00:02.000
2026-08-04 16:19:36,381 INFO: 127.0.0.1 - "GET /api/state HTTP/1.1" 200 -
2026-08-04 16:19:38,382 INFO: 127.0.0.1 - "GET /api/state HTTP/1.1" 200 -
2026-08-04 16:19:39,002 INFO: Processing audio with duration 00:02.000
2026-08-04 16:19:40,381 INFO: 127.0.0.1 - "GET /api/state HTTP/1.1" 200 -
2026-08-04 16:19:41,581 INFO: 127.0.0.1 - "GET /api/state HTTP/1.1" 200 -
2026-08-04 16:19:41,752 INFO: Processing audio with duration 00:02.000
2026-08-04 16:19:42,379 INFO: 127.0.0.1 - "GET /api/state HTTP/1.1" 200 -
2026-08-04 16:19:44,375 INFO: 127.0.0.1 - "GET /api/state HTTP/1.1" 200 -
2026-08-04 16:19:44,450 INFO: Processing audio with duration 00:02.000
2026-08-04 16:19:46,372 INFO: 127.0.0.1 - "GET /api/state HTTP/1.1" 200 -
2026-08-04 16:19:47,152 INFO: Processing audio with duration 00:02.000
2026-08-04 16:19:48,379 INFO: 127.0.0.1 - "GET /api/state HTTP/1.1" 200 -
2026-08-04 16:19:49,614 INFO: Processing audio with duration 00:01.750
2026-08-04 16:19:51,462 INFO: HTTP Request: POST http://127.0.0.1:11434/api/chat "HTTP/1.1 200 OK"
2026-08-04 16:19:51,463 INFO: Model call latency: 2.68s (attempt 1)
2026-08-04 16:19:51,481 INFO: TTS enqueued 132 chars (queue size=1)
2026-08-04 16:19:51,481 INFO: 127.0.0.1 - "GET /api/state HTTP/1.1" 200 -
2026-08-04 16:19:51,488 INFO: TTS speaking (chars=132)
2026-08-04 16:19:52,379 INFO: 127.0.0.1 - "GET /api/state HTTP/1.1" 200 -
2026-08-04 16:19:52,934 INFO: Processing audio with duration 00:02.000
2026-08-04 16:19:54,378 INFO: 127.0.0.1 - "GET /api/state HTTP/1.1" 200 -
2026-08-04 16:19:55,614 INFO: Processing audio with duration 00:02.000
2026-08-04 16:19:56,378 INFO: 127.0.0.1 - "GET /api/state HTTP/1.1" 200 -
2026-08-04 16:19:58,011 INFO: Processing audio with duration 00:01.750
2026-08-04 16:19:58,378 INFO: 127.0.0.1 - "GET /api/state HTTP/1.1" 200 -
2026-08-04 16:19:58,666 INFO: TTS finished speaking
2026-08-04 16:19:58,668 INFO: TTS status after enqueue: {'enabled': True, 'engine': False, 'worker_alive': True, 'queue_size': 0}
2026-08-04 16:19:58,668 INFO: 127.0.0.1 - "POST /api/chat HTTP/1.1" 200 -
2026-08-04 16:20:00,377 INFO: 127.0.0.1 - "GET /api/state HTTP/1.1" 200 -
2026-08-04 16:20:01,482 INFO: Processing audio with duration 00:02.750
2026-08-04 16:20:02,378 INFO: 127.0.0.1 - "GET /api/state HTTP/1.1" 200 -
2026-08-04 16:20:04,378 INFO: 127.0.0.1 - "GET /api/state HTTP/1.1" 200 -
2026-08-04 16:20:04,767 INFO: Processing audio with duration 00:01.750
2026-08-04 16:20:06,063 INFO: 127.0.0.1 - "GET /api/state HTTP/1.1" 200 -
2026-08-04 16:20:06,378 INFO: 127.0.0.1 - "GET /api/state HTTP/1.1" 200 -
2026-08-04 16:20:07,512 INFO: Processing audio with duration 00:02.000
2026-08-04 16:20:08,377 INFO: 127.0.0.1 - "GET /api/state HTTP/1.1" 200 -
2026-08-04 16:20:09,976 INFO: Processing audio with duration 00:01.750
2026-08-04 16:20:10,377 INFO: 127.0.0.1 - "GET /api/state HTTP/1.1" 200 -
2026-08-04 16:20:11,215 INFO: 127.0.0.1 - "GET /api/state HTTP/1.1" 200 -
2026-08-04 16:20:12,375 INFO: 127.0.0.1 - "GET /api/state HTTP/1.1" 200 -
2026-08-04 16:20:14,377 INFO: 127.0.0.1 - "GET /api/state HTTP/1.1" 200 -
2026-08-04 16:20:16,008 INFO: Processing audio with duration 00:03.500
2026-08-04 16:20:18,912 INFO: HTTP Request: POST http://127.0.0.1:11434/api/chat "HTTP/1.1 200 OK"
2026-08-04 16:20:18,912 INFO: Model call latency: 3.80s (attempt 1)
2026-08-04 16:20:18,928 INFO: TTS enqueued 251 chars (queue size=1)
2026-08-04 16:20:18,928 INFO: 127.0.0.1 - "GET /api/state HTTP/1.1" 200 -
2026-08-04 16:20:18,930 INFO: 127.0.0.1 - "GET /api/state HTTP/1.1" 200 -
2026-08-04 16:20:18,989 INFO: TTS speaking (chars=251)
2026-08-04 16:20:19,458 INFO: Processing audio with duration 00:02.000
2026-08-04 16:20:20,375 INFO: 127.0.0.1 - "GET /api/state HTTP/1.1" 200 -
2026-08-04 16:20:22,040 INFO: Processing audio with duration 00:01.750
2026-08-04 16:20:22,375 INFO: 127.0.0.1 - "GET /api/state HTTP/1.1" 200 -
2026-08-04 16:20:24,374 INFO: 127.0.0.1 - "GET /api/state HTTP/1.1" 200 -
2026-08-04 16:20:24,706 INFO: Processing audio with duration 00:02.000
2026-08-04 16:20:26,388 INFO: 127.0.0.1 - "GET /api/state HTTP/1.1" 200 -
2026-08-04 16:20:27,554 INFO: Processing audio with duration 00:02.000
2026-08-04 16:20:28,382 INFO: 127.0.0.1 - "GET /api/state HTTP/1.1" 200 -
2026-08-04 16:20:30,016 INFO: Processing audio with duration 00:01.750
2026-08-04 16:20:30,384 INFO: 127.0.0.1 - "GET /api/state HTTP/1.1" 200 -
2026-08-04 16:20:32,387 INFO: 127.0.0.1 - "GET /api/state HTTP/1.1" 200 -
2026-08-04 16:20:32,480 INFO: Processing audio with duration 00:01.750
2026-08-04 16:20:33,287 INFO: TTS finished speaking
2026-08-04 16:20:33,290 INFO: TTS status after enqueue: {'enabled': True, 'engine': False, 'worker_alive': True, 'queue_size': 0}
2026-08-04 16:20:33,290 INFO: 127.0.0.1 - "POST /api/chat HTTP/1.1" 200 -
2026-08-04 16:20:34,384 INFO: 127.0.0.1 - "GET /api/state HTTP/1.1" 200 -
2026-08-04 16:20:36,383 INFO: 127.0.0.1 - "GET /api/state HTTP/1.1" 200 -
2026-08-04 16:20:36,595 INFO: Processing audio with duration 00:01.750
2026-08-04 16:20:38,387 INFO: 127.0.0.1 - "GET /api/state HTTP/1.1" 200 -
2026-08-04 16:20:39,051 INFO: Processing audio with duration 00:01.750
2026-08-04 16:20:40,109 INFO: 127.0.0.1 - "GET /api/state HTTP/1.1" 200 -
2026-08-04 16:20:40,379 INFO: 127.0.0.1 - "GET /api/state HTTP/1.1" 200 -
2026-08-04 16:20:40,867 INFO: 127.0.0.1 - "GET /api/state HTTP/1.1" 200 -
2026-08-04 16:20:41,528 INFO: Processing audio with duration 00:01.750
2026-08-04 16:20:42,302 INFO: 127.0.0.1 - "POST /api/reset HTTP/1.1" 200 -
2026-08-04 16:20:42,303 INFO: 127.0.0.1 - "GET /api/state HTTP/1.1" 200 -
2026-08-04 16:20:42,389 INFO: 127.0.0.1 - "GET /api/state HTTP/1.1" 200 -
2026-08-04 16:20:44,382 INFO: 127.0.0.1 - "GET /api/state HTTP/1.1" 200 -
2026-08-04 16:20:45,018 INFO: Processing audio with duration 00:02.750
2026-08-04 16:20:47,797 INFO: Processing audio with duration 00:02.000
2026-08-04 16:20:50,287 INFO: Processing audio with duration 00:01.750
2026-08-04 16:20:52,732 INFO: Processing audio with duration 00:01.750
2026-08-04 16:20:55,449 INFO: Processing audio with duration 00:02.000
2026-08-04 16:20:59,416 INFO: Processing audio with duration 00:03.250
2026-08-04 16:21:05,773 INFO: Processing audio with duration 00:03.500
2026-08-04 16:21:08,202 INFO: Processing audio with duration 00:01.750
2026-08-04 16:21:12,248 INFO: Processing audio with duration 00:02.000
2026-08-04 16:21:14,956 INFO: Processing audio with duration 00:02.000
2026-08-04 16:21:17,442 INFO: Processing audio with duration 00:01.750
2026-08-04 16:21:20,222 INFO: Processing audio with duration 00:02.000
2026-08-04 16:21:22,680 INFO: Processing audio with duration 00:01.750
2026-08-04 16:21:25,145 INFO: Processing audio with duration 00:01.750
2026-08-04 16:21:25,834 INFO: TTS worker received shutdown signal
2026-08-04 16:21:25,837 INFO: TTS shut down
2026-08-04 16:21:25,837 INFO: TTS shut down
